fighter_A_KD,fighter_B_KD,fighter_A_SIG_STR%,fighter_B_SIG_STR%,fighter_A_TD%,fighter_B_TD%,fighter_A_SUB_ATT,fighter_B_SUB_ATT,fighter_A_REV,fighter_B_REV,fighter_B_ctr_time,fighter_A_ctr_time,fighter_A_CTRL_minutes,fighter_A_CTRL_seconds,fighter_B_CTRL_minutes,fighter_B_CTRL_seconds,fighter_A_SIG_STR_landed,fighter_A_SIG_STR_attempted,fighter_B_SIG_STR_landed,fighter_B_SIG_attempted,fighter_A_TOTAL_STR_landed,fighter_A_TOTAL_STR_attempted,fighter_B_TOTAL_STR_landed,fighter_B_TOTAL_STR_attempted,fighter_A_TD_made,fighter_A_TD_attempted,fighter_B_TD_made,fighter_B_TD_attempted,delta_KD,delta_SIG_STR%,delta_TD%,delta_SUB_ATT,delta_REV,delta_ctr_time,delta_CTRL_minutes,delta_CTRL_seconds,delta_SIG_STR_landed,delta_TOTAL_STR_landed,delta_TOTAL_STR_attempted,delta_TD_made,delta_TD_attempted,True_Winner,Predicted_Winner
0,0,0.52,0.48,0.3,0.0,0,0,0,0,0,496,8,16,0,0,75,142,48,99,95,166,54,105,4,13,0,0,0,0.03999999,0.3,0,0,496,8,16,27,41,61,4,13,TATIANA SUAREZ,KAMARU USMAN
1,0,0.54,0.38,0.6,0.0,2,0,0,0,90,458,7,38,1,30,59,109,23,59,87,144,40,77,3,5,0,2,1,0.16000003,0.6,2,0,368,6,8,36,47,67,3,3,LERONE MURPHY,ALEXANDRE PANTOJA
0,1,0.55,0.31,0.0,0.0,0,0,0,0,7,106,1,46,0,7,84,152,60,193,110,182,64,197,0,1,0,1,-1,0.24000001,0.0,0,0,99,1,39,24,46,-15,0,0,JOHN MAKDESSI,EDSON BARBOZA
0,0,0.48,0.44,0.66,0.3,0,0,0,0,182,73,1,13,3,2,176,365,63,142,183,374,78,159,2,3,3,10,0,0.03999999,0.36,0,0,-109,-2,11,113,105,215,-1,-7,ROB FONT,JOANNA JEDRZEJCZYK
0,0,0.6,0.64,0.0,0.28,0,3,0,0,323,379,6,19,5,23,48,79,43,67,55,88,74,100,0,0,2,7,0,-0.03999996,-0.28,-3,0,56,1,-4,5,-19,-12,-2,-7,CHARLES OLIVEIRA,TREVIN GILES
0,0,0.45,0.5,0.5,0.0,1,0,0,0,0,66,1,6,0,0,14,31,15,30,17,39,15,30,2,4,0,0,0,-0.050000012,0.5,1,0,66,1,6,-1,2,9,2,4,ION CUTELABA,GILBERT BURNS
1,0,0.34,0.77,1.0,0.66,1,0,1,0,100,62,1,2,1,40,8,23,7,9,8,23,15,17,1,1,2,3,1,-0.42999998,0.33999997,1,1,-38,0,-38,1,-7,6,-1,-2,LUIS PENA,MALCOLM GORDON
0,0,0.3,0.51,0.33,0.0,0,0,0,0,0,110,1,50,0,0,42,139,53,103,47,145,62,112,2,6,0,3,0,-0.20999998,0.33,0,0,110,1,50,-11,-15,33,2,3,JORDAN JOHNSON,BEN SAUNDERS
0,0,0.57,0.53,0.0,0.55,0,0,0,0,511,36,0,36,8,31,32,56,55,102,43,70,215,274,0,0,5,9,0,0.04000002,-0.55,0,0,-475,-8,5,-23,-172,-204,-5,-9,MERAB DVALISHVILI,SEAN BRADY
0,0,0.33,0.6,0.0,1.0,1,2,0,0,331,4,0,4,5,31,1,3,6,10,44,47,21,25,0,1,2,2,0,-0.27,-1.0,-1,0,-327,-5,-27,-5,23,22,-2,-1,EUGENE JACKSON,NATE LOUGHRAN
0,0,0.66,0.0,1.0,0.0,3,0,1,0,0,0,0,0,0,0,2,3,0,0,14,15,0,0,1,1,0,1,0,0.66,1.0,3,1,0,0,0,2,14,15,1,0,FRANK HAMAKER,JERRY BOHLANDER
0,0,0.77,0.4,1.0,0.0,0,0,0,0,0,0,0,0,0,0,46,59,2,5,82,98,24,30,1,1,0,6,0,0.36999997,1.0,0,0,0,0,0,44,58,68,1,-5,DON FRYE,MARK COLEMAN
0,0,0.27,0.28,1.0,0.0,0,1,0,0,1,18,0,18,0,1,3,11,2,7,3,11,2,7,1,1,0,0,0,-0.00999999,1.0,-1,0,17,0,17,1,1,4,1,1,THIAGO TAVARES,VIKTORIIA DUDAKOVA
0,0,0.55,0.43,0.18,0.0,0,0,0,0,0,432,7,12,0,0,59,106,58,133,176,239,70,145,2,11,0,0,0,0.120000005,0.18,0,0,432,7,12,1,106,94,2,11,JORDAN JOHNSON,ENRIQUE BARZOLA
0,0,0.35,0.42,0.0,0.09,0,0,0,0,300,7,0,7,5,0,75,213,51,120,77,215,81,152,0,0,2,22,0,-0.06999999,-0.09,0,0,-293,-5,7,24,-4,63,-2,-22,RORY MACDONALD,BRYAN BARBERENA
0,0,0.58,0.37,0.0,1.0,0,2,0,0,73,252,4,12,1,13,66,113,9,24,104,159,13,29,0,0,1,1,0,0.20999998,-1.0,-2,0,179,3,-1,57,91,130,-1,-1,CORY SANDHAGEN,PAUL KELLY
0,0,0.38,0.58,0.5,0.33,0,1,0,1,423,89,1,29,7,3,37,95,60,102,78,142,86,130,1,2,2,6,0,-0.19999999,0.16999999,-1,-1,-334,-6,26,-23,-8,12,-1,-4,TALITA BERNARDO,IVAN JORGE
0,1,0.68,0.64,0.0,0.0,0,0,0,0,104,0,0,0,1,44,13,19,27,42,13,19,48,63,0,1,0,0,-1,0.04000002,0.0,0,0,-104,-1,-44,-14,-35,-44,0,1,TAI TUIVASA,JAI HERBERT
0,0,0.0,0.6,0.0,1.0,0,1,1,0,34,43,0,43,0,34,0,4,3,5,9,18,8,11,0,0,1,1,0,-0.6,-1.0,-1,1,9,0,9,-3,1,7,-1,-1,SERGHEI SPIVAC,MARK HALL
0,1,0.27,0.44,0.22,0.28,4,0,0,0,447,167,2,47,7,27,11,40,40,89,35,65,102,158,2,9,2,7,-1,-0.16999999,-0.060000002,4,0,-280,-5,20,-29,-67,-93,0,2,BENSON HENDERSON,DUSTIN ORTIZ
1,0,0.48,0.5,0.0,0.5,0,1,0,0,73,5,0,5,1,13,106,219,103,206,116,230,107,210,0,0,3,6,1,-0.02000001,-0.5,-1,0,-68,-1,-8,3,9,20,-3,-6,JULIAN EROSA,BASSIL HAFEZ
1,0,0.28,0.51,0.0,0.0,0,0,0,0,11,9,0,9,0,11,34,121,73,142,34,121,75,145,0,1,0,1,1,-0.22999999,0.0,0,0,-2,0,-2,-39,-41,-24,0,0,DREW DOBER,ZARRUKH ADASHEV
1,0,0.75,0.42,0.28,0.0,0,0,0,0,0,188,3,8,0,0,9,12,14,33,14,17,23,42,2,7,0,0,1,0.33,0.28,0,0,188,3,8,-5,-9,-25,2,7,MURILO BUSTAMANTE,SEAN SHERK
0,0,0.26,0.41,0.0,0.8,0,0,0,0,349,0,0,0,5,49,19,72,42,102,43,100,93,156,0,2,4,5,0,-0.15,-0.8,0,0,-349,-5,-49,-23,-50,-56,-4,-3,RUSTAM KHABILOV,JACOBE SMITH
2,0,0.37,0.34,0.66,0.0,0,0,0,0,28,174,2,54,0,28,56,151,64,184,80,176,65,185,2,3,0,3,2,0.030000001,0.66,0,0,146,2,26,-8,15,-9,2,0,QUINTON JACKSON,JIMMIE RIVERA
1,0,0.45,0.28,1.0,0.0,0,0,0,0,6,15,0,15,0,6,16,35,7,25,18,37,7,25,1,1,0,2,1,0.16999999,1.0,0,0,9,0,9,9,11,12,1,-1,MIRKO FILIPOVIC,JONATHAN BROOKINS
0,0,0.35,0.36,0.0,0.0,0,0,0,0,3,7,0,7,0,3,59,166,73,198,73,180,91,216,0,1,0,0,0,-0.01000002,0.0,0,0,4,0,4,-14,-18,-36,0,1,MARCUS DAVIS,JONATHAN MARTINEZ
1,0,0.84,0.0,0.0,0.0,0,0,0,0,0,1,0,1,0,0,11,13,0,0,11,13,0,0,0,0,0,0,1,0.84,0.0,0,0,1,0,1,11,11,13,0,0,CHRIS CAMOZZI,ANTHONY JOHNSON
1,0,0.47,0.35,1.0,0.5,0,0,0,0,8,235,3,55,0,8,25,53,11,31,39,68,20,40,2,2,1,2,1,0.120000005,0.5,0,0,227,3,47,14,19,28,1,0,YAIR RODRIGUEZ,DANIEL TEYMUR
1,0,0.56,0.5,0.0,0.0,0,0,0,0,24,117,1,57,0,24,36,64,9,18,36,64,11,20,0,2,0,1,1,0.060000002,0.0,0,0,93,1,33,27,25,44,0,1,BENEIL DARIUSH,NEIL MAGNY
0,0,0.76,0.77,1.0,0.2,1,0,0,0,361,162,2,42,6,1,13,17,27,35,46,51,78,99,2,2,1,5,0,-0.00999999,0.8,1,0,-199,-4,41,-14,-32,-48,1,-3,VALENTINA SHEVCHENKO,MALCOLM GORDON
0,1,0.33,0.81,0.0,0.0,0,0,0,0,7,0,0,0,0,7,1,3,13,16,1,3,13,16,0,1,0,0,-1,-0.48,0.0,0,0,-7,0,-7,-12,-12,-13,0,1,DOMINICK REYES,FRANK MIR
0,0,0.37,0.25,1.0,0.5,1,0,0,0,49,12,0,12,0,49,53,140,55,213,55,142,57,216,1,1,1,2,0,0.120000005,0.5,1,0,-37,0,-37,-2,-2,-74,0,-1,ASHLEE EVANS-SMITH,LAUREANO STAROPOLI
0,2,0.23,0.51,0.16,1.0,0,1,0,0,52,115,1,55,0,52,29,124,56,109,33,128,70,126,1,6,1,1,-2,-0.27999997,-0.84000003,-1,0,63,1,3,-27,-37,2,0,5,JENEL LAUSA,DIEGO SANCHEZ
0,0,0.32,0.51,0.0,0.33,0,0,0,0,188,19,0,19,3,8,89,276,94,183,95,287,155,274,0,0,1,3,0,-0.19,-0.33,0,0,-169,-3,11,-5,-60,13,-1,-3,MARCIN TYBURA,SAM HUGHES
0,0,0.52,0.33,0.0,0.0,0,0,0,0,0,20,0,20,0,0,11,21,7,21,11,21,7,21,0,1,0,1,0,0.18999997,0.0,0,0,20,0,20,4,4,0,0,0,NICOLAE NEGUMEREANU,VITOR BELFORT
0,0,0.56,0.53,0.4,0.0,1,0,0,0,63,318,5,18,1,3,37,65,31,58,41,69,38,66,2,5,0,0,0,0.030000031,0.4,1,0,255,4,15,6,3,3,2,5,BENEIL DARIUSH,CAIO BORRALHO
1,0,0.28,0.54,1.0,0.0,1,0,0,0,39,325,5,25,0,39,10,35,17,31,75,108,29,43,1,1,0,1,1,-0.26000002,1.0,1,0,286,5,-14,-7,46,65,1,0,MIKE SWICK,JOHN LEWIS
0,0,0.26,0.53,0.0,0.55,0,0,0,0,661,0,0,0,11,1,10,38,38,71,16,45,173,221,0,0,5,9,0,-0.26999998,-0.55,0,0,-661,-11,-1,-28,-157,-176,-5,-9,ENRIQUE BARZOLA,MYLES JURY
0,0,0.48,0.55,0.4,0.0,2,0,0,0,112,449,7,29,1,52,19,39,21,38,65,101,52,74,2,5,0,0,0,-0.07000002,0.4,2,0,337,6,-23,-2,13,27,2,5,IAN MACHADO GARRY,MIRKO FILIPOVIC
0,0,0.42,0.63,0.12,0.0,1,1,0,0,127,361,6,1,2,7,18,42,46,73,24,50,72,100,1,8,0,0,0,-0.21000001,0.12,0,0,234,4,-6,-28,-48,-50,1,8,RASHID MAGOMEDOV,LUIS HENRIQUE
0,0,0.31,0.75,0.0,0.5,0,0,0,0,198,252,4,12,3,18,15,47,74,98,26,60,132,159,0,19,1,2,0,-0.44,-0.5,0,0,54,1,-6,-59,-106,-99,-1,17,KRZYSZTOF JOTKO,ALEKSEI KUNCHENKO
0,0,0.67,0.33,1.0,0.0,0,0,0,0,0,86,1,26,0,0,27,40,1,3,34,47,3,5,1,1,0,0,0,0.34,1.0,0,0,86,1,26,26,31,42,1,1,CHRIS LEBEN,CAIN VELASQUEZ
0,1,0.0,0.77,0.0,0.0,0,0,0,0,0,0,0,0,0,0,0,3,7,9,0,3,7,9,0,0,0,0,-1,-0.77,0.0,0,0,0,0,0,-7,-7,-6,0,0,MARLON MORAES,PHIL HAWES
0,0,0.84,0.2,0.0,0.0,0,1,0,0,0,0,0,0,0,0,11,13,1,5,13,15,1,5,0,0,0,0,0,0.64,0.0,-1,0,0,0,0,10,12,10,0,0,JACK NILSON,MIKE SWICK
0,0,0.42,0.29,0.0,0.33,0,0,0,0,48,15,0,15,0,48,39,91,11,37,42,94,11,37,0,0,2,6,0,0.13,-0.33,0,0,-33,0,-33,28,31,57,-2,-6,ALEJANDRO PEREZ,MARTIN BRAVO
0,0,0.52,0.37,0.0,0.22,0,2,1,0,162,468,7,48,2,42,77,148,16,43,106,181,35,63,0,0,2,9,0,0.14999998,-0.22,-2,1,306,5,6,61,71,118,-2,-9,DUSTIN POIRIER,CHIDI NJOKUANI
1,0,1.0,0.25,0.0,0.0,0,0,0,0,0,0,0,0,0,0,5,5,1,4,5,5,1,4,0,0,0,0,1,0.75,0.0,0,0,0,0,0,4,4,1,0,0,NORDINE TALEB,GERMAINE DE RANDAMIE
0,0,0.5,0.53,0.0,0.0,0,0,0,0,15,0,0,0,0,15,36,72,68,128,37,73,68,128,0,0,0,0,0,-0.029999971,0.0,0,0,-15,0,-15,-32,-31,-55,0,0,JAMAHAL HILL,ANDREI ARLOVSKI
0,1,0.5,0.36,0.0,0.0,0,0,0,0,4,0,0,0,0,4,19,38,25,68,19,38,25,68,0,0,0,0,-1,0.13999999,0.0,0,0,-4,0,-4,-6,-6,-30,0,0,NC,ALEX PEREZ
0,1,0.25,0.73,1.0,0.0,0,0,0,0,4,12,0,12,0,4,17,66,42,57,17,66,44,59,1,1,0,0,-1,-0.48000002,1.0,0,0,8,0,8,-25,-27,7,1,1,JOHN CASTANEDA,KARINE SILVA
0,1,0.28,0.5,1.0,1.0,1,0,0,0,82,55,0,55,1,22,21,74,36,71,40,94,44,79,1,1,1,1,-1,-0.22,0.0,1,0,-27,-1,33,-15,-4,15,0,0,JOSH THOMSON,JAFEL FILHO
0,0,0.44,0.53,1.0,0.4,4,1,1,0,83,724,12,4,1,23,19,43,8,15,70,102,22,30,4,4,2,5,0,-0.089999974,0.6,3,1,641,11,-19,11,48,72,2,-1,MATT LINDLAND,ASU ALMABAYEV
0,0,0.34,0.32,0.0,0.0,0,0,0,0,24,20,0,20,0,24,78,224,63,191,80,226,66,196,0,5,0,3,0,0.02000001,0.0,0,0,-4,0,-4,15,14,30,0,2,KYOJI HORIGUCHI,KATLYN CERMINARA
0,0,0.39,0.46,0.4,0.0,0,0,0,0,39,147,2,27,0,39,68,171,69,149,93,203,72,152,2,5,0,1,0,-0.07000002,0.4,0,0,108,2,-12,-1,21,51,2,4,KETLEN VIEIRA,BETHE CORREIA
0,0,0.71,0.11,0.0,0.0,1,2,0,0,0,49,0,49,0,0,10,14,1,9,12,17,1,9,0,0,0,1,0,0.59999996,0.0,-1,0,49,0,49,9,11,8,0,-1,PAT SABATINI,OTTMAN AZAITAR
0,0,0.0,0.5,0.0,0.0,0,0,0,0,0,0,0,0,0,0,0,0,1,2,0,0,1,2,0,0,0,0,0,-0.5,0.0,0,0,0,0,0,-1,-1,-2,0,0,URIAH HALL,DON FRYE
1,0,0.65,0.47,0.0,0.0,0,0,0,0,0,2,0,2,0,0,19,29,18,38,19,29,18,38,0,0,0,0,1,0.17999998,0.0,0,0,2,0,2,1,1,-9,0,0,MANEL KAPE,DUSTIN JACOBY
0,0,0.3,0.44,0.0,0.33,0,0,0,0,18,0,0,0,0,18,25,81,47,105,25,81,47,105,0,0,1,3,0,-0.13999999,-0.33,0,0,-18,0,-18,-22,-22,-24,-1,-3,JORDAN ESPINOSA,BILLY ELEKANA
0,0,0.75,0.22,1.0,0.0,1,0,0,0,0,77,1,17,0,0,6,8,2,9,16,19,2,9,1,1,0,0,0,0.53,1.0,1,0,77,1,17,4,14,10,1,1,GABRIEL GONZAGA,JOSHUA BURKMAN
0,0,0.81,0.83,1.0,0.33,0,0,0,1,111,108,1,48,1,51,22,27,5,6,26,31,23,24,1,1,1,3,0,-0.01999998,0.66999996,0,-1,-3,0,-3,17,3,7,0,-2,DERRICK LEWIS,BILL ALGEO
0,0,0.38,0.29,0.11,0.0,0,0,0,0,0,361,6,1,0,0,26,67,38,128,63,110,65,157,1,9,0,1,0,0.09,0.11,0,0,361,6,1,-12,-2,-47,1,8,NATALIA SILVA,EDIMILSON SOUZA
1,0,0.44,0.5,0.8,0.0,0,0,0,0,0,163,2,43,0,0,27,61,3,6,37,72,3,6,4,5,0,1,1,-0.060000002,0.8,0,0,163,2,43,24,34,66,4,4,TOMASZ DRWAL,JAKE O'BRIEN
0,1,0.33,0.25,0.5,0.0,0,1,0,0,430,0,0,0,7,10,31,92,20,78,109,172,23,82,1,2,0,1,-1,0.08000001,0.5,-1,0,-430,-7,-10,11,86,90,1,1,ERIK PEREZ,DENNIS BERMUDEZ
0,0,0.5,0.5,1.0,0.0,1,0,1,1,36,164,2,44,0,36,13,26,5,10,22,36,7,12,1,1,0,0,0,0.0,1.0,1,0,128,2,8,8,15,24,1,1,KENDALL GROVE,RANDA MARKOS
0,0,0.56,0.66,0.0,1.0,0,1,0,0,17,0,0,0,0,17,9,16,6,9,9,16,6,9,0,0,1,1,0,-0.100000024,-1.0,-1,0,-17,0,-17,3,3,7,-1,-1,JULIJA STOLIARENKO,JULIJA STOLIARENKO
0,0,0.34,0.26,0.5,0.0,3,0,0,1,14,519,8,39,0,14,16,47,19,71,51,89,44,107,2,4,0,1,0,0.08000001,0.5,3,-1,505,8,25,-3,7,-18,2,3,JACARE SOUZA,ROMAN DOLIDZE
1,0,0.37,0.29,0.0,0.33,0,0,0,0,56,0,0,0,0,56,19,51,7,24,27,59,7,24,0,0,1,3,1,0.08000001,-0.33,0,0,-56,0,-56,12,20,35,-1,-3,CHUCK LIDDELL,EDDIE SANCHEZ
0,1,0.45,0.57,0.25,0.33,0,0,0,1,396,185,3,5,6,36,27,60,51,88,39,73,111,154,1,4,2,6,-1,-0.120000005,-0.08000001,0,-1,-211,-3,-31,-24,-72,-81,-1,-2,COURT MCGEE,JIM ALERS
0,0,0.51,0.34,0.5,0.5,0,0,0,1,516,129,2,9,8,36,27,52,14,41,59,88,98,139,2,4,6,12,0,0.16999999,0.0,0,-1,-387,-6,-27,13,-39,-51,-4,-8,IURI ALCANTARA,CHARLIE CAMPBELL
0,0,0.53,0.37,0.0,0.55,0,0,3,2,377,295,4,55,6,17,30,56,16,43,80,112,33,69,0,0,5,9,0,0.15999997,-0.55,0,1,-82,-2,38,14,47,43,-5,-9,NC,D
0,0,0.57,0.29,1.0,0.0,0,0,0,0,0,67,1,7,0,0,15,26,7,24,25,39,7,24,1,1,0,0,0,0.28,1.0,0,0,67,1,7,8,18,15,1,1,JOE LAUZON,FELICE HERRIG
0,1,0.58,0.45,0.0,0.0,0,0,0,0,71,4,0,4,1,11,114,194,45,99,115,195,49,104,0,0,0,0,-1,0.13,0.0,0,0,-67,-1,-7,69,66,91,0,0,TONY FERGUSON,NATE MOHR
0,0,0.23,0.27,0.07,0.0,0,0,0,0,9,370,6,10,0,9,18,77,46,168,38,103,55,180,1,14,0,0,0,-0.040000007,0.07,0,0,361,6,1,-28,-17,-77,1,14,JOANNA JEDRZEJCZYK,GRAY MAYNARD
0,0,0.35,0.19,0.6,0.0,5,0,1,0,0,0,0,0,0,0,14,40,13,67,30,59,15,70,3,5,0,0,0,0.16,0.6,5,1,0,0,0,1,15,-11,3,5,TSUYOSHI KOHSAKA,JOSH SAMPO
0,0,0.38,0.3,0.0,0.0,0,0,0,0,0,0,0,0,0,0,48,126,44,142,48,128,44,142,0,0,0,1,0,0.07999998,0.0,0,0,0,0,0,4,4,-14,0,-1,DARON CRUICKSHANK,WALDO CORTES-ACOSTA
0,0,0.62,0.52,0.71,0.0,0,0,0,1,57,301,5,1,0,57,81,129,111,211,95,145,186,289,5,7,0,0,0,0.100000024,0.71,0,-1,244,5,-56,-30,-91,-144,5,7,BRYAN BARBERENA,STEVIE RAY
0,0,0.2,0.4,0.55,0.28,0,0,0,0,165,273,4,33,2,45,14,70,47,116,20,79,63,133,5,9,2,7,0,-0.2,0.27,0,0,108,2,-12,-33,-43,-54,3,2,FRANCISCO TREVINO,MANVEL GAMBURYAN
0,0,0.66,0.72,0.0,0.33,0,0,0,0,1093,0,0,0,18,13,34,51,141,194,60,79,336,390,0,1,2,6,0,-0.060000002,-0.33,0,0,-1093,-18,-13,-107,-276,-311,-2,-5,KAMARU USMAN,KEVIN LEE
0,0,0.42,0.37,1.0,0.5,0,2,0,1,241,217,3,37,4,1,49,115,60,159,52,119,121,234,1,1,1,2,0,0.049999982,0.5,-2,-1,-24,-1,36,-11,-69,-115,0,-1,DAVID MITCHELL,ALEKSEI OLEINIK
0,0,0.46,0.18,0.0,0.0,0,0,0,0,0,0,0,0,0,0,84,182,37,196,84,182,37,196,0,0,0,1,0,0.28,0.0,0,0,0,0,0,47,47,-14,0,-1,SEAN STRICKLAND,DESMOND GREEN
0,1,0.44,0.55,0.0,0.0,0,0,0,0,2,0,0,0,0,2,4,9,5,9,4,9,5,9,0,0,0,0,-1,-0.110000014,0.0,0,0,-2,0,-2,-1,-1,0,0,0,JAIRZINHO ROZENSTRUIK,NC
0,0,0.46,0.19,0.0,0.0,0,0,0,0,0,0,0,0,0,0,106,227,48,252,106,227,48,252,0,0,0,0,0,0.27,0.0,0,0,0,0,0,58,58,-25,0,0,SEAN STRICKLAND,JUNIOR DOS SANTOS
1,0,0.71,0.38,0.0,0.0,0,0,0,0,206,1,0,1,3,26,30,42,14,36,38,50,17,39,0,0,0,5,1,0.32999998,0.0,0,0,-205,-3,-25,16,21,11,0,-5,JAN BLACHOWICZ,VITOR MIRANDA
0,0,0.44,0.5,0.66,0.0,1,0,0,0,64,258,4,18,1,4,17,38,17,34,23,46,30,47,2,3,0,2,0,-0.060000002,0.66,1,0,194,3,14,0,-7,-1,2,1,WARLLEY ALVES,OVINCE SAINT PREUX
1,0,0.47,0.46,0.0,0.16,0,0,0,0,35,21,0,21,0,35,37,78,30,65,41,82,34,69,0,2,1,6,1,0.00999999,-0.16,0,0,-14,0,-14,7,7,13,-1,-4,DONALD CERRONE,MARK HUNT
1,0,0.55,0.34,0.0,0.0,1,0,0,0,30,24,0,24,0,30,29,52,11,32,36,59,14,36,0,0,0,0,1,0.21000001,0.0,1,0,-6,0,-6,18,22,23,0,0,MARIYA AGAPOVA,THIAGO ALVES
0,0,0.31,0.31,0.0,0.0,0,0,0,0,38,43,0,43,0,38,36,113,54,169,37,114,56,171,0,2,0,3,0,0.0,0.0,0,0,5,0,5,-18,-19,-57,0,-1,MAKHMUD MURADOV,RAPHAEL ASSUNCAO
2,2,0.57,0.49,0.4,1.0,0,0,0,1,67,185,3,5,1,7,93,161,75,151,96,164,78,155,2,5,1,1,0,0.07999998,-0.6,0,-1,118,2,-2,18,18,9,1,4,YANCY MEDEIROS,ANDREW CRAIG
0,0,0.5,1.0,0.0,0.5,1,0,0,0,63,0,0,0,1,3,2,4,2,2,2,4,2,2,0,0,1,2,0,-0.5,-0.5,1,0,-63,-1,-3,0,0,2,-1,-2,WARLLEY ALVES,KEN SHAMROCK
0,1,0.34,0.68,0.66,0.0,0,1,0,0,31,207,3,27,0,31,13,38,32,47,17,44,33,48,2,3,0,3,-1,-0.34,0.66,-1,0,176,3,-4,-19,-16,-4,2,0,JIMI MANUWA,ROSS PEARSON
1,0,0.46,0.19,1.0,0.0,0,2,0,0,0,32,0,32,0,0,23,50,8,42,31,59,8,42,1,1,0,2,1,0.27,1.0,-2,0,32,0,32,15,23,17,1,-1,LUIGI FIORAVANTI,JOSH KOSCHECK
1,0,0.5,0.4,0.0,0.0,1,0,0,0,0,27,0,27,0,0,10,20,4,10,10,20,6,13,0,0,0,0,1,0.099999994,0.0,1,0,27,0,27,6,4,7,0,0,LUCAS MARTINS,VITOR BELFORT
0,0,0.53,0.35,0.0,0.0,0,0,0,0,74,13,0,13,1,14,124,232,112,312,145,257,117,318,0,0,0,4,0,0.17999998,0.0,0,0,-61,-1,-1,12,28,-61,0,-4,JOHN MAKDESSI,VICENTE LUQUE
0,0,0.2,0.31,0.0,0.0,0,0,0,0,0,0,0,0,0,0,44,212,71,227,44,212,71,227,0,0,0,0,0,-0.11,0.0,0,0,0,0,0,-27,-27,-15,0,0,YAN XIAONAN,VANESSA MELO
1,1,0.49,0.46,0.0,0.5,0,0,0,0,151,23,0,23,2,31,64,129,53,114,75,141,70,132,0,1,2,4,0,0.030000001,-0.5,0,0,-128,-2,-8,11,5,9,-2,-3,NATE QUARRY,IAN MACHADO GARRY
0,2,0.18,0.32,0.0,0.0,0,0,0,0,18,8,0,8,0,18,38,204,74,226,38,204,79,231,0,13,0,0,-2,-0.13999999,0.0,0,0,-10,0,-10,-36,-41,-27,0,13,DENNIS SIVER,DIEGO SANCHEZ
0,0,0.5,0.52,0.0,0.0,0,1,0,0,44,124,2,4,0,44,9,18,13,25,16,26,32,44,0,2,0,2,0,-0.01999998,0.0,-1,0,80,2,-40,-4,-16,-18,0,0,SHAVKAT RAKHMONOV,RODRIGO DAMM
0,0,0.52,0.55,0.8,0.33,0,1,0,0,31,178,2,58,0,31,88,169,96,174,117,201,101,180,4,5,1,3,0,-0.030000031,0.47,-1,0,147,2,27,-8,16,21,3,2,FABRICIO WERDUM,CHARLES JOHNSON
0,0,0.45,0.26,0.0,0.0,0,0,0,0,45,92,1,32,0,45,72,160,39,145,81,169,51,158,0,2,0,6,0,0.19,0.0,0,0,47,1,-13,33,30,11,0,-4,MICHAEL CHIESA,MICHAEL BISPING
0,0,0.62,0.6,0.6,0.0,1,0,0,0,0,134,2,14,0,0,5,8,3,5,9,12,10,12,3,5,0,0,0,0.01999998,0.6,1,0,134,2,14,2,-1,0,3,5,DEMIAN MAIA,ALLAN NASCIMENTO
0,1,0.13,0.44,0.0,0.33,1,1,0,0,222,45,0,45,3,42,35,258,112,253,41,266,148,295,0,2,1,3,-1,-0.31,-0.33,0,0,-177,-3,3,-77,-107,-29,-1,-1,SEAN PIERSON,JACQUELINE CAVALCANTI
0,0,0.51,0.5,0.75,0.0,1,0,0,0,19,589,9,49,0,19,52,101,26,52,130,204,28,59,3,4,0,0,0,0.00999999,0.75,1,0,570,9,30,26,102,145,3,4,WALDO CORTES-ACOSTA,JON MADSEN
0,0,0.47,0.6,0.0,0.0,0,0,0,0,11,0,0,0,0,11,10,21,18,30,10,21,18,30,0,0,0,0,0,-0.13000003,0.0,0,0,-11,0,-11,-8,-8,-9,0,0,MARLON VERA,JOE PYFER
0,0,1.0,0.75,0.0,0.5,0,1,0,0,200,0,0,0,3,20,2,2,3,4,2,2,25,31,0,0,2,4,0,0.25,-0.5,-1,0,-200,-3,-20,-1,-23,-29,-2,-4,KHAMZAT CHIMAEV,JAILTON ALMEIDA
1,0,0.46,0.32,0.0,0.14,0,0,0,0,44,11,0,11,0,44,77,167,86,261,98,190,86,261,0,0,1,7,1,0.14000002,-0.14,0,0,-33,0,-33,-9,12,-71,-1,-7,SHANE BURGOS,ROBBIE LAWLER
1,0,0.42,0.32,0.0,0.0,0,0,0,0,10,6,0,6,0,10,93,221,57,177,93,221,57,177,0,0,0,5,1,0.099999994,0.0,0,0,-4,0,-4,36,36,44,0,-5,AL IAQUINTA,PAUL TAYLOR
0,1,0.44,0.43,0.5,0.0,0,0,0,0,63,279,4,39,1,3,52,116,41,94,58,125,71,127,6,12,0,2,-1,0.00999999,0.5,0,0,216,3,36,11,-13,-2,6,10,MANVEL GAMBURYAN,CHRIS WEIDMAN
0,1,0.44,0.59,1.0,1.0,0,0,0,0,57,23,0,23,0,57,31,70,62,104,32,71,74,118,1,1,1,1,-1,-0.14999998,0.0,0,0,-34,0,-34,-31,-42,-47,0,0,DRICUS DU PLESSIS,SERGEY KHANDOZHKO
0,0,0.29,0.5,0.5,0.0,1,0,0,0,0,56,0,56,0,0,5,17,3,6,6,18,3,6,1,2,0,2,0,-0.21000001,0.5,1,0,56,0,56,2,3,12,1,0,MITCH GAGNON,JOE LAUZON
0,0,0.38,0.35,0.26,0.0,1,0,0,0,91,426,7,6,1,31,15,39,23,65,55,82,45,88,4,15,0,1,0,0.030000001,0.26,1,0,335,6,-25,-8,10,-6,4,14,COURT MCGEE,IVAN JORGE
0,1,0.41,0.44,0.25,0.33,0,0,0,0,186,223,3,43,3,6,57,139,61,136,88,179,114,198,2,8,2,6,-1,-0.030000001,-0.08000001,0,0,37,0,37,-4,-26,-19,0,2,ALESSIO DI CHIRICO,D
0,0,0.41,0.38,1.0,0.0,0,0,0,0,207,11,0,11,3,27,30,73,62,163,30,73,88,195,2,2,0,0,0,0.030000001,1.0,0,0,-196,-3,-16,-32,-58,-122,2,2,TIAGO DOS SANTOS E SILVA,MODESTAS BUKAUSKAS
0,0,0.38,0.55,0.0,0.27,0,3,1,1,599,27,0,27,9,59,17,44,11,20,64,103,96,131,0,0,3,11,0,-0.17000002,-0.27,-3,0,-572,-9,-32,6,-32,-28,-3,-11,VIRNA JANDIROBA,DEREK BRUNSON
1,0,0.52,0.4,0.0,0.0,0,0,0,0,2,4,0,4,0,2,35,67,20,49,36,68,21,50,0,0,0,0,1,0.119999975,0.0,0,0,2,0,2,15,15,18,0,0,ADRIAN YANEZ,THIAGO SILVA
0,0,0.43,0.44,0.5,0.6,0,0,0,0,259,133,2,13,4,19,101,230,61,137,158,293,104,185,2,4,3,5,0,-0.00999999,-0.100000024,0,0,-126,-2,-6,40,54,108,-1,-1,JOANNE WOOD,DIANA BELBITA
0,0,0.42,0.45,0.0,1.0,0,0,0,0,187,0,0,0,3,7,46,108,70,155,50,114,80,170,0,0,1,1,0,-0.030000001,-1.0,0,0,-187,-3,-7,-24,-30,-56,-1,-1,ANGELA HILL,JOHN DODSON
0,0,0.51,0.11,0.0,0.0,0,0,0,0,0,0,0,0,0,0,54,105,27,235,54,105,27,235,0,0,0,2,0,0.39999998,0.0,0,0,0,0,0,27,27,-130,0,-2,AIEMANN ZAHABI,CHRIS COPE
0,0,0.41,0.28,0.38,0.0,0,1,0,0,123,337,5,37,2,3,26,62,40,142,69,106,69,186,5,13,0,0,0,0.13,0.38,-1,0,214,3,34,-14,0,-80,5,13,JOAQUIM SILVA,NICK CATONE
0,0,0.72,0.28,0.66,0.0,0,0,0,1,15,679,11,19,0,15,55,76,8,28,115,149,24,46,4,6,0,0,0,0.44000003,0.66,0,-1,664,11,4,47,91,103,4,6,TIMUR VALIEV,JOE SOLECKI
0,0,0.5,0.21,0.25,0.5,0,2,0,0,76,60,1,0,1,16,27,53,11,52,27,53,12,53,1,4,1,2,0,0.29000002,-0.25,-2,0,-16,0,-16,16,15,0,0,2,MICHAEL CHIESA,ANDRE LIMA
0,1,0.61,0.65,0.75,0.0,0,0,0,0,103,189,3,9,1,43,42,68,49,75,102,156,56,82,3,4,0,0,-1,-0.03999996,0.75,0,0,86,2,-34,-7,46,74,3,4,JOSH PARISIAN,YOSHIHIRO AKIYAMA
0,1,0.5,0.35,0.4,0.0,0,0,0,0,47,138,2,18,0,47,59,116,70,196,73,136,91,220,2,5,0,0,-1,0.15,0.4,0,0,91,2,-29,-11,-18,-84,2,5,LUCAS ALMEIDA,AMANDA RIBAS
0,0,0.37,0.51,0.0,0.0,0,0,0,0,0,5,0,5,0,0,69,183,159,309,69,183,159,309,0,0,0,5,0,-0.13999999,0.0,0,0,5,0,5,-90,-90,-126,0,-5,NORMA DUMONT,MAX HOLLOWAY
0,0,0.51,0.58,0.75,0.0,0,0,0,0,0,81,1,21,0,0,14,27,7,12,17,30,7,12,3,4,0,0,0,-0.06999999,0.75,0,0,81,1,21,7,10,18,3,4,SERGHEI SPIVAC,ION CUTELABA
1,0,0.51,0.49,0.0,0.0,0,0,0,0,2,80,1,20,0,2,80,154,39,79,89,166,41,81,0,0,0,1,1,0.01999998,0.0,0,0,78,1,18,41,48,85,0,-1,HAKEEM DAWODU,JOHN LINEKER
0,0,0.45,0.33,0.0,0.0,0,0,0,0,20,8,0,8,0,20,66,144,24,71,69,147,25,72,0,6,0,1,0,0.119999975,0.0,0,0,-12,0,-12,42,44,75,0,5,JOSEPH BENAVIDEZ,LYMAN GOOD
0,0,0.55,0.64,0.0,0.0,0,0,0,0,0,12,0,12,0,0,49,88,68,105,49,88,73,110,0,0,0,1,0,-0.089999974,0.0,0,0,12,0,12,-19,-24,-22,0,-1,CHRIS PADILLA,SHAMIL ABDURAKHIMOV
1,0,0.2,0.24,0.0,0.0,0,0,0,0,52,156,2,36,0,52,22,105,14,58,47,131,18,62,0,1,0,0,1,-0.03999999,0.0,0,0,104,2,-16,8,29,69,0,1,EUGENE JACKSON,CLAY GUIDA
1,0,0.38,0.34,0.2,0.0,0,0,0,0,0,119,1,59,0,0,54,139,61,178,66,152,72,189,1,5,0,1,1,0.03999999,0.2,0,0,119,1,59,-7,-6,-37,1,4,DOUGLAS SILVA DE ANDRADE,HAMDY ABDELWAHAB
0,0,0.31,0.5,0.0,0.72,0,0,0,0,513,6,0,6,8,33,24,77,57,113,30,84,98,159,0,0,8,11,0,-0.19,-0.72,0,0,-507,-8,-27,-33,-68,-75,-8,-11,VINC PICHEL,ALJAMAIN STERLING
0,1,0.46,0.48,0.0,0.0,0,0,0,0,2,0,0,0,0,2,31,67,37,76,31,67,39,78,0,1,0,0,-1,-0.01999998,0.0,0,0,-2,0,-2,-6,-8,-11,0,1,PRISCILA CACHOEIRA,ALEX PEREZ
0,0,0.81,0.57,0.0,1.0,7,0,3,1,298,337,5,37,4,58,40,49,26,45,163,180,56,78,0,2,1,1,0,0.24000001,-1.0,7,2,39,1,-21,14,107,102,-1,1,RYAN HALL,ROB BROUGHTON
0,0,0.48,0.34,0.6,0.0,1,0,0,0,0,453,7,33,0,0,45,92,31,91,87,135,48,108,6,10,0,0,0,0.13999999,0.6,1,0,453,7,33,14,39,27,6,10,ALEXANDR ROMANOV,ANDRE PETROSKI
0,0,0.31,0.4,0.75,0.0,0,0,0,1,41,336,5,36,0,41,25,79,38,93,59,115,126,184,6,8,0,0,0,-0.09,0.75,0,-1,295,5,-5,-13,-67,-69,6,8,DANNY CASTILLO,KARO PARISYAN
0,0,0.48,0.46,0.0,0.0,0,0,0,0,0,2,0,2,0,0,94,192,130,281,94,192,130,281,0,0,0,1,0,0.01999998,0.0,0,0,2,0,2,-36,-36,-89,0,-1,CARLOS FELIPE,NINA NUNES
0,0,0.59,0.32,0.0,0.14,0,0,0,0,272,1,0,1,4,32,127,215,22,68,140,230,27,75,0,1,1,7,0,0.26999998,-0.14,0,0,-271,-4,-31,105,113,155,-1,-6,JAIRZINHO ROZENSTRUIK,ALEXANDER VOLKOV
0,1,0.26,0.52,0.66,0.0,0,0,0,0,8,47,0,47,0,8,6,23,21,40,9,31,22,42,2,3,0,0,-1,-0.26,0.66,0,0,39,0,39,-15,-13,-11,2,3,JOSE DELGADO,TOM BREESE
0,0,0.5,0.75,0.54,0.0,1,0,0,0,121,289,4,49,2,1,12,24,9,12,18,31,34,41,6,11,0,1,0,-0.25,0.54,1,0,168,2,48,3,-16,-10,6,10,ALEX OLIVEIRA,ANDREY PULYAEV
0,1,0.5,0.33,0.0,0.0,1,0,1,0,73,93,1,33,1,13,27,53,24,71,30,56,33,80,0,0,0,0,-1,0.16999999,0.0,1,1,20,0,20,3,-3,-24,0,0,OLIVIER AUBIN-MERCIER,NC
0,0,0.5,0.4,0.0,0.0,0,0,0,0,152,0,0,0,2,32,49,97,36,89,61,109,50,103,0,1,0,2,0,0.099999994,0.0,0,0,-152,-2,-32,13,11,6,0,-1,ALEKSANDAR RAKIC,ANDREI ARLOVSKI
0,1,0.34,0.47,0.0,1.0,0,0,0,0,397,0,0,0,6,37,55,161,69,145,79,189,106,194,0,0,1,1,-1,-0.13,-1.0,0,0,-397,-6,-37,-14,-27,-5,-1,-1,VALERIE LETOURNEAU,DAVID ONAMA
0,1,0.46,0.72,0.0,0.75,0,0,0,0,743,0,0,0,12,23,12,26,104,144,28,42,263,317,0,1,3,4,-1,-0.26000002,-0.75,0,0,-743,-12,-23,-92,-235,-275,-3,-3,ALEKSANDAR RAKIC,JOHNNY BEDFORD
0,0,0.25,0.46,0.0,0.06,0,1,0,0,182,334,5,34,3,2,33,127,20,43,83,180,39,64,0,0,2,30,0,-0.21000001,-0.06,-1,0,152,2,32,13,44,116,-2,-30,SAM STOUT,JENS PULVER
0,0,0.45,0.59,0.0,0.0,0,0,0,0,0,1,0,1,0,0,182,402,158,266,182,402,158,266,0,0,0,0,0,-0.13999999,0.0,0,0,1,0,1,24,24,136,0,0,SEAN STRICKLAND,BRAD KATONA
0,1,0.57,0.59,0.42,0.66,1,0,0,1,161,522,8,42,2,41,11,19,26,44,30,39,80,99,8,19,2,3,-1,-0.01999998,-0.24000004,1,-1,361,6,1,-15,-50,-60,6,16,BRETT JOHNS,BRYCE MITCHELL
0,0,0.57,0.13,0.33,0.41,0,1,0,0,238,149,2,29,3,58,73,126,14,107,82,135,40,136,1,3,5,12,0,0.44,-0.07999998,-1,0,-89,-1,-29,59,42,-1,-4,-9,ANDREA LEE,CAOLAN LOUGHRAN
1,0,0.56,0.29,1.0,0.0,1,0,0,1,101,51,0,51,1,41,30,53,16,55,52,76,25,66,1,1,0,0,1,0.27,1.0,1,-1,-50,-1,10,14,27,10,1,1,KARINE SILVA,SIYAR BAHADURZADA
1,0,0.6,0.31,0.0,0.0,0,0,0,0,0,17,0,17,0,0,18,30,6,19,19,31,6,19,0,0,0,0,1,0.29000002,0.0,0,0,17,0,17,12,13,12,0,0,RAUL ROSAS JR.,DUSTIN JACOBY
1,0,0.66,0.44,0.0,0.0,0,0,0,0,0,5,0,5,0,0,8,12,4,9,9,13,4,9,0,0,0,0,1,0.22000003,0.0,0,0,5,0,5,4,5,4,0,0,GREGOR GILLESPIE,AMANDA LEMOS
0,1,0.37,0.9,0.0,0.0,0,0,0,0,2,0,0,0,0,2,3,8,9,10,3,8,12,13,0,0,0,0,-1,-0.53,0.0,0,0,-2,0,-2,-6,-9,-5,0,0,CHRIS LEBEN,JOHNNY WALKER
0,2,0.28,0.45,0.5,0.0,0,0,0,0,58,150,2,30,0,58,46,163,51,111,64,184,69,132,1,2,0,0,-2,-0.16999999,0.5,0,0,92,2,-28,-5,-5,52,1,2,JOSH CULIBAO,D
0,0,0.17,0.23,0.0,0.0,0,0,0,0,1,1,0,1,0,1,24,136,18,78,24,136,18,78,0,0,0,3,0,-0.060000002,0.0,0,0,0,0,0,6,6,58,0,-3,MARCUS BRIMAGE,SETH BACZYNSKI
0,1,0.44,0.59,0.0,1.0,0,0,0,0,158,158,2,38,2,38,64,144,73,123,66,146,81,131,0,0,2,2,-1,-0.14999998,-1.0,0,0,0,0,0,-9,-15,15,-2,-2,BLAGOY IVANOV,DOUGLAS SILVA DE ANDRADE
1,0,0.45,0.53,0.0,0.0,0,0,0,0,0,3,0,3,0,0,14,31,8,15,14,31,8,15,0,0,0,0,1,-0.07999998,0.0,0,0,3,0,3,6,6,16,0,0,PATRICK COTE,SHAWN JORDAN
0,0,0.42,0.43,0.23,0.13,0,0,0,0,97,142,2,22,1,37,111,259,104,237,142,293,113,246,7,30,2,15,0,-0.01000002,0.10000001,0,0,45,1,-15,7,29,47,5,15,MERAB DVALISHVILI,CODY HADDON
0,0,0.5,0.44,0.0,0.71,0,1,0,0,411,12,0,12,6,51,7,14,25,56,9,16,34,66,0,0,5,7,0,0.060000002,-0.71,-1,0,-399,-6,-39,-18,-25,-50,-5,-7,YUTA SASAKI,CHRISTIAN MORECRAFT
0,1,0.45,0.38,0.0,0.16,0,0,0,0,326,8,0,8,5,26,66,145,57,150,76,156,82,175,0,1,1,6,-1,0.06999999,-0.16,0,0,-318,-5,-18,9,-6,-19,-1,-5,FRANCIS MARSHALL,ZAK CUMMINGS
0,0,0.59,0.52,1.0,1.0,1,1,0,1,148,100,1,40,2,28,22,37,27,51,35,50,44,68,2,2,1,1,0,0.06999999,0.0,0,-1,-48,-1,12,-5,-9,-18,1,1,ALAN BELCHER,ROBERT PERALTA
0,0,0.0,1.0,0.0,0.0,1,0,0,0,5,0,0,0,0,5,0,2,1,1,0,2,1,1,0,0,0,1,0,-1.0,0.0,1,0,-5,0,-5,-1,-1,1,0,-1,ALAN BELCHER,JORDAN LEAVITT
0,1,0.23,0.45,0.0,0.0,0,0,0,0,2,0,0,0,0,2,15,64,23,51,15,65,24,52,0,0,0,0,-1,-0.21999998,0.0,0,0,-2,0,-2,-8,-9,13,0,0,BRUNO SILVA,IRENE ALDANA
0,1,0.61,0.5,1.0,0.0,7,0,0,0,142,362,6,2,2,22,55,89,41,81,76,113,53,95,1,1,0,0,-1,0.110000014,1.0,7,0,220,4,-20,14,23,18,1,1,EDWIN FIGUEROA,JOSH SAMPO
1,0,0.56,0.5,0.5,0.0,1,0,0,1,23,37,0,37,0,23,38,67,22,44,40,69,23,46,1,2,0,0,1,0.060000002,0.5,1,-1,14,0,14,16,17,23,1,2,TONY FERGUSON,AMANDA LEMOS
1,0,0.35,0.36,0.28,0.0,1,0,1,1,9,222,3,42,0,9,144,402,128,347,157,418,129,348,2,7,0,0,1,-0.01000002,0.28,1,0,213,3,33,16,28,70,2,7,CALVIN KATTAR,TAKEYA MIZUGAKI
0,0,0.27,0.38,0.28,0.0,0,1,0,0,0,531,8,51,0,0,19,70,13,34,121,208,23,44,2,7,0,0,0,-0.109999985,0.28,-1,0,531,8,51,6,98,164,2,7,MICHAEL CHIESA,CLAY GUIDA
0,0,0.21,0.63,0.0,0.28,0,0,0,0,498,0,0,0,8,18,14,64,71,111,18,68,117,167,0,1,2,7,0,-0.42000002,-0.28,0,0,-498,-8,-18,-57,-99,-99,-2,-6,BRAD KATONA,MYLES JURY
0,1,0.3,0.56,0.0,0.6,0,0,0,0,290,0,0,0,4,50,7,23,39,69,11,27,78,123,0,0,3,5,-1,-0.26,-0.6,0,0,-290,-4,-50,-32,-67,-96,-3,-5,MIRSAD BEKTIC,JAKE MATTHEWS
0,0,0.45,0.43,0.5,0.5,1,0,0,0,327,172,2,52,5,27,101,221,85,194,125,245,142,252,3,6,2,4,0,0.01999998,0.0,1,0,-155,-3,25,16,-17,-7,1,2,GEORGES ST-PIERRE,BRIAN KELLEHER
0,0,0.07,0.61,0.0,1.0,0,1,0,0,333,0,0,0,5,33,1,13,77,125,7,21,150,210,0,0,2,2,0,-0.54,-1.0,-1,0,-333,-5,-33,-76,-143,-189,-2,-2,ABDUL-KERIM EDILOV,MARIO MIRANDA
0,0,0.45,0.19,0.4,0.0,0,2,0,0,33,376,6,16,0,33,56,123,18,92,67,139,59,141,4,10,0,1,0,0.26,0.4,-2,0,343,6,-17,38,8,-2,4,9,CHAD MENDES,BRIAN ORTEGA
1,0,0.5,0.37,0.0,0.0,0,0,0,0,0,2,0,2,0,0,2,4,3,8,3,5,3,8,0,0,0,0,1,0.13,0.0,0,0,2,0,2,-1,0,-3,0,0,ROY NELSON,TYSON NAM
0,0,0.56,0.37,0.75,0.0,0,1,0,1,10,287,4,47,0,10,59,104,28,75,78,126,31,78,3,4,0,2,0,0.19,0.75,-1,-1,277,4,37,31,47,48,3,2,JAMIE MULLARKEY,BRAD PICKETT
0,0,0.54,0.64,0.26,0.0,0,3,0,0,195,449,7,29,3,15,25,46,35,54,53,80,57,77,4,15,0,0,0,-0.099999964,0.26,-3,0,254,4,14,-10,-4,3,4,15,JAKE SHIELDS,RICARDO ALMEIDA
1,0,0.5,0.0,0.0,0.0,1,0,0,0,14,6,0,6,0,14,3,6,0,4,3,6,1,5,0,0,0,0,1,0.5,0.0,1,0,-8,0,-8,3,2,1,0,0,RYAN BADER,FRANK MIR
0,0,0.32,0.36,0.0,0.0,0,0,0,0,6,0,0,0,0,6,58,176,77,213,59,177,77,213,0,0,0,1,0,-0.04000002,0.0,0,0,-6,0,-6,-19,-18,-36,0,-1,ROSS PEARSON,ROSS PEARSON
1,0,0.72,0.0,0.0,0.0,1,0,0,0,12,329,5,29,0,12,57,79,0,6,74,97,1,7,0,4,0,0,1,0.72,0.0,1,0,317,5,17,57,73,90,0,4,TYRON WOODLEY,COREY HILL
1,0,0.4,0.42,0.5,0.25,0,1,0,2,218,136,2,16,3,38,84,210,52,122,136,264,73,146,1,2,1,4,1,-0.01999998,0.25,-1,-2,-82,-1,-22,32,63,118,0,-2,TIAGO DOS SANTOS E SILVA,ERICK MONTANO
0,0,0.54,0.23,0.66,0.0,0,0,0,1,67,427,7,7,1,7,29,53,31,134,39,65,85,199,4,6,0,5,0,0.31,0.66,0,-1,360,6,0,-2,-46,-134,4,1,FRANCISCO FIGUEIREDO,KALIB STARNES
0,1,0.61,0.51,0.0,0.0,0,0,0,0,67,0,0,0,1,7,11,18,15,29,11,18,20,34,0,1,0,1,-1,0.100000024,0.0,0,0,-67,-1,-7,-4,-9,-16,0,0,DREW DOBER,LI JINGLIANG
0,0,0.46,0.47,0.0,0.0,0,0,0,0,169,3,0,3,2,49,146,316,141,299,156,330,170,338,0,0,0,13,0,-0.00999999,0.0,0,0,-166,-2,-46,5,-14,-8,0,-13,NASRAT HAQPARAST,ALEXA GRASSO
0,0,0.53,0.45,0.0,0.16,0,0,0,0,158,228,3,48,2,38,67,125,32,71,100,163,42,84,0,3,2,12,0,0.07999998,-0.16,0,0,70,1,10,35,58,79,-2,-9,TYSON GRIFFIN,JENS PULVER
0,1,0.41,0.3,0.0,0.0,0,1,0,0,28,0,0,0,0,28,46,111,18,59,48,113,19,61,0,1,0,2,-1,0.109999985,0.0,-1,0,-28,0,-28,28,29,52,0,-1,GABRIELLA FERNANDES,CHRIS CURTIS
0,0,0.27,0.36,0.0,0.2,0,0,0,0,111,0,0,0,1,51,38,136,54,150,64,163,67,164,0,1,1,5,0,-0.09,-0.2,0,0,-111,-1,-51,-16,-3,-1,-1,-4,JJ ALDRICH,ALEKSEI KUNCHENKO
0,0,0.38,0.52,1.0,0.7,0,2,4,0,383,501,8,21,6,23,38,98,49,93,122,186,161,210,1,1,7,10,0,-0.13999999,0.3,-2,4,118,2,-2,-11,-39,-24,-6,-9,JENS PULVER,ZHANG LIPENG
0,0,0.4,0.6,0.0,1.0,0,1,0,0,50,0,0,0,0,50,2,5,3,5,2,6,8,11,0,0,1,1,0,-0.20000002,-1.0,-1,0,-50,0,-50,-1,-6,-5,-1,-1,EMILY WHITMIRE,BEN NGUYEN
0,2,0.7,0.43,0.16,1.0,0,1,1,0,107,28,0,28,1,47,56,80,66,152,60,85,70,156,1,6,1,1,-2,0.26999998,-0.84000003,-1,1,-79,-1,-19,-10,-10,-71,0,5,JALIN TURNER,CLAUDIO RIBEIRO
0,0,0.75,0.53,0.83,0.0,2,0,0,0,150,549,9,9,2,30,60,80,34,64,129,151,64,95,5,6,0,5,0,0.22000003,0.83,2,0,399,7,-21,26,65,56,5,1,MATTHEW RIDDLE,DALCHA LUNGIAMBULA
0,0,0.63,0.5,0.0,0.55,0,1,1,0,471,27,0,27,7,51,24,38,11,22,25,39,31,57,0,0,5,9,0,0.13,-0.55,-1,1,-444,-7,-24,13,-6,-18,-5,-9,TUCO TOKKOS,SAID NURMAGOMEDOV
0,1,0.4,0.68,0.11,0.0,1,0,1,0,124,259,4,19,2,4,2,5,26,38,67,84,36,48,1,9,0,0,-1,-0.28,0.11,1,1,135,2,15,-24,31,36,1,9,TOSHIOMI KAZAMA,JIMY HETTES
0,0,0.58,0.39,1.0,0.16,0,0,2,1,91,402,6,42,1,31,67,115,41,104,126,181,54,122,1,1,1,6,0,0.19,0.84000003,0,1,311,5,11,26,72,59,0,-5,AUSTIN HUBBARD,JAMES MCSWEENEY
0,3,0.4,0.5,0.5,0.18,0,0,0,0,140,46,0,46,2,20,105,259,86,169,106,260,95,178,1,2,2,11,-3,-0.099999994,0.32,0,0,-94,-2,26,19,11,82,-1,-9,DEIVESON FIGUEIREDO,D
0,0,0.31,0.75,0.0,1.0,0,0,0,0,17,0,0,0,0,17,5,16,30,40,5,16,30,40,0,0,1,1,0,-0.44,-1.0,0,0,-17,0,-17,-25,-25,-24,-1,-1,ION CUTELABA,JULIJA STOLIARENKO
0,0,0.5,0.5,1.0,0.0,1,0,0,0,0,85,1,25,0,0,4,8,1,2,7,11,1,2,2,2,0,0,0,0.0,1.0,1,0,85,1,25,3,6,9,2,2,JOANDERSON BRITO,FRANK MIR
0,0,0.33,0.35,0.0,0.0,0,0,0,0,0,0,0,0,0,0,143,422,129,366,143,422,129,366,0,1,0,0,0,-0.01999998,0.0,0,0,0,0,0,14,14,56,0,1,NAM PHAN,JOSH EMMETT
1,0,0.55,0.26,1.0,0.0,1,0,0,0,2,135,2,15,0,2,94,168,32,121,99,173,40,132,3,3,0,0,1,0.29000002,1.0,1,0,133,2,13,62,59,41,3,3,CIRYL GANE,MICHEL PEREIRA
1,0,0.85,0.4,0.0,0.0,0,0,0,0,0,11,0,11,0,0,18,21,2,5,18,21,2,5,0,0,0,1,1,0.45000002,0.0,0,0,11,0,11,16,16,16,0,-1,TAKASHI SATO,TAI TUIVASA
0,0,0.44,0.0,1.0,0.0,0,3,0,0,0,26,0,26,0,0,4,9,0,2,5,12,0,2,1,1,0,0,0,0.44,1.0,-3,0,26,0,26,4,5,10,1,1,IAN ENTWISTLE,WESTIN WILSON
0,0,0.59,0.32,0.54,0.0,0,0,0,0,23,525,8,45,0,23,65,110,24,74,142,224,85,145,6,11,0,0,0,0.26999998,0.54,0,0,502,8,22,41,57,79,6,11,MATEUSZ GAMROT,ALEX PEREZ
1,0,0.69,0.18,0.0,0.0,0,0,0,0,0,151,2,31,0,0,50,72,8,44,57,80,9,45,0,0,0,2,1,0.51,0.0,0,0,151,2,31,42,48,35,0,-2,YUSHIN OKAMI,LYOTO MACHIDA
0,0,0.53,0.44,0.0,0.66,1,0,0,0,229,17,0,17,3,49,39,73,24,54,50,87,39,75,0,2,4,6,0,0.089999974,-0.66,1,0,-212,-3,-32,15,11,12,-4,-4,CHARLES JOURDAIN,GLOVER TEIXEIRA
1,0,0.57,0.26,0.0,0.0,0,0,0,0,0,11,0,11,0,0,20,35,4,15,20,35,4,15,0,0,0,0,1,0.31,0.0,0,0,11,0,11,16,16,20,0,0,PRISCILA CACHOEIRA,ANTHONY PETTIS
0,0,0.0,0.0,0.0,0.0,1,0,0,0,13,18,0,18,0,13,0,1,0,6,0,1,0,6,0,0,0,1,0,0.0,0.0,1,0,5,0,5,0,0,-5,0,-1,ERICK SILVA,TOM LAWLOR
0,0,0.5,0.0,1.0,0.0,1,0,0,0,0,62,1,2,0,0,7,14,0,2,7,14,0,2,2,2,0,0,0,0.5,1.0,1,0,62,1,2,7,7,12,2,2,SARA MCMANN,MARCELO MELLO
0,0,0.66,0.29,0.5,0.5,1,1,1,0,204,491,8,11,3,24,61,92,13,44,148,194,18,51,3,6,1,2,0,0.37000003,0.0,0,1,287,5,-13,48,130,143,2,4,ISLAM MAKHACHEV,TIM KENNEDY
1,0,0.78,0.0,0.5,0.0,0,0,0,0,97,461,7,41,1,37,25,32,0,0,47,65,1,6,1,2,0,5,1,0.78,0.5,0,0,364,6,4,25,46,59,1,-3,TRAVIS FULTON,VLADIMIR MATYUSHENKO
0,0,0.45,0.37,0.6,0.0,0,1,0,0,14,484,8,4,0,14,32,70,20,53,69,121,31,64,3,5,0,2,0,0.07999998,0.6,-1,0,470,8,-10,12,38,57,3,3,WILLIAM GOMIS,JON FITCH
1,1,0.3,0.44,0.0,0.5,0,0,0,2,434,31,0,31,7,14,25,81,75,170,32,92,109,211,0,0,5,10,0,-0.13999999,-0.5,0,-2,-403,-7,17,-50,-77,-119,-5,-10,RYAN LAFLARE,SIRWAN KAKAI
0,0,0.25,0.5,0.0,1.0,0,3,0,0,107,0,0,0,1,47,7,28,13,26,8,29,15,29,0,1,1,1,0,-0.25,-1.0,-3,0,-107,-1,-47,-6,-7,0,-1,0,CYNTHIA CALVILLO,MICHELLE WATERSON-GOMEZ
0,0,0.41,0.51,0.0,0.0,0,0,0,0,0,83,1,23,0,0,145,349,137,264,151,355,137,264,0,4,0,1,0,-0.099999994,0.0,0,0,83,1,23,8,14,91,0,3,JENNIFER MAIA,OZZY DIAZ
0,0,0.51,0.43,1.0,0.1,4,0,0,1,454,129,2,9,7,34,64,124,42,97,86,149,79,135,2,2,1,10,0,0.07999998,0.9,4,-1,-325,-5,-25,22,7,14,1,-8,CHRIS CARIASO,ALEX WHITE
0,0,0.61,0.72,0.5,1.0,0,2,1,0,136,144,2,24,2,16,41,67,36,50,68,94,62,76,1,2,1,1,0,-0.110000014,-0.5,-2,1,8,0,8,5,6,18,0,1,EDDIE SANCHEZ,D
0,0,0.37,0.4,0.0,0.0,0,1,0,0,0,0,0,0,0,0,9,24,18,44,9,24,18,44,0,0,0,1,0,-0.030000001,0.0,-1,0,0,0,0,-9,-9,-20,0,-1,IRINA ALEKSEEVA,CHARLES OLIVEIRA
0,0,0.35,0.35,0.0,0.0,0,0,0,0,0,8,0,8,0,0,64,178,72,202,64,178,72,202,0,0,0,1,0,0.0,0.0,0,0,8,0,8,-8,-8,-24,0,-1,ERYK ANDERS,JONATHAN MARTINEZ
2,0,0.47,0.51,1.0,0.0,0,0,0,0,0,84,1,24,0,0,127,266,128,250,136,275,148,270,1,1,0,0,2,-0.03999999,1.0,0,0,84,1,24,-1,-12,5,1,1,JOSH EMMETT,DANIEL RODRIGUEZ
0,0,0.55,0.43,0.33,0.0,0,3,0,1,160,589,9,49,2,40,20,36,26,60,59,82,68,103,3,9,0,0,0,0.120000005,0.33,-3,-1,429,7,9,-6,-9,-21,3,9,MARK COLEMAN,BRAD TAVARES
0,0,0.45,0.36,0.0,0.57,0,0,1,1,330,77,1,17,5,30,34,74,40,109,49,90,64,143,0,2,4,7,0,0.089999974,-0.57,0,0,-253,-4,-13,-6,-15,-53,-4,-5,JOHNNY CASE,ANDREI ARLOVSKI
0,0,0.35,0.47,0.6,0.14,0,0,0,0,95,102,1,42,1,35,64,182,83,174,74,193,95,190,3,5,1,7,0,-0.120000005,0.46000004,0,0,7,0,7,-19,-21,3,2,-2,ANDRE FILI,PETR YAN
0,0,0.41,0.26,0.0,0.0,0,0,0,0,0,0,0,0,0,0,109,263,46,171,109,263,46,171,0,1,0,0,0,0.15,0.0,0,0,0,0,0,63,63,92,0,1,CASEY KENNEY,MICHAEL BISPING
0,0,0.52,0.65,1.0,0.5,2,0,0,0,35,289,4,49,0,35,12,23,17,26,37,56,39,49,1,1,1,2,0,-0.13,0.5,2,0,254,4,14,-5,-2,7,0,-1,ANTONIO CARLOS JUNIOR,ANTHONY TORRES
0,0,0.39,0.38,0.0,0.0,0,0,0,0,34,0,0,0,0,34,62,158,67,173,71,171,69,175,0,1,0,4,0,0.00999999,0.0,0,0,-34,0,-34,-5,2,-4,0,-3,CHRIS CARIASO,ANDREI ARLOVSKI
0,0,0.44,0.33,1.0,0.3,0,0,0,0,155,10,0,10,2,35,101,225,52,153,106,232,60,166,1,1,4,13,0,0.109999985,0.7,0,0,-145,-2,-25,49,46,66,-3,-12,GABRIEL BONFIM,EDUARDO GARAGORRI
0,0,0.54,0.53,0.0,0.66,0,1,0,0,273,16,0,16,4,33,81,148,59,110,84,152,74,129,0,0,6,9,0,0.01000005,-0.66,-1,0,-257,-4,-17,22,10,23,-6,-9,ANTHONY HERNANDEZ,NORMAN PARKE
0,0,1.0,0.0,0.33,0.0,0,0,0,0,4,64,1,4,0,4,11,11,0,3,22,23,3,6,1,3,0,0,0,1.0,0.33,0,0,60,1,0,11,19,17,1,3,TITO ORTIZ,ANDERSON SILVA
0,1,0.41,0.46,0.0,0.0,0,0,0,0,3,0,0,0,0,3,21,51,41,89,21,51,41,89,0,0,0,0,-1,-0.050000012,0.0,0,0,-3,0,-3,-20,-20,-38,0,0,JAN BLACHOWICZ,KHALIL ROUNTREE JR.
0,0,0.44,0.33,0.0,0.0,0,0,0,0,0,46,0,46,0,0,75,170,23,68,80,176,23,68,0,1,0,4,0,0.109999985,0.0,0,0,46,0,46,52,57,108,0,-3,HAKEEM DAWODU,CHRIS DUNCAN
0,0,0.46,0.33,0.0,0.0,0,0,0,0,0,25,0,25,0,0,14,30,1,3,17,33,1,3,0,0,0,2,0,0.13,0.0,0,0,25,0,25,13,16,30,0,-2,GREG HARDY,WALT HARRIS
1,0,0.7,1.0,0.75,1.0,2,3,0,0,27,528,8,48,0,27,51,72,1,1,104,129,2,2,3,4,1,1,1,-0.3,-0.25,-1,0,501,8,21,50,102,127,2,3,JON FITCH,JASON BRILZ
0,0,0.12,0.54,0.0,1.0,0,0,0,0,344,0,0,0,5,44,12,96,69,126,14,98,149,218,0,0,3,3,0,-0.42000002,-1.0,0,0,-344,-5,-44,-57,-135,-120,-3,-3,ISMAIL NAURDIEV,JON JONES
0,0,0.66,0.63,1.0,1.0,0,1,0,0,193,26,0,26,3,13,8,12,12,19,28,36,21,30,1,1,1,1,0,0.030000031,0.0,-1,0,-167,-3,13,-4,7,6,0,0,JESSICA PENNE,NORA CORNOLLE
0,0,0.57,0.45,0.42,0.5,1,0,0,0,237,209,3,29,3,57,36,63,36,79,40,67,104,158,3,7,1,2,0,0.120000005,-0.08000001,1,0,-28,0,-28,0,-64,-91,2,5,ANDREW CRAIG,ALEJANDRO PEREZ
0,0,1.0,0.86,0.25,0.0,0,0,0,0,44,112,1,52,0,44,10,10,20,23,37,37,42,48,1,4,0,0,0,0.13999999,0.25,0,0,68,1,8,-10,-5,-11,1,4,JONATHAN WIEZOREK,JORDAN WRIGHT
1,0,0.54,0.38,1.0,0.0,0,0,0,0,0,72,1,12,0,0,34,62,20,52,36,64,35,68,1,1,0,1,1,0.16000003,1.0,0,0,72,1,12,14,1,-4,1,0,ALEXANDRE PANTOJA,MICHAEL JOHNSON
0,0,0.3,0.34,0.0,0.66,0,0,0,0,98,0,0,0,1,38,51,169,58,166,60,178,68,178,0,7,4,6,0,-0.03999999,-0.66,0,0,-98,-1,-38,-7,-8,0,-4,1,CHRIS WEIDMAN,BRAD KATONA
0,0,0.38,0.36,0.0,0.33,0,1,0,0,55,2,0,2,0,55,37,95,43,117,38,96,43,117,0,1,1,3,0,0.01999998,-0.33,-1,0,-53,0,-53,-6,-5,-21,-1,-2,KARL ROBERSON,IRWIN RIVERA
0,1,0.48,0.73,0.0,0.66,0,1,0,0,305,42,0,42,5,5,19,39,30,41,25,46,72,86,0,1,2,3,-1,-0.25000003,-0.66,-1,0,-263,-5,37,-11,-47,-40,-2,-2,ISLAM MAKHACHEV,ALEXANDER GUSTAFSSON
1,0,0.75,0.2,0.0,0.0,0,0,0,0,0,3,0,3,0,0,9,12,1,5,9,12,1,5,0,0,0,0,1,0.55,0.0,0,0,3,0,3,8,8,7,0,0,VITOR BELFORT,MAURICIO RUA
0,0,0.26,0.36,0.66,0.0,1,0,0,0,44,271,4,31,0,44,14,52,28,76,53,96,50,100,4,6,0,0,0,-0.100000024,0.66,1,0,227,4,-13,-14,3,-4,4,6,CARLOS NEWTON,JIM MILLER
0,0,0.75,0.56,0.66,0.0,1,1,0,0,16,271,4,31,0,16,46,61,51,91,53,68,73,114,4,6,0,3,0,0.19,0.66,0,0,255,4,15,-5,-20,-46,4,3,NIK LENTZ,GLEISON TIBAU
2,0,0.47,0.45,0.5,0.0,0,0,0,1,45,138,2,18,0,45,49,104,28,61,54,110,29,62,1,2,0,3,2,0.02000001,0.5,0,-1,93,2,-27,21,25,48,1,-1,ROBERT WHITTAKER,JOHN MAKDESSI
0,0,0.52,0.41,0.0,0.0,0,0,0,0,0,0,0,0,0,0,182,345,71,173,190,353,76,178,0,0,0,2,0,0.109999985,0.0,0,0,0,0,0,111,114,175,0,-2,ANGELA HILL,KING GREEN
0,0,0.68,0.0,0.0,0.33,0,0,1,0,0,0,0,0,0,0,11,16,0,0,11,16,1,1,0,0,1,3,0,0.68,-0.33,0,1,0,0,0,11,10,15,-1,-3,DAVID ABBOTT,PATRICK SMITH
0,0,0.34,0.56,0.0,1.0,2,0,0,0,5,11,0,11,0,5,25,72,23,41,25,72,23,41,0,0,1,1,0,-0.22,-1.0,2,0,6,0,6,2,2,31,-1,-1,ZAK CUMMINGS,SHAMIL GAZIEV
1,0,0.5,0.5,0.0,0.0,0,0,0,0,0,2,0,2,0,0,5,10,4,8,5,10,4,8,0,0,0,0,1,0.0,0.0,0,0,2,0,2,1,1,2,0,0,DA WOON JUNG,MARCUS DAVIS
0,0,0.44,0.44,1.0,0.0,0,1,0,0,0,468,7,48,0,0,60,136,33,75,122,208,39,81,2,2,0,1,0,0.0,1.0,-1,0,468,7,48,27,83,127,2,1,DREW DOBER,BRAD KATONA
0,0,0.62,0.42,0.0,0.0,1,0,0,0,37,0,0,0,0,37,5,8,6,14,5,8,6,14,0,0,0,2,0,0.20000002,0.0,1,0,-37,0,-37,-1,-1,-6,0,-2,DEIVESON FIGUEIREDO,DREW DOBER
0,0,0.34,0.4,0.5,0.0,0,0,0,0,0,56,0,56,0,0,105,301,145,356,108,304,160,372,1,2,0,0,0,-0.060000002,0.5,0,0,56,0,56,-40,-52,-68,1,2,ROSE NAMAJUNAS,CAMERON SMOTHERMAN
0,1,0.66,0.55,1.0,1.0,0,2,0,0,289,90,1,30,4,49,24,36,47,85,33,45,71,109,1,1,2,2,-1,0.110000014,0.0,-2,0,-199,-3,-19,-23,-38,-64,-1,-1,BRANDON MORENO,CLAUDIO RIBEIRO
0,0,0.5,1.0,1.0,0.0,1,0,0,0,0,0,0,0,0,0,2,4,1,1,12,19,1,2,1,1,0,0,0,-0.5,1.0,1,0,0,0,0,1,11,17,1,1,DAN SEVERN,ALEX HUNTER
1,1,0.5,0.5,0.5,0.75,0,0,0,0,184,236,3,56,3,4,178,351,164,324,206,397,178,347,1,2,3,4,0,0.0,-0.25,0,0,52,0,52,14,28,50,-2,-2,EDSON BARBOZA,ALEXANDER VOLKANOVSKI
0,0,0.64,0.43,0.0,1.0,0,0,0,0,204,162,2,42,3,24,41,64,26,60,50,73,45,84,0,0,1,1,0,0.20999998,-1.0,0,0,-42,-1,18,15,5,-11,-1,-1,ASPEN LADD,ALEXA GRASSO
0,0,0.4,0.39,1.0,0.0,1,1,0,1,118,11,0,11,1,58,68,170,63,159,69,171,68,164,1,1,0,9,0,0.01000002,1.0,0,-1,-107,-1,-47,5,1,7,1,-8,RODRIGO DAMM,RICARDO ROMERO
1,0,0.41,0.32,0.0,0.2,0,0,0,0,255,22,0,22,4,15,83,202,55,171,89,208,82,205,0,0,1,5,1,0.09,-0.2,0,0,-233,-4,7,28,7,3,-1,-5,ROBERT WHITTAKER,TOM NOLAN
0,0,0.47,0.53,0.0,0.0,3,0,0,0,74,0,0,0,1,14,10,21,15,28,13,24,15,28,0,0,0,0,0,-0.059999973,0.0,3,0,-74,-1,-14,-5,-2,-4,0,0,DUSTIN HAZELETT,JOE PYFER
0,1,0.51,0.62,0.0,0.0,0,0,0,0,3,0,0,0,0,3,15,29,25,40,15,29,25,40,0,0,0,0,-1,-0.110000014,0.0,0,0,-3,0,-3,-10,-10,-11,0,0,ALEX PEREIRA,CALVIN KATTAR
0,0,0.5,0.48,0.66,0.0,0,1,0,0,0,318,5,18,0,0,9,18,13,27,42,60,14,28,2,3,0,0,0,0.02000001,0.66,-1,0,318,5,18,-4,28,32,2,3,ADAM WIECZOREK,RANI YAHYA
0,0,0.53,0.2,0.4,0.0,0,0,0,0,0,81,1,21,0,0,8,15,3,15,8,16,7,19,2,5,0,0,0,0.32999998,0.4,0,0,81,1,21,5,1,-3,2,5,ROGERIO BONTORIN,MICHAEL CHIESA
0,0,0.32,0.28,0.25,0.5,0,2,2,0,106,159,2,39,1,46,38,116,11,38,70,155,11,38,1,4,3,6,0,0.03999999,-0.25,-2,2,53,1,-7,27,59,117,-2,-2,ELIAS THEODOROU,ZHANG LIPENG
0,0,0.59,0.5,0.0,0.0,0,0,1,0,133,96,1,36,2,13,22,37,1,2,39,62,31,36,0,0,0,0,0,0.089999974,0.0,0,1,-37,-1,23,21,8,26,0,0,STEVE GARCIA,PAUL JONES
0,0,0.52,0.56,0.0,1.0,3,0,2,1,522,274,4,34,8,42,10,19,13,23,95,115,63,92,0,1,5,5,0,-0.04000002,-1.0,3,1,-248,-4,-8,-3,32,23,-5,-4,DEMETRIOUS JOHNSON,MATT SCHNELL
0,1,0.18,0.83,0.0,0.0,0,0,0,0,42,8,0,8,0,42,2,11,10,12,5,15,10,12,0,0,0,1,-1,-0.65,0.0,0,0,-34,0,-34,-8,-5,3,0,-1,JARJIS DANHO,FRANKIE PEREZ
0,0,0.63,0.44,0.28,0.0,0,0,0,0,0,230,3,50,0,0,49,77,68,152,76,105,76,160,2,7,0,0,0,0.19,0.28,0,0,230,3,50,-19,0,-55,2,7,RODRIGO NASCIMENTO,BLAGOY IVANOV
1,0,0.48,0.7,0.0,0.0,0,1,0,0,0,78,1,18,0,0,12,25,7,10,15,28,10,13,0,0,0,2,1,-0.22,0.0,-1,0,78,1,18,5,5,15,0,-2,TIM SYLVIA,CHUCK LIDDELL
0,0,0.38,0.46,0.33,0.33,2,0,0,0,279,235,3,55,4,39,33,85,43,92,38,95,52,104,2,6,2,6,0,-0.08000001,0.0,2,0,-44,-1,16,-10,-14,-9,0,0,NC,ED HERMAN
0,0,0.4,0.26,0.0,0.25,1,2,0,0,408,92,1,32,6,48,34,84,20,75,44,94,31,89,0,2,2,8,0,0.14000002,-0.25,-1,0,-316,-5,-16,14,13,5,-2,-6,FRANCIS CARMONT,BRAD TAVARES
0,0,0.17,0.38,0.5,0.0,0,0,0,0,1,324,5,24,0,1,25,147,57,150,28,156,73,171,3,6,0,0,0,-0.21,0.5,0,0,323,5,23,-32,-45,-15,3,6,DARIA ZHELEZNIAKOVA,GLEISON TIBAU
0,0,1.0,0.5,1.0,0.0,2,0,1,0,3,128,2,8,0,3,4,4,1,2,12,12,2,3,1,1,0,0,0,0.5,1.0,2,1,125,2,5,3,10,9,1,1,NC,LUKE ROCKHOLD
0,0,0.56,0.42,0.2,0.0,0,1,0,0,60,335,5,35,1,0,67,119,56,133,130,190,107,186,1,5,0,2,0,0.14000002,0.2,-1,0,275,4,35,11,23,4,1,3,MAC DANZIG,TANNER BOSER
0,1,0.38,0.54,0.12,0.0,0,0,0,0,67,162,2,42,1,7,21,55,57,104,61,95,59,108,1,8,0,0,-1,-0.16000003,0.12,0,0,95,1,35,-36,2,-13,1,8,KAJAN JOHNSON,BRAD TAVARES
1,0,0.48,0.24,0.0,0.0,1,0,0,0,11,17,0,17,0,11,20,41,16,65,20,41,16,65,0,0,0,2,1,0.24,0.0,1,0,6,0,6,4,4,-24,0,-2,LUKE ROCKHOLD,JACK DELLA MADDALENA
1,0,0.34,0.44,0.0,0.0,0,0,0,0,17,37,0,37,0,17,66,190,96,217,68,194,96,218,0,2,0,2,1,-0.099999994,0.0,0,0,20,0,20,-30,-28,-24,0,0,JAMIE MULLARKEY,JIMMIE RIVERA
0,0,0.63,0.41,0.28,0.0,0,2,0,0,40,166,2,46,0,40,7,11,5,12,11,16,6,13,2,7,0,0,0,0.22,0.28,-2,0,126,2,6,2,5,3,2,7,NIKLAS BACKSTROM,MATT WIMAN
0,0,0.75,0.5,0.2,0.0,1,0,0,0,73,13,0,13,1,13,3,4,2,4,5,6,3,5,1,5,0,1,0,0.25,0.2,1,0,-60,-1,0,1,2,1,1,4,MANVEL GAMBURYAN,GODOFREDO PEPEY
0,0,0.65,0.25,0.4,0.0,1,3,0,1,60,274,4,34,1,0,25,38,1,4,73,91,6,12,2,5,0,1,0,0.39999998,0.4,-2,-1,214,3,34,24,67,79,2,4,OMARI AKHMEDOV,FRANK TRIGG
0,0,0.71,1.0,0.0,0.5,2,0,1,1,78,57,0,57,1,18,5,7,2,2,14,16,5,5,0,1,1,2,0,-0.29000002,-0.5,2,0,-21,-1,39,3,9,11,-1,-1,JASON MACDONALD,JON HESS
0,0,0.55,0.27,0.0,0.0,2,0,0,0,0,0,0,0,0,0,15,27,6,22,22,34,18,34,0,0,0,1,0,0.28,0.0,2,0,0,0,0,9,4,0,0,-1,PETE WILLIAMS,CARLOS VERA
0,0,0.56,0.61,0.4,0.28,1,0,0,0,222,199,3,19,3,42,87,155,99,160,113,186,159,223,2,5,2,7,0,-0.050000012,0.120000005,1,0,-23,0,-23,-12,-46,-37,0,-2,DRAKKAR KLOSE,DAN HOOKER
0,0,0.51,0.49,0.44,0.75,0,0,0,0,165,243,4,3,2,45,68,131,29,59,132,204,37,68,4,9,3,4,0,0.01999998,-0.31,0,0,78,2,-42,39,95,136,1,5,NEIL MAGNY,NEIL MAGNY
0,0,0.8,0.63,1.0,0.0,1,0,0,0,0,205,3,25,0,0,32,40,7,11,33,41,14,18,1,1,0,0,0,0.17000002,1.0,1,0,205,3,25,25,19,23,1,1,MATT HUGHES,EVAN TANNER
0,0,0.54,0.49,0.0,0.33,0,1,0,0,246,99,1,39,4,6,42,77,49,100,67,103,90,143,0,1,1,3,0,0.050000012,-0.33,-1,0,-147,-3,33,-7,-23,-40,-1,-2,DIEGO LOPES,TABATHA RICCI
0,0,0.37,0.8,0.0,1.0,3,0,0,0,456,79,1,19,7,36,30,79,62,77,49,98,78,95,0,3,4,4,0,-0.43,-1.0,3,0,-377,-6,-17,-32,-29,3,-4,-1,VERONICA HARDY,HUNTER AZURE
0,0,0.57,0.38,0.0,0.42,1,0,0,0,56,222,3,42,0,56,68,118,62,159,78,134,76,177,0,8,3,7,0,0.19,-0.42,1,0,166,3,-14,6,2,-43,-3,1,TAGIR ULANBEKOV,D
0,0,0.76,0.45,0.33,0.0,1,0,0,0,37,345,5,45,0,37,10,13,5,11,37,43,36,46,2,6,0,0,0,0.31,0.33,1,0,308,5,8,5,1,-3,2,6,TATIANA SUAREZ,BO NICKAL
0,0,0.6,0.42,0.66,0.0,1,0,0,0,0,66,1,6,0,0,26,43,17,40,33,50,18,41,2,3,0,0,0,0.18000004,0.66,1,0,66,1,6,9,15,9,2,3,GUSTAVO LOPEZ,CLAYTON CARPENTER
0,0,0.29,0.19,0.0,0.33,0,0,0,0,20,53,0,53,0,20,79,268,29,151,83,272,30,152,0,1,1,3,0,0.099999994,-0.33,0,0,33,0,33,50,53,120,-1,-2,PHIL DAVIS,JUSTIN LAWRENCE
0,0,0.41,0.23,0.0,0.0,0,0,0,0,0,30,0,30,0,0,52,126,58,243,53,127,58,243,0,8,0,0,0,0.17999999,0.0,0,0,30,0,30,-6,-5,-116,0,8,KEVIN AGUILAR,CHRIS COPE
0,0,0.75,0.71,0.0,1.0,1,0,0,0,137,0,0,0,2,17,6,8,27,38,8,11,37,49,0,0,1,1,0,0.04000002,-1.0,1,0,-137,-2,-17,-21,-29,-38,-1,-1,CHARLES ROSA,KEVIN LEE
0,0,0.45,0.35,0.0,0.25,0,0,0,0,7,9,0,9,0,7,88,195,116,331,89,196,121,337,0,0,1,4,0,0.099999994,-0.25,0,0,2,0,2,-28,-32,-141,-1,-4,ASHLEE EVANS-SMITH,ROMAN DOLIDZE
0,0,0.25,0.41,1.0,0.0,0,1,0,0,65,39,0,39,1,5,5,20,14,34,6,21,18,39,1,1,0,2,0,-0.16,1.0,-1,0,-26,-1,34,-9,-12,-18,1,-1,GERALD MEERSCHAERT,JIM MILLER
0,1,0.35,0.6,0.0,1.0,0,0,0,0,679,0,0,0,11,19,21,59,81,133,37,75,136,199,0,1,4,4,-1,-0.25000003,-1.0,0,0,-679,-11,-19,-60,-99,-124,-4,-3,ELIAS SILVERIO,BRYCE MITCHELL
0,1,0.56,0.62,0.33,0.0,0,1,0,0,8,165,2,45,0,8,30,53,38,61,44,70,49,72,1,3,0,0,-1,-0.060000002,0.33,-1,0,157,2,37,-8,-5,-2,1,3,ALEX PEREIRA,TAI TUIVASA
0,1,0.47,0.42,0.0,1.0,0,2,0,0,329,18,0,18,5,29,39,82,71,169,48,92,87,188,0,3,3,3,-1,0.050000012,-1.0,-2,0,-311,-5,-11,-32,-39,-96,-3,0,SEAN STRICKLAND,CHRIS DE LA ROCHA
0,0,0.3,0.31,0.07,0.0,0,1,0,0,26,483,8,3,0,26,47,154,26,82,133,251,41,97,1,14,0,0,0,-0.00999999,0.07,-1,0,457,8,-23,21,92,154,1,14,DARREN ELKINS,HENRY CEJUDO
1,0,0.86,0.28,0.0,0.0,0,0,0,0,34,3,0,3,0,34,19,22,4,14,19,22,10,20,0,0,0,0,1,0.58000004,0.0,0,0,-31,0,-31,15,9,2,0,0,ROMAN DOLIDZE,OSKAR PIECHOTA
2,0,0.59,0.47,1.0,0.0,0,0,0,1,18,74,1,14,0,18,26,44,8,17,26,46,11,20,1,1,0,0,2,0.119999975,1.0,0,-1,56,1,-4,18,15,26,1,1,PUNAHELE SORIANO,MICHAEL JOHNSON
1,0,0.63,0.72,0.57,0.0,2,0,0,0,39,457,7,37,0,39,28,44,18,25,68,90,83,99,4,7,0,0,1,-0.09000003,0.57,2,0,418,7,-2,10,-15,-9,4,7,FRANK MIR,ALEX PEREIRA
0,0,0.43,0.22,0.0,0.11,0,0,0,0,164,14,0,14,2,44,57,130,36,157,80,156,48,176,0,1,1,9,0,0.21000001,-0.11,0,0,-150,-2,-30,21,32,-20,-1,-8,TALITA ALENCAR,VOLKAN OEZDEMIR
0,0,0.33,0.17,1.0,0.4,0,0,1,1,71,60,1,0,1,11,54,159,39,225,64,170,39,228,1,1,2,5,0,0.16000001,0.6,0,0,-11,0,-11,15,25,-58,-1,-4,ROSS PEARSON,MARK HOMINICK
0,1,0.35,0.54,0.0,1.0,0,0,0,0,71,0,0,0,1,11,63,176,93,171,66,179,95,173,0,4,1,1,-1,-0.19000003,-1.0,0,0,-71,-1,-11,-30,-29,6,-1,3,MAX GRIFFIN,DOUGLAS SILVA DE ANDRADE
0,0,0.46,0.53,0.66,0.3,0,1,0,1,330,79,1,19,5,30,50,108,35,65,73,135,73,109,2,3,4,13,0,-0.06999996,0.36,-1,-1,-251,-4,-11,15,0,26,-2,-10,ZACHARY REESE,CHARLIE CAMPBELL
0,0,0.0,0.0,1.0,0.0,1,0,0,0,0,12,0,12,0,0,0,0,0,2,0,0,0,2,1,1,0,0,0,0.0,1.0,1,0,12,0,12,0,0,-2,1,1,ROMAN MITICHYAN,CARLOS NEWTON
0,0,0.64,0.4,0.0,0.0,0,0,0,0,0,3,0,3,0,0,138,214,26,65,155,232,26,65,0,0,0,1,0,0.23999998,0.0,0,0,3,0,3,112,129,167,0,-1,TIM SYLVIA,JOANNA JEDRZEJCZYK
0,1,0.66,0.66,0.0,0.0,0,0,0,0,15,0,0,0,0,15,10,15,22,33,11,16,26,39,0,1,0,0,-1,0.0,0.0,0,0,-15,0,-15,-12,-15,-23,0,1,PETE RODRIGUEZ,JOE LAUZON
0,0,0.48,0.52,0.5,0.0,1,0,0,0,291,211,3,31,4,51,59,121,71,136,98,162,112,181,1,2,0,0,0,-0.03999999,0.5,1,0,-80,-1,-20,-12,-14,-19,1,2,SERGHEI SPIVAC,D
0,0,0.45,0.06,0.0,0.0,0,1,0,0,0,21,0,21,0,0,27,60,1,16,28,61,1,16,0,0,0,3,0,0.39,0.0,-1,0,21,0,21,26,27,45,0,-3,THIAGO MOISES,DEREK BRUNSON
0,0,0.31,0.34,0.37,0.25,0,0,0,0,26,38,0,38,0,26,100,315,76,219,101,318,78,225,3,8,1,4,0,-0.030000001,0.120000005,0,0,12,0,12,24,23,93,2,4,TABATHA RICCI,KATLYN CERMINARA
0,0,0.27,0.35,0.0,0.5,1,1,0,0,108,0,0,0,1,48,10,36,17,48,10,36,26,57,0,0,1,2,0,-0.07999998,-0.5,0,0,-108,-1,-48,-7,-16,-21,-1,-2,DAMARQUES JOHNSON,BRUNNO FERREIRA
0,2,0.31,0.62,0.0,0.5,1,0,0,0,250,1,0,1,4,10,6,19,15,24,6,19,77,90,0,0,1,2,-2,-0.31,-0.5,1,0,-249,-4,-9,-9,-71,-71,-1,-2,ISSEI TAMURA,TRA TELLIGMAN
0,1,0.33,0.4,0.0,0.0,0,0,0,0,1,0,0,0,0,1,2,6,4,10,2,6,4,10,0,0,0,0,-1,-0.06999999,0.0,0,0,-1,0,-1,-2,-2,-4,0,0,KRZYSZTOF JOTKO,ALVARO HERRERA MENDOZA
0,0,0.87,0.92,0.5,0.0,0,0,0,0,32,115,1,55,0,32,7,8,25,27,27,28,26,28,1,2,0,0,0,-0.050000012,0.5,0,0,83,1,23,-18,1,0,1,2,CHRIS CLEMENTS,TAMIRES VIDAL
0,0,0.42,0.36,0.0,0.0,0,0,0,0,0,51,0,51,0,0,58,136,48,130,60,139,50,132,0,8,0,0,0,0.059999973,0.0,0,0,51,0,51,10,10,7,0,8,FRANKIE EDGAR,CONSTANTINOS PHILIPPOU
0,2,0.85,0.54,0.0,0.0,0,0,0,0,0,22,0,22,0,0,12,14,19,35,12,14,31,47,0,0,0,0,-2,0.31,0.0,0,0,22,0,22,-7,-19,-33,0,0,BRYAN BARBERENA,MARCO POLO REYES
0,0,0.53,0.4,0.0,0.5,5,0,1,1,77,518,8,38,1,17,62,116,30,74,151,228,53,102,0,2,2,4,0,0.12999997,-0.5,5,0,441,7,21,32,98,126,-2,-2,NAOKI INOUE,PRESTON PARSONS
1,0,0.61,0.38,1.0,0.0,0,0,0,0,19,28,0,28,0,19,38,62,13,34,41,65,17,38,1,1,0,4,1,0.23000002,1.0,0,0,9,0,9,25,24,27,1,-3,DAVID TEYMUR,MICHAEL JOHNSON
0,1,0.47,0.53,0.0,0.0,0,0,0,0,17,0,0,0,0,17,16,34,23,43,16,34,28,48,0,0,0,0,-1,-0.059999973,0.0,0,0,-17,0,-17,-7,-12,-14,0,0,BOGDAN GUSKOV,SERGEI PAVLOVICH
0,0,0.36,0.53,0.0,0.0,0,0,0,0,12,82,1,22,0,12,8,22,7,13,8,23,21,28,0,0,0,1,0,-0.16999996,0.0,0,0,70,1,10,1,-13,-5,0,-1,ALONZO MENIFIELD,UROS MEDIC
0,1,0.31,0.64,0.0,1.0,0,2,0,0,59,180,3,0,0,59,9,29,25,39,19,42,37,52,0,2,1,1,-1,-0.32999998,-1.0,-2,0,121,3,-59,-16,-18,-10,-1,1,MATT BROWN,DIONE BARBOSA
0,1,0.37,0.24,0.38,0.0,0,0,0,0,16,291,4,51,0,16,54,143,23,93,78,167,25,95,5,13,0,1,-1,0.13000001,0.38,0,0,275,4,35,31,53,72,5,12,BRANDON MORENO,GURAM KUTATELADZE
0,0,0.0,0.88,0.66,0.0,1,1,0,0,0,118,1,58,0,0,0,9,8,9,0,10,8,10,2,3,0,0,0,-0.88,0.66,0,0,118,1,58,-8,-8,0,2,3,CHARLES JOURDAIN,OUMAR SY
0,1,0.41,0.44,0.0,0.0,0,0,0,0,40,13,0,13,0,40,23,56,39,88,24,57,43,92,0,1,0,0,-1,-0.030000001,0.0,0,0,-27,0,-27,-16,-19,-35,0,1,MELVIN GUILLARD,KHALIL ROUNTREE JR.
0,0,0.4,0.44,0.66,0.33,0,0,0,0,27,218,3,38,0,27,68,169,59,132,94,200,74,150,2,3,1,3,0,-0.03999999,0.33,0,0,191,3,11,9,20,50,1,0,AMIR ALBAZI,BETHE CORREIA
0,0,0.53,0.28,0.6,0.5,0,0,0,0,35,174,2,54,0,35,112,211,145,510,119,219,177,556,3,5,1,2,0,0.24999997,0.100000024,0,0,139,2,19,-33,-58,-337,2,3,BRANDON ROYVAL,ROBBIE LAWLER
0,2,0.2,0.61,0.0,0.0,0,0,0,0,1,0,0,0,0,1,3,15,13,21,3,15,13,21,0,1,0,0,-2,-0.41000003,0.0,0,0,-1,0,-1,-10,-10,-6,0,1,AMANDA NUNES,ALESSIO DI CHIRICO
1,0,0.58,0.4,0.6,0.0,3,0,0,0,94,414,6,54,1,34,54,92,23,57,82,129,68,107,3,5,0,2,1,0.17999998,0.6,3,0,320,5,20,31,14,22,3,3,YOUSSEF ZALAL,OSKAR PIECHOTA
0,0,0.62,1.0,0.0,0.66,0,1,0,0,234,0,0,0,3,54,5,8,4,4,10,13,20,23,0,0,2,3,0,-0.38,-0.66,-1,0,-234,-3,-54,1,-10,-10,-2,-3,VALTER WALKER,JOEL ALVAREZ
0,0,0.44,0.58,0.25,0.0,0,2,1,1,182,393,6,33,3,2,39,88,31,53,102,170,61,85,3,12,0,0,0,-0.13999999,0.25,-2,0,211,3,31,8,41,85,3,12,DARREN ELKINS,MIRANDA MAVERICK
0,0,0.55,0.18,1.0,1.0,1,1,0,0,100,294,4,54,1,40,10,18,4,22,24,33,21,40,1,1,1,1,0,0.37,0.0,0,0,194,3,14,6,3,-7,0,0,JAN BLACHOWICZ,YAN CABRAL
0,0,0.5,0.36,1.0,0.41,3,0,2,0,289,340,5,40,4,49,66,130,27,75,146,214,53,105,2,2,5,12,0,0.13999999,0.59000003,3,2,51,1,-9,39,93,109,-3,-10,FORREST GRIFFIN,NICK THOMPSON
0,0,0.39,0.54,1.0,0.0,1,0,0,0,11,72,1,12,0,11,13,33,12,22,14,36,16,26,1,1,0,0,0,-0.15000004,1.0,1,0,61,1,1,1,-2,10,1,1,ROSE NAMAJUNAS,WILSON GOUVEIA
0,2,0.2,0.52,0.0,0.0,0,0,0,0,9,0,0,0,0,9,2,10,23,44,2,10,23,44,0,0,0,0,-2,-0.32,0.0,0,0,-9,0,-9,-21,-21,-34,0,0,SERGEI PAVLOVICH,ANTHONY BIRCHAK
0,0,0.38,0.57,0.16,0.83,1,0,0,0,472,162,2,42,7,52,37,97,30,52,77,140,65,93,1,6,5,6,0,-0.19,-0.66999996,1,0,-310,-5,-10,7,12,47,-4,0,HACRAN DIAS,KARINE SILVA
0,0,0.46,0.67,0.66,0.0,2,0,1,0,292,171,2,51,4,52,6,13,31,46,12,20,37,52,2,3,0,0,0,-0.21000001,0.66,2,1,-121,-2,-1,-25,-25,-32,2,3,PAUL FELDER,TAMDAN MCCRORY
0,0,0.41,0.29,0.0,0.0,0,0,0,0,0,71,1,11,0,0,80,192,79,264,81,193,81,267,0,0,0,11,0,0.120000005,0.0,0,0,71,1,11,1,0,-74,0,-11,JOSE ALDO,JHONATA DINIZ
1,0,0.34,0.43,0.5,0.4,0,0,0,0,475,153,2,33,7,55,24,69,45,103,68,116,77,140,1,2,2,5,1,-0.09,0.099999994,0,0,-322,-5,-22,-21,-9,-24,-1,-3,NICHOLAS MUSOKE,CLINT HESTER
0,0,0.0,0.5,0.0,0.0,1,0,0,0,0,0,0,0,0,0,0,0,3,6,3,3,5,8,0,0,0,1,0,-0.5,0.0,1,0,0,0,0,-3,-2,-5,0,-1,ENSON INOUE,THALES LEITES
0,0,1.0,0.5,0.0,1.0,0,0,0,0,0,0,0,0,0,0,3,3,1,2,4,4,1,2,0,0,1,1,0,0.5,-1.0,0,0,0,0,0,2,3,2,-1,-1,MARK HALL,DON FRYE
0,0,0.45,0.41,0.0,0.2,0,0,0,0,26,20,0,20,0,26,116,257,78,190,121,263,85,199,0,3,1,5,0,0.03999999,-0.2,0,0,-6,0,-6,38,36,64,-1,-2,SONG YADONG,EVAN ELDER
0,0,0.68,0.47,0.28,0.33,1,0,1,0,93,419,6,59,1,33,15,22,16,34,47,64,41,61,2,7,1,3,0,0.21000001,-0.050000012,1,1,326,5,26,-1,6,3,1,4,STEPHANIE EGGER,CLAY GUIDA
0,2,0.28,0.29,0.0,0.0,0,0,1,0,60,15,0,15,1,0,40,140,25,85,43,143,29,90,0,0,0,1,-2,-0.00999999,0.0,0,1,-45,-1,15,15,14,53,0,-1,JAMES VICK,JACK MARSHMAN
0,0,0.5,0.56,1.0,0.0,0,0,0,0,0,193,3,13,0,0,46,92,18,32,77,130,29,43,2,2,0,0,0,-0.060000002,1.0,0,0,193,3,13,28,48,87,2,2,GUANGYOU NING,JENS PULVER
0,0,0.61,0.4,0.0,0.33,1,0,0,0,424,54,0,54,7,4,8,13,12,30,55,61,36,57,0,0,2,6,0,0.21000001,-0.33,1,0,-370,-7,50,-4,19,4,-2,-6,KEVIN BURNS,VICTORIA LEONARDO
1,0,0.47,0.4,0.0,0.0,0,0,0,0,0,6,0,6,0,0,11,23,6,15,11,23,6,15,0,0,0,0,1,0.06999999,0.0,0,0,6,0,6,5,5,8,0,0,TAI TUIVASA,VITOR BELFORT
0,0,0.45,0.35,1.0,0.0,0,1,0,0,0,46,0,46,0,0,40,87,33,92,45,92,42,102,2,2,0,0,0,0.099999994,1.0,-1,0,46,0,46,7,3,-10,2,2,ALEX MORONO,CARLA ESPARZA
0,0,0.35,0.48,0.66,0.37,1,0,0,0,185,42,0,42,3,5,36,102,66,136,59,126,106,180,2,3,3,8,0,-0.13,0.29000002,1,0,-143,-3,37,-30,-47,-54,-1,-5,MIRANDA MAVERICK,ALEXIS DAVIS
0,0,0.65,0.52,0.0,1.0,0,0,0,0,33,226,3,46,0,33,141,214,70,133,189,266,94,158,0,0,1,1,0,0.13,-1.0,0,0,193,3,13,71,95,108,-1,-1,HAKEEM DAWODU,CHARLES JOURDAIN
1,0,0.65,0.56,0.61,0.0,0,0,0,0,29,613,10,13,0,29,38,58,26,46,120,168,49,72,8,13,0,1,1,0.089999974,0.61,0,0,584,10,-16,12,71,96,8,12,KARL WILLIAMS,PETER SOBOTTA
0,0,0.47,0.47,1.0,0.0,0,0,0,0,0,167,2,47,0,0,112,238,127,265,123,250,132,273,4,4,0,0,0,0.0,1.0,0,0,167,2,47,-15,-9,-23,4,4,KELVIN GASTELUM,BRAD TAVARES
0,0,0.57,0.4,0.0,1.0,0,1,0,0,0,39,0,39,0,0,4,7,4,10,4,7,4,10,0,1,1,1,0,0.16999999,-1.0,-1,0,39,0,39,0,0,-3,-1,0,KYLE NOKE,NURSULTON RUZIBOEV
0,0,0.55,0.41,0.0,0.25,0,0,0,0,106,0,0,0,1,46,63,113,62,148,81,133,62,148,0,1,2,8,0,0.14000002,-0.25,0,0,-106,-1,-46,1,19,-15,-2,-7,ANTHONY PETTIS,HERMES FRANCA
0,0,0.65,0.61,0.4,0.5,1,1,1,3,293,408,6,48,4,53,64,98,65,105,77,113,159,208,6,15,1,2,0,0.03999996,-0.099999994,0,-2,115,2,-5,-1,-82,-95,5,13,MELQUIZAEL COSTA,JIRI PROCHAZKA
0,0,0.58,0.33,1.0,0.0,1,0,0,0,0,130,2,10,0,0,7,12,1,3,18,23,4,6,2,2,0,0,0,0.24999997,1.0,1,0,130,2,10,6,14,17,2,2,KEN STONE,BROCK LARSON
0,1,0.25,0.4,0.0,0.5,0,1,0,0,44,0,0,0,0,44,6,24,13,32,6,24,13,32,0,0,1,2,-1,-0.15,-0.5,-1,0,-44,0,-44,-7,-7,-8,-1,-2,RYAN SPANN,ALEX GARCIA
0,1,0.66,0.33,0.0,0.0,0,0,0,0,12,69,1,9,0,12,6,9,4,12,17,20,6,14,0,0,0,0,-1,0.33,0.0,0,0,57,1,-3,2,11,6,0,0,YORGAN DE CASTRO,JAMAHAL HILL
0,1,0.55,0.54,1.0,0.0,0,0,0,1,19,25,0,25,0,19,5,9,6,11,7,12,10,15,2,2,0,0,-1,0.00999999,1.0,0,-1,6,0,6,-1,-3,-3,2,2,BENOIT SAINT DENIS,MATT WIMAN
0,0,0.35,0.48,0.0,0.4,0,2,1,0,63,17,0,17,1,3,63,176,54,111,68,181,62,119,0,0,2,5,0,-0.13,-0.4,-2,1,-46,-1,14,9,6,62,-2,-5,CYNTHIA CALVILLO,DAVEY GRANT
0,0,0.59,0.48,0.75,1.0,0,0,1,0,6,464,7,44,0,6,64,107,30,62,160,218,41,73,3,4,1,1,0,0.109999985,-0.25,0,1,458,7,38,34,119,145,2,3,MONTEL JACKSON,HATSU HIOKI
0,0,0.38,0.47,0.0,0.0,1,0,0,0,269,65,1,5,4,29,32,83,36,76,74,129,60,100,0,4,0,2,0,-0.09,0.0,1,0,-204,-3,-24,-4,14,29,0,2,RONY JASON,TABATHA RICCI
0,0,0.75,0.5,0.0,0.33,1,1,0,0,111,0,0,0,1,51,3,4,5,10,3,4,9,14,0,0,1,3,0,0.25,-0.33,0,0,-111,-1,-51,-2,-6,-10,-1,-3,KIICHI KUNIMOTO,JALIN TURNER
1,0,0.9,0.42,0.0,0.0,0,0,0,0,0,5,0,5,0,0,9,10,3,7,9,10,3,7,0,0,0,0,1,0.48,0.0,0,0,5,0,5,6,6,3,0,0,MAIRBEK TAISUMOV,ROBBIE LAWLER
2,0,0.65,0.3,0.0,0.0,0,0,0,0,28,81,1,21,0,28,46,70,9,30,48,72,10,31,0,2,0,0,2,0.34999996,0.0,0,0,53,1,-7,37,38,41,0,2,BENEIL DARIUSH,CHRIS GUTIERREZ
1,0,0.58,0.37,0.0,0.0,0,0,0,0,2,2,0,2,0,2,10,17,10,27,10,17,10,27,0,0,0,1,1,0.20999998,0.0,0,0,0,0,0,0,0,-10,0,-1,EDSON BARBOZA,ED HERMAN
0,0,0.48,0.53,1.0,0.0,0,1,0,0,169,131,2,11,2,49,14,29,7,13,23,40,10,16,3,3,0,7,0,-0.049999982,1.0,-1,0,-38,0,-38,7,13,24,3,-4,TOM LAWLOR,MARK MUNOZ
1,0,0.25,0.39,0.0,0.75,0,1,0,0,41,488,8,8,0,41,35,135,41,104,67,179,61,124,0,3,3,4,1,-0.13999999,-0.75,-1,0,447,8,-33,-6,6,55,-3,-1,TAKEYA MIZUGAKI,JAMIE MOYLE
0,0,0.36,0.61,0.28,0.0,1,0,0,2,403,107,1,47,6,43,18,50,59,96,34,70,89,129,2,7,0,0,0,-0.25,0.28,1,-2,-296,-5,4,-41,-55,-59,2,7,PAUL CRAIG,JJ ALDRICH
0,0,0.56,0.56,1.0,0.14,0,0,0,0,36,665,11,5,0,36,63,112,14,25,103,164,73,89,4,4,1,7,0,0.0,0.86,0,0,629,11,-31,49,30,75,3,-3,TAKEYA MIZUGAKI,DANIEL SANTOS
0,0,0.48,0.44,0.0,0.25,0,0,0,1,282,69,1,9,4,42,30,62,63,142,33,65,118,204,0,1,2,8,0,0.03999999,-0.25,0,-1,-213,-3,-33,-33,-85,-139,-2,-7,ZHANG WEILI,TONY KELLEY
0,0,0.32,0.54,0.8,0.0,0,0,0,0,94,324,5,24,1,34,21,65,85,155,26,70,144,220,4,5,0,2,0,-0.22000003,0.8,0,0,230,4,-10,-64,-118,-150,4,3,CHAD ANHELIGER,TONY KELLEY
0,0,0.75,0.14,0.8,0.0,0,0,0,0,0,555,9,15,0,0,12,16,1,7,134,146,10,16,4,5,0,0,0,0.61,0.8,0,0,555,9,15,11,124,130,4,5,SEAN SHERK,GEORGES ST-PIERRE
0,0,0.48,0.43,0.5,0.25,0,1,1,1,26,134,2,14,0,26,66,135,28,64,85,158,31,67,1,2,1,4,0,0.049999982,0.25,-1,0,108,2,-12,38,54,91,0,-2,DA'MON BLACKSHEAR,EVAN ELDER
0,1,0.52,0.48,0.0,0.0,0,0,0,0,44,0,0,0,0,44,26,50,15,31,32,56,18,34,0,1,0,3,-1,0.03999999,0.0,0,0,-44,0,-44,11,14,22,0,-2,NASSOURDINE IMAVOV,TIM MEANS
0,0,0.46,0.8,0.5,0.0,1,0,0,0,23,237,3,57,0,23,20,43,4,5,45,68,5,6,1,2,0,0,0,-0.34,0.5,1,0,214,3,34,16,40,62,1,2,MARK BOCEK,BRENDAN ALLEN
0,0,0.66,0.59,0.4,0.0,3,0,0,1,40,403,6,43,0,40,28,42,16,27,51,74,72,86,2,5,0,0,0,0.07000005,0.4,3,-1,363,6,3,12,-21,-12,2,5,MARYNA MOROZ,SIMEON THORESEN
0,0,0.78,0.6,0.63,0.0,0,0,0,0,38,686,11,26,0,38,50,64,40,66,167,200,66,95,7,11,0,0,0,0.17999995,0.63,0,0,648,11,-12,10,101,105,7,11,DEVIN CLARK,GRANT DAWSON
0,0,0.4,0.63,0.75,0.6,0,2,0,0,143,358,5,58,2,23,11,27,24,38,31,51,33,52,3,4,3,5,0,-0.22999999,0.14999998,-2,0,215,3,35,-13,-2,-1,0,-1,CHARLES OLIVEIRA,KARLOS VEMOLA
0,0,0.25,0.31,0.0,1.0,0,0,0,0,352,0,0,0,5,52,18,72,26,82,35,89,81,147,0,0,3,3,0,-0.060000002,-1.0,0,0,-352,-5,-52,-8,-46,-58,-3,-3,CLIFFORD STARKS,JACOBE SMITH
0,0,0.4,0.45,0.33,0.0,5,0,0,0,137,236,3,56,2,17,34,83,33,72,41,92,47,88,2,6,0,1,0,-0.049999982,0.33,5,0,99,1,39,1,-6,4,2,5,YAIR RODRIGUEZ,JOSH SAMPO
0,0,0.34,0.3,0.2,0.0,0,0,0,0,0,38,0,38,0,0,28,82,59,194,29,83,59,194,1,5,0,0,0,0.03999999,0.2,0,0,38,0,38,-31,-30,-111,1,5,VINCE MORALES,SEAN SPENCER
0,0,0.52,0.36,0.75,0.0,0,0,0,0,0,185,3,5,0,0,58,111,20,55,78,132,32,67,3,4,0,3,0,0.15999997,0.75,0,0,185,3,5,38,46,65,3,1,GEORGES ST-PIERRE,DAMIR HADZOVIC
0,0,0.65,0.52,0.0,0.0,0,0,0,0,5,64,1,4,0,5,238,362,96,182,260,391,104,193,0,2,0,0,0,0.13,0.0,0,0,59,1,-1,142,156,198,0,2,NATE DIAZ,MAX HOLLOWAY
1,0,0.41,0.46,0.0,0.0,0,0,0,0,0,4,0,4,0,0,29,70,32,69,29,70,32,69,0,0,0,2,1,-0.050000012,0.0,0,0,4,0,4,-3,-3,1,0,-2,KENNEDY NZECHUKWU,NATE LANDWEHR
0,0,0.51,0.44,0.5,0.5,0,0,0,0,149,55,0,55,2,29,58,112,28,63,73,131,52,99,1,2,1,2,0,0.06999999,0.0,0,0,-94,-2,26,30,21,32,0,0,LOMA LOOKBOONMEE,NIKITA KRYLOV
0,0,0.46,0.5,0.38,0.0,1,0,1,1,48,483,8,3,0,48,36,77,67,133,91,148,78,146,5,13,0,0,0,-0.03999999,0.38,1,0,435,8,-45,-31,13,2,5,13,MATT BROWN,VICTOR HUGO
0,0,0.28,0.66,0.0,1.0,0,0,0,0,258,0,0,0,4,18,2,7,35,53,11,16,61,83,0,0,1,1,0,-0.38000003,-1.0,0,0,-258,-4,-18,-33,-50,-67,-1,-1,ISAAC DULGARIAN,KARLOS VEMOLA
1,0,0.5,0.41,0.0,0.0,0,0,0,0,29,409,6,49,0,29,95,187,33,79,158,254,67,115,0,0,0,1,1,0.09,0.0,0,0,380,6,20,62,91,139,0,-1,SEUNGWOO CHOI,JORGE RIVERA
0,0,0.09,0.59,0.0,0.6,1,0,0,0,597,0,0,0,9,57,4,41,61,103,28,70,78,127,0,0,6,10,0,-0.49999997,-0.6,1,0,-597,-9,-57,-57,-50,-57,-6,-10,JUSTIN SCOGGINS,MATT GRICE
0,1,0.47,0.48,0.0,0.0,0,0,0,0,18,0,0,0,0,18,8,17,29,60,8,17,29,60,0,1,0,0,-1,-0.00999999,0.0,0,0,-18,0,-18,-21,-21,-43,0,1,DIEGO FERREIRA,ANTHONY JOHNSON
1,0,0.37,0.5,0.0,0.0,0,0,0,0,0,1,0,1,0,0,3,8,11,22,3,8,11,22,0,0,0,0,1,-0.13,0.0,0,0,1,0,1,-8,-8,-14,0,0,RONY JASON,JUSTIN EILERS
0,0,0.47,0.55,0.75,0.3,0,1,2,0,132,512,8,32,2,12,51,107,38,69,72,129,45,78,3,4,3,10,0,-0.08000001,0.45,-1,2,380,6,20,13,27,51,0,-6,BRYCE MITCHELL,MILANA DUDIEVA
0,1,0.49,0.43,0.83,0.0,0,0,0,0,57,411,6,51,0,57,94,191,44,101,151,252,52,110,5,6,0,5,-1,0.060000002,0.83,0,0,354,6,-6,50,99,142,5,1,LEONARDO MAFRA,D
0,0,0.5,0.38,1.0,0.5,0,0,1,0,294,302,5,2,4,54,59,118,40,104,112,176,46,110,2,2,2,4,0,0.120000005,0.5,0,1,8,1,-52,19,66,66,0,-2,BILL ALGEO,DAVE STRASSER
0,0,0.6,0.0,1.0,0.0,1,0,0,0,0,161,2,41,0,0,3,5,0,4,16,18,0,4,1,1,0,0,0,0.6,1.0,1,0,161,2,41,3,16,14,1,1,MARA ROMERO BORELLA,KENNY FLORIAN
1,0,0.36,0.44,0.2,0.0,1,0,0,0,0,171,2,51,0,0,18,50,8,18,33,65,12,22,1,5,0,0,1,-0.07999998,0.2,1,0,171,2,51,10,21,43,1,5,JOSEPH BENAVIDEZ,CYNTHIA CALVILLO
1,0,0.62,0.46,0.0,0.0,0,0,0,0,0,13,0,13,0,0,99,159,48,104,102,162,48,104,0,2,0,0,1,0.16,0.0,0,0,13,0,13,51,54,58,0,2,PAULO COSTA,FATIMA KLINE
0,0,0.48,0.37,0.0,0.2,0,0,0,0,180,26,0,26,3,0,103,212,77,206,116,225,95,225,0,1,2,10,0,0.109999985,-0.2,0,0,-154,-3,26,26,21,0,-2,-9,TRACY CORTEZ,CUB SWANSON
0,0,0.46,0.34,0.0,0.66,0,0,0,0,424,0,0,0,7,4,29,62,33,96,86,123,78,150,0,0,4,6,0,0.120000005,-0.66,0,0,-424,-7,-4,-4,8,-27,-4,-6,WILSON REIS,ARIANE CARNELOSSI
0,0,0.6,0.6,0.5,0.0,1,0,2,1,43,148,2,28,0,43,6,10,21,35,22,29,28,45,1,2,0,0,0,0.0,0.5,1,1,105,2,-15,-15,-6,-16,1,2,MISHA CIRKUNOV,ARIANE CARNELOSSI
0,1,0.43,0.4,0.0,0.0,0,0,0,0,2,0,0,0,0,2,73,168,62,155,73,168,62,155,0,1,0,2,-1,0.030000001,0.0,0,0,-2,0,-2,11,11,13,0,-1,MELVIN GUILLARD,ZAK CUMMINGS
0,0,0.4,0.62,0.0,0.75,0,0,2,0,468,237,3,57,7,48,27,67,18,29,107,152,88,106,0,0,3,4,0,-0.22,-0.75,0,2,-231,-4,9,9,19,46,-3,-4,ROYSTON WEE,MICKAEL LEBOUT
1,0,0.35,0.43,0.33,0.62,0,1,0,0,418,112,1,52,6,58,46,130,38,88,82,171,78,139,1,3,5,8,1,-0.08000001,-0.29,-1,0,-306,-5,-6,8,4,32,-4,-5,VISCARDI ANDRADE,JARRED BROOKS
0,0,0.48,0.18,0.0,0.4,1,2,1,1,226,292,4,52,3,46,21,43,8,44,66,92,63,104,0,0,4,10,0,0.29999998,-0.4,-1,0,66,1,6,13,3,-12,-4,-10,YVES EDWARDS,RYAN LAFLARE
1,0,0.36,0.25,0.0,0.0,0,0,0,0,0,15,0,15,0,0,17,46,8,31,37,70,9,32,0,0,0,2,1,0.110000014,0.0,0,0,15,0,15,9,28,38,0,-2,RENAN BARAO,MATT HAMILL
0,0,0.54,0.33,0.66,0.0,1,0,0,0,21,529,8,49,0,21,26,48,10,30,43,69,12,32,4,6,0,0,0,0.21000001,0.66,1,0,508,8,28,16,31,37,4,6,MICHEL PRAZERES,JACK SHORE
0,0,0.59,0.37,0.0,0.55,0,1,6,2,280,389,6,29,4,40,53,89,11,29,105,149,20,42,0,0,5,9,0,0.21999997,-0.55,-1,4,109,2,-11,42,85,107,-5,-9,CAMERON SAAIMAN,NICK THOMPSON
0,0,0.42,0.33,0.0,0.0,0,0,0,0,24,46,0,46,0,24,33,78,40,121,34,79,45,127,0,4,0,4,0,0.089999974,0.0,0,0,22,0,22,-7,-11,-48,0,0,COREY ANDERSON,MATHEUS NICOLAU
0,0,0.68,0.63,0.44,0.0,0,0,0,0,17,404,6,44,0,17,33,48,36,57,77,99,47,71,4,9,0,0,0,0.050000012,0.44,0,0,387,6,27,-3,30,28,4,9,PRISCILA CACHOEIRA,ANDRE PETROSKI
0,0,0.59,0.62,0.57,1.0,0,0,0,0,22,668,11,8,0,22,48,81,22,35,276,321,40,53,4,7,1,1,0,-0.030000031,-0.43,0,0,646,11,-14,26,236,268,3,6,MATTHEW RIDDLE,COLBY COVINGTON
0,0,0.5,0.31,0.77,0.0,2,0,0,0,0,471,7,51,0,0,13,26,7,22,30,48,35,51,7,9,0,0,0,0.19,0.77,2,0,471,7,51,6,-5,-3,7,9,GREGOR GILLESPIE,KHABIB NURMAGOMEDOV
0,0,0.32,0.31,0.42,0.08,0,0,0,1,704,319,5,19,11,44,24,75,35,112,98,160,97,188,3,7,1,12,0,0.00999999,0.33999997,0,-1,-385,-6,-25,-11,1,-28,2,-5,JAKE SHIELDS,PAWEL PAWLAK
0,0,0.76,0.51,0.83,0.0,1,0,0,0,31,439,7,19,0,31,38,50,16,31,80,97,42,65,5,6,0,1,0,0.25,0.83,1,0,408,7,-12,22,38,32,5,5,NIK LENTZ,VALENTINA SHEVCHENKO
0,0,0.73,0.11,1.0,0.0,1,0,0,0,0,150,2,30,0,0,19,26,1,9,28,37,1,9,1,1,0,0,0,0.62,1.0,1,0,150,2,30,18,27,28,1,1,MARTIN KAMPMANN,OTTMAN AZAITAR
0,0,0.28,0.2,0.0,0.0,0,0,0,0,3,15,0,15,0,3,40,139,44,210,51,150,48,214,0,5,0,0,0,0.08,0.0,0,0,12,0,12,-4,3,-64,0,5,HOLLY HOLM,MARK HOMINICK
0,0,0.33,0.71,0.33,0.0,0,0,0,0,23,64,1,4,0,23,5,15,5,7,19,34,16,19,1,3,0,0,0,-0.37999997,0.33,0,0,41,1,-19,0,3,15,1,3,RAMSEY NIJEM,JACARE SOUZA
0,1,0.5,0.52,0.0,0.0,0,0,0,0,19,0,0,0,0,19,5,10,22,42,5,10,22,42,0,0,0,0,-1,-0.01999998,0.0,0,0,-19,0,-19,-17,-17,-32,0,0,EDDIE GORDON,JOE LAUZON
0,0,0.48,0.47,0.54,0.0,2,2,0,2,214,565,9,25,3,34,22,45,42,89,65,100,60,109,6,11,0,0,0,0.00999999,0.54,0,-2,351,6,-9,-20,5,-9,6,11,ROLAND DELORME,CB DOLLAWAY
0,1,0.29,0.6,0.0,0.0,0,0,0,0,5,0,0,0,0,5,12,41,21,35,12,41,22,36,0,0,0,0,-1,-0.31000003,0.0,0,0,-5,0,-5,-9,-10,5,0,0,CONOR MCGREGOR,RAFAEL FIZIEV
0,0,0.51,0.39,0.0,0.3,0,1,0,0,411,29,0,29,6,51,90,175,148,372,120,205,256,496,0,3,3,10,0,0.120000005,-0.3,-1,0,-382,-6,-22,-58,-136,-291,-3,-7,JACK HERMANSSON,ANGE LOOSA
0,0,0.6,0.45,0.46,0.0,0,0,0,0,40,646,10,46,0,40,48,80,26,57,126,163,36,67,6,13,0,0,0,0.15000004,0.46,0,0,606,10,6,22,90,96,6,13,KAMARU USMAN,MIKE PIERCE
4,0,0.58,0.33,0.8,0.14,1,3,0,0,80,603,10,3,1,20,25,43,8,24,91,117,39,60,4,5,1,7,4,0.24999997,0.66,-2,0,523,9,-17,17,52,57,3,-2,MONTEL JACKSON,BRAD BLACKBURN
0,0,0.57,0.41,0.0,0.16,0,1,0,0,346,12,0,12,5,46,67,117,37,89,117,168,69,125,0,1,2,12,0,0.16,-0.16,-1,0,-334,-5,-34,30,48,43,-2,-11,TAKEYA MIZUGAKI,JEFF MOLINA
0,0,0.51,0.19,0.7,1.0,0,1,0,0,57,661,11,1,0,57,18,35,7,36,124,168,22,51,7,10,1,1,0,0.32,-0.3,-1,0,604,11,-56,11,102,117,6,9,ROUSIMAR PALHARES,NC
0,0,0.66,0.71,0.0,1.0,2,0,1,0,220,84,1,24,3,40,47,71,20,28,59,85,28,37,0,0,1,1,0,-0.049999952,-1.0,2,1,-136,-2,-16,27,31,48,-1,-1,BOGDAN GUSKOV,ALBERTO MINA
0,0,0.44,0.25,0.0,0.0,0,0,0,0,2,11,0,11,0,2,86,195,51,198,88,197,51,198,0,0,0,4,0,0.19,0.0,0,0,9,0,9,35,37,-1,0,-4,JOHN MAKDESSI,NASRAT HAQPARAST
0,1,0.28,0.33,0.0,0.0,0,0,0,0,3,0,0,0,0,3,2,7,5,15,2,7,6,16,0,1,0,0,-1,-0.050000012,0.0,0,0,-3,0,-3,-3,-4,-9,0,1,TONY GRAVELY,JEREMIAH WELLS
0,0,0.33,0.45,0.57,0.37,0,0,1,0,149,273,4,33,2,29,68,205,71,155,94,234,91,182,4,7,3,8,0,-0.119999975,0.19999999,0,1,124,2,4,-3,3,52,1,-1,BRAD PICKETT,AL IAQUINTA
0,0,0.51,0.49,0.0,0.0,0,0,0,0,12,225,3,45,0,12,46,89,67,135,57,102,80,148,0,0,0,0,0,0.01999998,0.0,0,0,213,3,33,-21,-23,-46,0,0,IAN MACHADO GARRY,SHAMIL ABDURAKHIMOV
0,0,0.0,0.0,0.4,0.0,2,0,0,0,0,116,1,56,0,0,0,1,0,0,1,2,0,0,2,5,0,0,0,0.0,0.4,2,0,116,1,56,0,1,2,2,5,KHAMZAT CHIMAEV,TRAVIS LUTTER
0,0,0.63,0.62,0.85,0.0,0,5,0,2,222,629,10,29,3,42,31,49,15,24,142,165,62,71,6,7,0,0,0,0.00999999,0.85,-5,-2,407,7,-13,16,80,94,6,7,DAN MILLER,JON FITCH
0,1,0.4,0.61,0.33,0.5,0,0,0,0,478,7,0,7,7,58,86,210,138,226,87,212,202,297,1,3,1,2,-1,-0.21000001,-0.16999999,0,0,-471,-7,-51,-52,-115,-85,0,1,GLOVER TEIXEIRA,JOSH STANSBURY
1,0,0.4,0.38,0.5,0.25,0,0,0,0,54,16,0,16,0,54,133,327,88,230,134,328,94,237,2,4,1,4,1,0.02000001,0.25,0,0,-38,0,-38,45,40,91,1,0,JOHN LINEKER,SHANE YOUNG
0,0,0.62,0.45,0.0,0.5,0,4,0,0,211,554,9,14,3,31,35,56,11,24,85,112,59,78,0,0,3,6,0,0.17000002,-0.5,-4,0,343,6,-17,24,26,34,-3,-6,CAOL UNO,DANNY ROBERTS
0,0,0.45,0.4,0.3,0.0,0,0,0,1,67,271,4,31,1,7,64,141,57,141,88,168,72,158,4,13,0,0,0,0.049999982,0.3,0,-1,204,3,24,7,16,10,4,13,MICHAEL BISPING,CHRIS WEIDMAN
1,0,0.12,0.35,0.0,0.0,1,0,0,0,0,13,0,13,0,0,2,16,10,28,2,16,10,28,0,0,0,0,1,-0.22999999,0.0,1,0,13,0,13,-8,-8,-12,0,0,MATT HUGHES,TRAVIS LUTTER
0,0,0.19,0.18,0.66,0.0,3,0,0,0,0,124,2,4,0,0,14,71,7,37,24,85,10,40,2,3,0,0,0,0.00999999,0.66,3,0,124,2,4,7,14,45,2,3,JOHNNY MUNOZ,CLAY GUIDA
0,2,0.42,0.54,0.0,0.4,0,0,0,0,237,61,1,1,3,57,99,231,60,110,106,238,84,135,0,4,2,5,-2,-0.120000035,-0.4,0,0,-176,-2,-56,39,22,103,-2,-1,DUANE LUDWIG,DARIA ZHELEZNIAKOVA
0,0,1.0,0.72,0.0,0.5,0,2,0,0,275,99,1,39,4,35,5,5,13,18,17,20,24,30,0,2,1,2,0,0.27999997,-0.5,-2,0,-176,-3,4,-8,-7,-10,-1,0,CLAUDE PATRICK,JESSE TAYLOR
0,1,0.16,0.5,0.0,0.0,0,0,0,0,1,0,0,0,0,1,2,12,10,20,2,12,10,20,0,0,0,0,-1,-0.34,0.0,0,0,-1,0,-1,-8,-8,-8,0,0,CHRIS GUTIERREZ,LYOTO MACHIDA
0,0,0.44,0.53,0.0,0.33,0,0,1,0,443,58,0,58,7,23,54,121,62,116,74,145,74,132,0,1,5,15,0,-0.089999974,-0.33,0,1,-385,-7,35,-8,0,13,-5,-14,BENEIL DARIUSH,NIK LENTZ
0,1,0.23,0.36,0.0,1.0,0,1,0,0,226,27,0,27,3,46,39,164,48,130,43,169,69,151,0,5,2,2,-1,-0.13000001,-1.0,-1,0,-199,-3,-19,-9,-26,18,-2,3,TIM MEANS,DIEGO SANCHEZ
0,0,0.71,0.67,0.12,0.0,0,1,0,0,108,190,3,10,1,48,32,45,42,62,42,55,53,74,1,8,0,1,0,0.03999996,0.12,-1,0,82,2,-38,-10,-11,-19,1,7,ALEKSANDRA ALBU,JIMI MANUWA
1,0,0.54,0.49,0.2,0.5,0,1,0,1,59,32,0,32,0,59,44,81,59,120,52,89,60,121,1,5,1,2,1,0.050000012,-0.3,-1,-1,-27,0,-27,-15,-8,-32,0,3,CHARLES JOHNSON,SHANNA YOUNG
0,0,0.55,0.4,0.66,0.0,0,0,0,0,57,181,3,1,0,57,45,81,44,109,54,90,56,121,2,3,0,0,0,0.15,0.66,0,0,124,3,-56,1,-2,-31,2,3,MODESTAS BUKAUSKAS,IRWIN RIVERA
0,0,0.53,0.5,0.0,0.0,0,0,0,0,0,103,1,43,0,0,7,13,4,8,12,18,7,11,0,0,0,0,0,0.029999971,0.0,0,0,103,1,43,3,5,7,0,0,EVAN TANNER,ROMAN DOLIDZE
0,0,0.6,0.72,0.0,0.44,0,0,0,0,540,225,3,45,9,0,28,46,47,65,47,67,133,163,0,7,4,9,0,-0.120000005,-0.44,0,0,-315,-6,45,-19,-86,-96,-4,-2,CHRIS WADE,AILIN PEREZ
0,0,0.41,0.43,1.0,0.5,1,0,0,0,346,255,4,15,5,46,44,105,14,32,83,147,59,78,1,1,4,8,0,-0.02000001,0.5,1,0,-91,-1,-31,30,24,69,-3,-7,DUSTIN HAZELETT,JARED ROSHOLT
0,0,0.56,0.45,0.6,0.2,1,0,0,1,80,409,6,49,1,20,230,404,159,352,251,434,186,383,3,5,1,5,0,0.110000014,0.40000004,1,-1,329,5,29,71,65,51,2,0,MAX HOLLOWAY,ALEXANDER VOLKANOVSKI
1,0,0.46,0.57,0.0,0.0,0,0,0,0,0,2,0,2,0,0,19,41,23,40,19,41,24,41,0,0,0,0,1,-0.109999985,0.0,0,0,2,0,2,-4,-5,0,0,0,STEVIE RAY,IKE VILLANUEVA
0,1,0.49,0.72,0.0,0.0,0,2,0,0,203,69,1,9,3,23,49,99,89,123,58,111,143,184,0,1,0,1,-1,-0.23000002,0.0,-2,0,-134,-2,-14,-40,-85,-73,0,0,FABIO MALDONADO,IGNACIO BAHAMONDES
0,0,0.33,0.5,1.0,0.0,1,0,0,0,0,38,0,38,0,0,1,3,1,2,1,3,2,3,1,1,0,0,0,-0.16999999,1.0,1,0,38,0,38,0,-1,0,1,1,YOSHIYUKI YOSHIDA,FABIANO IHA
1,0,0.64,0.43,0.0,1.0,0,0,0,0,5,2,0,2,0,5,59,92,34,79,60,93,34,79,0,0,1,1,1,0.20999998,-1.0,0,0,-3,0,-3,25,26,14,-1,-1,MARCIN PRACHNIO,PADDY PIMBLETT
1,0,0.58,0.35,0.0,0.0,1,0,0,0,4,416,6,56,0,4,60,102,11,31,127,174,19,42,0,0,0,0,1,0.22999999,0.0,1,0,412,6,52,49,108,132,0,0,TONY FRYKLUND,CHRISTIAN LEROY DUNCAN
0,1,0.3,0.37,0.28,0.5,1,0,0,0,20,56,0,56,0,20,62,201,50,134,66,205,51,135,2,7,1,2,-1,-0.06999999,-0.22,1,0,36,0,36,12,15,70,1,5,COURT MCGEE,COURT MCGEE
0,1,0.4,0.65,0.0,0.66,0,4,0,0,286,114,1,54,4,46,16,40,17,26,19,43,21,31,0,0,2,3,-1,-0.24999997,-0.66,-4,0,-172,-3,8,-1,-2,12,-2,-3,DEIVESON FIGUEIREDO,JON DELOS REYES
1,0,0.5,0.33,0.0,0.5,0,0,0,0,13,33,0,33,0,13,44,87,16,48,48,94,17,49,0,0,1,2,1,0.16999999,-0.5,0,0,20,0,20,28,31,45,-1,-2,DUSTIN POIRIER,IKRAM ALISKEROV
0,0,0.65,0.47,0.57,0.0,2,0,0,0,25,525,8,45,0,25,39,60,25,53,58,84,34,62,8,14,0,0,0,0.17999998,0.57,2,0,500,8,20,14,24,22,8,14,ANTHONY HERNANDEZ,GRANT DAWSON
0,0,0.52,0.4,0.09,0.5,0,0,1,3,86,359,5,59,1,26,46,87,70,171,74,119,148,258,1,11,1,2,0,0.119999975,-0.41,0,-2,273,4,33,-24,-74,-139,0,9,IRENE ALDANA,ABU AZAITAR
0,0,0.38,0.32,0.2,0.35,1,1,2,1,160,252,4,12,2,40,31,81,26,81,45,95,34,91,1,5,6,17,0,0.060000002,-0.14999999,0,1,92,2,-28,5,11,4,-5,-12,ZACH MAKOVSKY,BENSON HENDERSON
0,1,0.53,0.64,1.0,0.0,0,0,0,0,34,55,0,55,0,34,7,13,20,31,12,18,22,33,1,1,0,0,-1,-0.110000014,1.0,0,0,21,0,21,-13,-10,-15,1,1,TODD DUFFEE,SONG KENAN
0,0,0.5,0.58,1.0,1.0,0,3,1,0,333,23,0,23,5,33,35,70,86,147,58,94,117,197,1,1,6,6,0,-0.07999998,0.0,-3,1,-310,-5,-10,-51,-59,-103,-5,-5,DRICUS DU PLESSIS,KEVIN LEE
0,1,0.37,0.5,0.0,1.0,0,0,0,0,8,5,0,5,0,8,20,53,52,104,20,53,52,104,0,1,1,1,-1,-0.13,-1.0,0,0,-3,0,-3,-32,-32,-51,-1,0,THIAGO SANTOS,DIEGO SANCHEZ
2,0,0.6,0.2,0.66,0.0,0,0,0,0,24,147,2,27,0,24,24,40,2,10,32,48,19,28,2,3,0,2,2,0.40000004,0.66,0,0,123,2,3,22,13,20,2,1,LYOTO MACHIDA,BRANDON VERA
0,0,0.48,0.35,0.37,0.0,2,0,0,0,30,153,2,33,0,30,80,164,55,153,90,176,57,155,3,8,0,0,0,0.13,0.37,2,0,123,2,3,25,33,21,3,8,KYLER PHILLIPS,FORREST GRIFFIN
0,0,0.43,0.58,0.0,0.25,0,0,0,0,61,24,0,24,1,1,73,168,78,134,74,169,83,140,0,0,1,4,0,-0.14999998,-0.25,0,0,-37,-1,23,-5,-9,29,-1,-4,ABUS MAGOMEDOV,DONALD CERRONE
0,0,0.39,0.25,1.0,0.0,0,1,0,0,86,126,2,6,1,26,37,93,25,100,59,115,28,104,1,1,0,8,0,0.13999999,1.0,-1,0,40,1,-20,12,31,11,1,-7,GRAY MAYNARD,ERYK ANDERS
0,0,0.47,0.5,0.25,0.0,0,0,0,0,1,18,0,18,0,1,105,220,110,216,106,221,110,216,1,4,0,0,0,-0.030000001,0.25,0,0,17,0,17,-5,-4,5,1,4,MICHEL PEREIRA,CIRYL GANE
0,1,0.6,0.48,0.44,0.0,0,0,0,0,175,457,7,37,2,55,57,95,70,143,95,135,164,255,4,9,0,4,-1,0.120000035,0.44,0,0,282,5,-18,-13,-69,-120,4,5,ISLAM MAKHACHEV,CORY MCKENNA
0,0,0.57,0.28,1.0,0.0,1,1,0,2,93,245,4,5,1,33,8,14,2,7,14,20,18,23,4,4,0,0,0,0.29,1.0,0,-2,152,3,-28,6,-4,-3,4,4,MATT HUGHES,HECTOR URBINA
0,0,0.39,0.48,0.75,0.0,1,0,0,0,8,371,6,11,0,8,54,136,80,166,92,177,97,185,3,4,0,3,0,-0.09,0.75,1,0,363,6,3,-26,-5,-8,3,1,JIM MILLER,EDIMILSON SOUZA
0,1,0.32,0.56,0.0,0.0,0,0,0,0,6,0,0,0,0,6,15,46,29,51,16,47,30,52,0,0,0,1,-1,-0.24000001,0.0,0,0,-6,0,-6,-14,-14,-5,0,-1,STANISLAV NEDKOV,JUSTIN GAETHJE
1,0,0.56,0.33,1.0,0.0,2,0,0,0,1,363,6,3,0,1,62,109,2,6,129,217,2,6,1,1,0,0,1,0.22999999,1.0,2,0,362,6,2,60,127,211,1,1,CHASE HOOPER,ISAAC DULGARIAN
0,1,0.71,0.43,1.0,0.0,0,0,0,0,0,384,6,24,0,0,51,71,21,48,73,95,42,74,1,1,0,1,-1,0.27999997,1.0,0,0,384,6,24,30,31,21,1,0,ANTONIO SILVA,CHAD LAPRISE
0,0,0.92,0.27,0.4,0.0,0,3,0,0,19,790,13,10,0,19,24,26,3,11,156,177,54,63,2,5,0,1,0,0.65,0.4,-3,0,771,13,-9,21,102,114,2,4,CHARLIE BRENNEMAN,GEORGES ST-PIERRE
0,0,0.77,0.2,1.0,0.0,0,0,0,0,8,343,5,43,0,8,41,53,5,24,54,66,15,35,5,5,0,1,0,0.57,1.0,0,0,335,5,35,36,39,31,5,4,TREVIN GILES,BROCK LESNAR
0,0,0.66,0.27,1.0,1.0,2,0,1,0,27,108,1,48,0,27,6,9,5,18,10,13,5,18,2,2,1,1,0,0.39000002,0.0,2,1,81,1,21,1,5,-5,1,1,RICH CLEMENTI,JACARE SOUZA
1,0,0.53,0.36,0.0,0.0,0,0,0,0,0,1,0,1,0,0,43,81,25,69,43,81,25,69,0,0,0,0,1,0.16999996,0.0,0,0,1,0,1,18,18,12,0,0,JACK DELLA MADDALENA,JESSICA ANDRADE
0,0,0.43,0.5,0.5,0.0,10,0,2,1,144,677,11,17,2,24,21,48,16,32,59,90,95,119,1,2,0,1,0,-0.06999999,0.5,10,1,533,9,-7,5,-36,-29,1,1,COLE MILLER,JAMES WILKS
0,0,0.42,0.28,0.54,0.0,1,0,0,0,0,670,11,10,0,0,27,64,24,84,44,85,41,103,6,11,0,0,0,0.13999999,0.54,1,0,670,11,10,3,3,-18,6,11,CLAY GUIDA,MIKE PIERCE
0,0,0.29,0.48,0.0,0.45,0,0,0,0,721,3,0,3,12,1,40,137,51,106,53,151,76,141,0,0,5,11,0,-0.19,-0.45,0,0,-718,-12,2,-11,-23,10,-5,-11,TIM KENNEDY,GREGOR GILLESPIE
0,1,0.37,0.36,0.25,0.0,0,0,0,0,55,140,2,20,0,55,23,61,27,73,29,68,42,89,1,4,0,1,-1,0.00999999,0.25,0,0,85,2,-35,-4,-13,-21,1,3,FRANCISCO RIVERA,THALES LEITES
1,1,0.61,0.68,0.0,0.0,0,0,0,0,66,49,0,49,1,6,19,31,31,45,24,36,33,47,0,2,0,1,0,-0.06999999,0.0,0,0,-17,-1,43,-12,-9,-11,0,1,ALEKSANDAR RAKIC,TAI TUIVASA
0,0,0.56,0.43,0.66,0.0,0,0,0,0,87,288,4,48,1,27,29,51,18,41,99,127,23,47,2,3,0,3,0,0.13,0.66,0,0,201,3,21,11,76,80,2,0,MAGOMED MUSTAFAEV,TIM BOETSCH
0,0,0.64,0.27,0.66,0.16,0,0,0,0,103,451,7,31,1,43,61,95,19,69,109,149,38,89,4,6,1,6,0,0.36999997,0.5,0,0,348,6,-12,42,71,60,3,0,KING GREEN,FARES ZIAM
0,0,0.54,0.35,0.0,1.0,0,2,0,0,28,78,1,18,0,28,13,24,14,40,14,25,16,42,0,0,1,1,0,0.19000003,-1.0,-2,0,50,1,-10,-1,-2,-17,-1,-1,MATT SCHNELL,LUKE ROCKHOLD
1,0,0.58,0.5,0.0,0.0,0,0,0,0,0,18,0,18,0,0,14,24,6,12,14,24,6,12,0,0,0,1,1,0.07999998,0.0,0,0,18,0,18,8,8,12,0,-1,MARC-ANDRE BARRIAULT,CARLOS ULBERG
0,2,0.48,0.53,0.2,0.0,0,1,0,0,546,128,2,8,9,6,149,305,86,161,193,350,96,172,1,5,0,1,-2,-0.049999982,0.2,-1,0,-418,-7,2,63,97,178,1,4,JOSE ALDO,ZAC PAUGA
0,1,0.54,0.58,0.11,0.66,0,0,0,0,150,116,1,56,2,30,78,144,81,139,113,187,97,155,1,9,2,3,-1,-0.03999996,-0.55,0,0,-34,-1,26,-3,16,32,-1,6,BENARDO SOPAJ,RODOLFO BELLATO
1,0,0.5,0.39,0.0,0.0,0,0,0,0,0,2,0,2,0,0,22,44,15,38,25,47,17,41,0,0,0,0,1,0.110000014,0.0,0,0,2,0,2,7,8,6,0,0,JUSTIN WILLIS,MAGNUS CEDENBLAD
1,0,0.78,0.41,0.0,0.0,0,0,0,0,0,213,3,33,0,0,55,70,21,51,59,76,27,59,0,1,0,0,1,0.36999997,0.0,0,0,213,3,33,34,32,17,0,1,ALISTAIR OVEREEM,JOHNNY WALKER
0,1,0.6,0.44,0.0,0.0,0,0,0,0,93,13,0,13,1,33,6,10,12,27,16,20,30,45,0,0,0,1,-1,0.16000003,0.0,0,0,-80,-1,-20,-6,-14,-25,0,-1,AMAURY BITETTI,RANDY BROWN
0,0,0.92,0.12,0.0,0.0,3,0,0,0,53,3,0,3,0,53,23,25,1,8,43,47,3,10,0,1,0,0,0,0.8,0.0,3,0,-50,0,-50,22,40,37,0,1,PAUL CRAIG,BRANDEN LEE HINKLE
0,0,0.44,0.33,0.41,1.0,0,1,0,1,50,637,10,37,0,50,26,58,22,66,87,129,52,97,7,17,1,1,0,0.109999985,-0.59000003,-1,-1,587,10,-13,4,35,32,6,16,MARK BOCEK,JONATHAN PEARCE
1,0,0.45,0.31,0.0,0.16,0,0,0,0,97,0,0,0,1,37,47,104,29,91,57,119,30,93,0,0,1,6,1,0.13999999,-0.16,0,0,-97,-1,-37,18,27,26,-1,-6,JOHN MAKDESSI,MARTIN BRAVO
0,0,0.55,0.59,1.0,0.09,0,0,1,0,118,296,4,56,1,58,49,89,16,27,63,103,27,38,1,1,1,11,0,-0.03999996,0.90999997,0,1,178,3,-2,33,36,65,0,-10,RICH FRANKLIN,OBAN ELLIOTT
0,1,0.48,0.58,0.0,0.0,0,0,0,0,26,0,0,0,0,26,15,31,45,77,15,31,45,77,0,2,0,0,-1,-0.099999994,0.0,0,0,-26,0,-26,-30,-30,-46,0,2,GARRETT ARMFIELD,JORGE MASVIDAL
0,0,0.59,0.51,0.5,0.33,0,2,0,1,179,137,2,17,2,59,58,98,40,77,66,107,52,89,4,8,1,3,0,0.07999998,0.16999999,-2,-1,-42,0,-42,18,14,18,3,5,ROGERIO BONTORIN,LOMA LOOKBOONMEE
0,0,0.8,0.0,0.0,0.0,0,0,0,0,0,4,0,4,0,0,8,10,0,0,12,15,0,0,0,0,0,2,0,0.8,0.0,0,0,4,0,4,8,12,15,0,-2,CARLO PRATER,ANTHONY JOHNSON
1,0,0.5,0.29,0.0,0.0,0,0,0,0,16,1,0,1,0,16,11,22,5,17,11,22,5,17,0,0,0,1,1,0.21000001,0.0,0,0,-15,0,-15,6,6,5,0,-1,VICENTE LUQUE,MIKE PERRY
1,0,0.46,0.33,0.66,0.0,0,0,0,0,71,33,0,33,1,11,82,178,67,199,89,185,71,206,2,3,0,1,1,0.13,0.66,0,0,-38,-1,22,15,18,-21,2,2,JAI HERBERT,KAI KARA-FRANCE
0,1,0.5,0.66,0.0,0.0,0,0,0,0,7,0,0,0,0,7,6,12,12,18,6,12,13,19,0,0,0,0,-1,-0.16000003,0.0,0,0,-7,0,-7,-6,-7,-7,0,0,MATT MITRIONE,NIKO PRICE
0,0,0.6,0.54,0.0,1.0,0,0,0,0,43,23,0,23,0,43,37,61,18,33,38,63,22,37,0,1,2,2,0,0.060000002,-1.0,0,0,-20,0,-20,19,16,26,-2,-1,DUSTIN JACOBY,PADDY PIMBLETT
0,0,0.48,0.37,0.75,0.12,0,0,0,0,133,269,4,29,2,13,124,254,64,169,152,288,79,186,3,4,1,8,0,0.109999985,0.63,0,0,136,2,16,60,73,102,2,-4,AMANDA NUNES,DEMETRIOUS JOHNSON
0,0,0.36,0.32,1.0,0.0,0,0,0,0,37,142,2,22,0,37,66,183,47,146,93,213,52,153,1,1,0,2,0,0.04000002,1.0,0,0,105,2,-15,19,41,60,1,-1,ROBERT WHITTAKER,MAX HOLLOWAY
0,0,0.33,0.26,0.5,0.0,0,0,0,0,0,379,6,19,0,0,32,96,18,68,113,190,46,99,3,6,0,0,0,0.07000002,0.5,0,0,379,6,19,14,67,91,3,6,CURTIS BLAYDES,CONOR MCGREGOR
0,0,0.38,0.46,0.0,0.5,0,1,0,0,128,0,0,0,2,8,5,13,7,15,6,15,14,28,0,1,3,6,0,-0.08000001,-0.5,-1,0,-128,-2,-8,-2,-8,-13,-3,-5,CHASE HOOPER,ALEX GARCIA
3,0,0.52,0.07,0.0,0.0,0,0,0,0,0,20,0,20,0,0,13,25,3,42,13,25,4,43,0,0,0,0,3,0.45,0.0,0,0,20,0,20,10,9,-18,0,0,ANDERSON SILVA,MIGUEL TORRES
0,0,0.42,0.47,0.0,0.0,0,0,0,0,226,0,0,0,3,46,171,406,85,179,191,428,110,205,0,0,0,0,0,-0.050000012,0.0,0,0,-226,-3,-46,86,81,223,0,0,STEPHEN THOMPSON,MAX HOLLOWAY
0,1,0.4,0.66,0.0,0.0,0,1,0,0,21,26,0,26,0,21,20,50,30,45,20,53,31,46,0,0,0,0,-1,-0.26000002,0.0,-1,0,5,0,5,-10,-11,7,0,0,NC,BRENDAN ALLEN
0,0,0.43,0.51,0.0,0.0,0,0,0,0,33,606,10,6,0,33,28,64,22,43,106,174,52,77,0,1,0,4,0,-0.07999998,0.0,0,0,573,10,-27,6,54,97,0,-3,KETLEN VIEIRA,CAIO BORRALHO
0,0,0.42,0.58,0.28,0.0,1,0,0,0,19,241,4,1,0,19,60,141,87,150,64,147,94,159,2,7,0,1,0,-0.16,0.28,1,0,222,4,-18,-27,-30,-12,2,6,ANTHONY ROCCO MARTIN,DONALD CERRONE
0,0,0.4,0.21,0.0,0.33,1,0,0,0,7,5,0,5,0,7,66,162,39,185,66,162,39,185,0,1,1,3,0,0.19000001,-0.33,1,0,-2,0,-2,27,27,-23,-1,-2,BRAD BLACKBURN,MARVIN VETTORI
0,1,0.14,0.71,0.0,0.0,0,0,0,0,2,0,0,0,0,2,1,7,10,14,1,7,10,14,0,0,0,0,-1,-0.57,0.0,0,0,-2,0,-2,-9,-9,-7,0,0,TOM ASPINALL,BEKZAT ALMAKHAN
1,0,0.52,0.16,0.0,0.0,0,0,0,0,0,1,0,1,0,0,9,17,2,12,9,17,2,12,0,0,0,0,1,0.35999998,0.0,0,0,1,0,1,7,7,5,0,0,ALATENGHEILI,JOSH KOSCHECK
0,0,0.62,0.42,0.66,0.0,0,0,0,1,4,241,4,1,0,4,51,82,47,111,51,82,50,114,2,3,0,0,0,0.20000002,0.66,0,-1,237,4,-3,4,1,-32,2,3,SERGIO MORAES,NICOLAE NEGUMEREANU
0,0,0.35,0.54,0.47,0.5,0,1,0,0,94,361,6,1,1,34,14,39,19,35,39,69,29,47,9,19,2,4,0,-0.19000003,-0.030000001,-1,0,267,5,-33,-5,10,22,7,15,JEAN MATSUMOTO,BROCK LARSON
1,0,0.49,0.35,0.0,0.66,1,1,1,0,278,527,8,47,4,38,31,63,15,42,175,224,90,128,0,0,2,3,1,0.14000002,-0.66,0,1,249,4,9,16,85,96,-2,-3,ARIANE DA SILVA,JORGE RIVERA
0,0,0.0,0.0,1.0,0.0,3,0,0,0,0,93,1,33,0,0,0,1,0,2,2,4,3,5,1,1,0,0,0,0.0,1.0,3,0,93,1,33,0,-1,-1,1,1,RAMIZ BRAHIMAJ,NC
0,0,0.32,0.56,0.0,0.22,0,0,0,0,526,2,0,2,8,46,40,125,79,140,76,161,155,224,0,0,2,9,0,-0.24000001,-0.22,0,0,-524,-8,-44,-39,-79,-63,-2,-9,TRACY CORTEZ,JOSH STANSBURY
0,0,0.37,0.5,1.0,0.0,0,1,0,1,24,90,1,30,0,24,3,8,2,4,14,19,3,5,2,2,0,0,0,-0.13,1.0,-1,-1,66,1,6,1,11,14,2,2,CARLOS EDUARDO ROCHA,FELIPE ARANTES
0,0,0.34,0.37,0.5,0.5,3,1,1,0,592,96,1,36,9,52,23,67,17,45,42,89,52,81,1,2,4,8,0,-0.030000001,0.0,2,1,-496,-8,-16,6,-10,8,-3,-6,JIM MILLER,SAID NURMAGOMEDOV
0,1,0.53,0.45,0.0,0.42,0,0,0,0,461,64,1,4,7,41,60,112,34,75,66,119,56,98,0,0,6,14,-1,0.07999998,-0.42,0,0,-397,-6,-37,26,10,21,-6,-14,DANNY ROBERTS,EDDIE ALVAREZ
1,0,0.41,0.47,0.0,0.0,0,0,0,0,36,3,0,3,0,36,33,80,19,40,33,80,21,43,0,0,0,2,1,-0.060000002,0.0,0,0,-33,0,-33,14,12,37,0,-2,OVINCE SAINT PREUX,THIAGO SANTOS
0,0,0.39,0.58,0.0,0.25,0,0,0,0,474,0,0,0,7,54,24,61,55,94,67,108,98,149,0,0,2,8,0,-0.19,-0.25,0,0,-474,-7,-54,-31,-31,-41,-2,-8,KAYLA HARRISON,WAYLON LOWE
0,1,0.33,0.66,0.0,1.0,0,1,0,0,128,51,0,51,2,8,1,3,18,27,1,3,33,43,0,0,1,1,-1,-0.33,-1.0,-1,0,-77,-2,43,-17,-32,-40,-1,-1,PAUL CRAIG,FRANK MIR
1,0,0.5,0.43,0.0,0.0,0,0,0,0,33,40,0,40,0,33,75,149,112,258,85,161,112,260,0,0,0,4,1,0.06999999,0.0,0,0,7,0,7,-37,-27,-99,0,-4,SONG KENAN,DOMINICK CRUZ
1,0,0.43,0.25,0.0,0.0,0,0,0,0,0,5,0,5,0,0,22,51,7,27,22,51,7,27,0,0,0,0,1,0.18,0.0,0,0,5,0,5,15,15,24,0,0,BATGEREL DANAA,JOHN MAKDESSI
3,0,0.53,0.52,0.0,0.4,1,0,0,0,137,28,0,28,2,17,43,81,24,46,44,82,34,58,0,0,2,5,3,0.00999999,-0.4,1,0,-109,-2,11,19,10,24,-2,-5,SIYAR BAHADURZADA,EDSON BARBOZA
0,0,0.41,0.44,0.0,0.0,0,0,0,0,0,12,0,12,0,0,82,197,101,226,85,200,101,226,0,0,0,0,0,-0.030000001,0.0,0,0,12,0,12,-19,-16,-26,0,0,SEAN WOODSON,LOOPY GODINEZ
1,0,0.49,0.4,1.0,0.0,1,0,0,0,6,6,0,6,0,6,91,183,39,96,91,183,39,96,1,1,0,1,1,0.09,1.0,1,0,0,0,0,52,52,87,1,0,MAKHMUD MURADOV,GIGA CHIKADZE
0,0,0.66,0.5,0.0,0.5,1,0,0,0,709,0,0,0,11,49,30,45,28,55,54,72,96,132,0,0,3,6,0,0.16000003,-0.5,1,0,-709,-11,-49,2,-42,-60,-3,-6,DENNIS HALLMAN,BENEIL DARIUSH
0,0,0.48,0.46,0.5,0.0,0,0,0,0,40,377,6,17,0,40,65,134,56,121,87,158,78,144,2,4,0,1,0,0.01999998,0.5,0,0,337,6,-23,9,9,14,2,3,STEPHEN THOMPSON,TRACY CORTEZ
0,0,0.62,0.34,0.28,1.0,0,0,0,0,10,367,6,7,0,10,82,131,39,113,138,191,42,116,2,7,1,1,0,0.28,-0.72,0,0,357,6,-3,43,96,75,1,6,JARED GORDON,LI JINGLIANG
0,1,0.28,0.43,1.0,0.0,0,0,0,0,4,9,0,9,0,4,14,50,38,88,14,50,38,88,1,1,0,0,-1,-0.15,1.0,0,0,5,0,5,-24,-24,-38,1,1,CORY SANDHAGEN,SHANE ROLLER
0,0,0.38,0.39,0.28,0.0,0,0,0,0,202,302,5,2,3,22,24,63,35,89,56,101,47,103,2,7,0,0,0,-0.00999999,0.28,0,0,100,2,-20,-11,9,-2,2,7,LEANDRO SILVA,ERIC MCCONICO
0,0,0.43,0.24,0.0,0.0,0,0,0,0,139,167,2,47,2,19,53,122,37,153,72,144,65,185,0,0,0,3,0,0.19000001,0.0,0,0,28,0,28,16,7,-41,0,-3,FELIPE ARANTES,ARTEM LOBOV
0,0,0.52,0.25,1.0,0.0,1,0,0,0,0,0,0,0,0,0,42,80,6,24,100,142,32,50,1,1,0,2,0,0.26999998,1.0,1,0,0,0,0,36,68,92,1,-1,MIKEY BURNETT,RANDY COUTURE
0,6,0.37,0.52,0.0,0.0,0,0,0,0,163,5,0,5,2,43,57,151,92,174,60,154,108,194,0,4,0,0,-6,-0.14999998,0.0,0,0,-158,-2,-38,-35,-48,-40,0,4,STEVEN NGUYEN,NIKOLAS MOTTA
0,0,0.66,0.22,0.63,0.0,0,0,0,0,0,704,11,44,0,0,22,33,2,9,72,90,9,16,7,11,0,0,0,0.44000003,0.63,0,0,704,11,44,20,63,74,7,11,CURTIS BLAYDES,TOM MURPHY
0,0,0.49,0.56,0.14,0.0,0,1,0,0,259,263,4,23,4,19,79,160,64,114,100,186,245,309,1,7,0,0,0,-0.06999999,0.14,-1,0,4,0,4,15,-145,-123,1,7,JOSH PARISIAN,ELISE REED
0,0,0.28,0.5,0.0,0.75,0,2,0,1,704,12,0,12,11,44,12,42,20,40,62,93,98,128,0,0,3,4,0,-0.22,-0.75,-2,-1,-692,-11,-32,-8,-36,-35,-3,-4,JORDAN RINALDI,CHARLES OLIVEIRA
0,0,0.42,0.5,1.0,0.0,1,0,0,0,0,29,0,29,0,0,3,7,5,10,5,9,5,10,1,1,0,0,0,-0.08000001,1.0,1,0,29,0,29,-2,0,-1,1,1,JAKE MATTHEWS,MAKWAN AMIRKHANI
1,0,0.45,0.41,0.0,0.5,0,0,0,0,7,26,0,26,0,7,87,192,64,155,92,198,68,160,0,3,1,2,1,0.03999999,-0.5,0,0,19,0,19,23,24,38,-1,1,XIAO LONG,SEAN STRICKLAND
0,1,0.0,0.78,1.0,0.0,1,0,0,0,317,111,1,51,5,17,0,3,25,32,2,7,68,79,1,1,0,0,-1,-0.78,1.0,1,0,-206,-4,34,-25,-66,-72,1,1,STEFAN STRUVE,BRIAN EBERSOLE
1,0,0.4,0.31,1.0,0.11,0,0,0,0,80,143,2,23,1,20,60,148,40,126,63,151,52,139,2,2,2,17,1,0.09,0.89,0,0,63,1,3,20,11,12,0,-15,NEIL SEERY,DAN HENDERSON
0,0,0.35,0.61,0.5,0.0,1,0,0,0,65,255,4,15,1,5,14,40,16,26,22,50,34,46,2,4,0,3,0,-0.26000002,0.5,1,0,190,3,10,-2,-12,4,2,1,ERIK KOCH,FABRICIO WERDUM
0,0,0.68,0.58,0.42,0.0,0,0,0,0,82,625,10,25,1,22,48,70,29,50,97,135,42,63,6,14,0,6,0,0.100000024,0.42,0,0,543,9,3,19,55,72,6,8,AARON SIMPSON,JOHNY HENDRICKS
0,0,0.0,0.4,0.0,0.0,2,0,0,0,0,0,0,0,0,0,0,1,2,5,0,1,2,5,0,0,0,0,0,-0.4,0.0,2,0,0,0,0,-2,-2,-4,0,0,OLEG TAKTAROV,ROUSIMAR PALHARES
0,0,0.62,0.3,0.56,0.0,0,1,0,0,36,824,13,44,0,36,105,167,41,136,210,285,80,176,9,16,0,0,0,0.32,0.56,-1,0,788,13,8,64,130,109,9,16,GEORGES ST-PIERRE,STIPE MIOCIC
1,0,0.31,0.44,0.0,0.8,1,2,1,0,191,39,0,39,3,11,34,108,59,132,42,117,83,165,0,0,4,5,1,-0.13,-0.8,-1,1,-152,-3,28,-25,-41,-48,-4,-5,DAMARQUES JOHNSON,JAN BLACHOWICZ
1,0,0.4,0.34,0.5,0.5,0,1,0,0,65,27,0,27,1,5,43,105,45,131,47,109,45,131,2,4,1,2,1,0.060000002,0.0,-1,0,-38,-1,22,-2,2,-22,1,2,MARLON MORAES,JOE DOERKSEN
0,0,0.4,0.65,0.5,1.0,0,0,1,1,263,100,1,40,4,23,4,10,50,76,7,13,55,81,1,2,3,3,0,-0.24999997,-0.5,0,0,-163,-3,17,-46,-48,-68,-2,-1,ALEXANDER VOLKANOVSKI,RYAN LODER
0,0,0.4,0.26,0.33,0.0,1,0,0,1,4,27,0,27,0,4,6,15,5,19,6,15,5,19,1,3,0,0,0,0.14000002,0.33,1,-1,23,0,23,1,1,-4,1,3,ANTONIO BRAGA NETO,MARCUS BRIMAGE
0,0,0.32,0.64,0.66,0.0,1,0,0,0,14,55,0,55,0,14,26,80,29,45,26,80,29,46,2,3,0,0,0,-0.32,0.66,1,0,41,0,41,-3,-3,34,2,3,KHABIB NURMAGOMEDOV,JAFEL FILHO
0,1,0.35,0.65,0.0,0.66,0,0,0,0,146,25,0,25,2,26,19,53,28,43,27,61,62,79,0,0,2,3,-1,-0.29999998,-0.66,0,0,-121,-2,-1,-9,-35,-18,-2,-3,JESSICA ANDRADE,DREW DOBER
0,0,0.43,0.43,0.0,0.0,0,0,0,0,4,504,8,24,0,4,36,82,28,65,94,146,55,99,0,3,0,0,0,0.0,0.0,0,0,500,8,20,8,39,47,0,3,BEVON LEWIS,MARCIN TYBURA
1,0,0.26,0.51,0.0,1.0,0,0,0,0,93,25,0,25,1,33,100,374,174,339,107,382,195,360,0,2,1,1,1,-0.25,-1.0,0,0,-68,-1,-8,-74,-88,22,-1,1,NAM PHAN,JESSICA ANDRADE
0,0,0.6,0.69,0.33,0.0,2,1,0,0,369,261,4,21,6,9,47,78,38,55,101,134,78,96,3,9,0,1,0,-0.089999974,0.33,1,0,-108,-2,12,9,23,38,3,8,JONATHAN MARTINEZ,LOMA LOOKBOONMEE
1,0,0.41,0.37,0.0,0.0,0,0,0,0,132,19,0,19,2,12,70,168,48,128,88,188,50,130,0,0,0,11,1,0.03999999,0.0,0,0,-113,-2,7,22,38,58,0,-11,CHARLES JOHNSON,JOANNA JEDRZEJCZYK
1,0,0.51,0.38,0.0,0.0,0,0,0,0,0,3,0,3,0,0,84,162,29,76,88,166,30,77,0,3,0,0,1,0.13,0.0,0,0,3,0,3,55,58,89,0,3,ALEX PEREZ,WARLLEY ALVES
0,0,0.46,0.5,0.0,0.28,0,0,0,0,274,129,2,9,4,34,74,160,34,68,111,199,37,71,0,3,2,7,0,-0.03999999,-0.28,0,0,-145,-2,-25,40,74,128,-2,-4,TECIA PENNINGTON,NEIL MAGNY
1,0,0.55,0.27,0.5,1.0,1,0,0,1,30,382,6,22,0,30,70,126,18,65,89,151,20,67,5,10,1,1,1,0.28,-0.5,1,-1,352,6,-8,52,69,84,4,9,URIJAH FABER,ALEXANDER VOLKANOVSKI
0,0,0.6,0.22,0.0,0.0,0,0,0,0,0,1,0,1,0,0,41,68,10,45,42,69,10,45,0,0,0,0,0,0.38000003,0.0,0,0,1,0,1,31,32,24,0,0,TIM BOETSCH,MAIRBEK TAISUMOV
0,0,0.55,0.41,0.6,0.0,1,0,1,1,83,717,11,57,1,23,44,80,23,55,147,199,40,73,3,5,0,1,0,0.14000002,0.6,1,0,634,10,34,21,107,126,3,4,STEPHAN BONNAR,DENNIS BERMUDEZ
0,0,0.56,0.34,0.75,0.0,2,0,0,1,16,596,9,56,0,16,42,74,22,64,114,164,26,68,3,4,0,0,0,0.22,0.75,2,-1,580,9,40,20,88,96,3,4,PADDY HOLOHAN,SEAN BRADY
1,0,0.42,0.29,0.0,0.0,1,0,0,0,0,34,0,34,0,0,30,71,13,44,37,81,13,44,0,1,0,0,1,0.13,0.0,1,0,34,0,34,17,24,37,0,1,DENNIS SIVER,JIM MILLER
0,0,0.35,0.42,1.0,0.2,0,3,1,2,117,220,3,40,1,57,19,54,12,28,30,66,27,43,1,1,1,5,0,-0.06999999,0.8,-3,-1,103,2,-17,7,3,23,0,-4,MANNY BERMUDEZ,JEREMY STEPHENS
1,0,0.47,0.23,0.0,0.0,0,0,0,0,13,2,0,2,0,13,25,53,15,65,25,54,21,71,0,0,0,0,1,0.24,0.0,0,0,-11,0,-11,10,4,-17,0,0,HOLLY HOLM,CALVIN KATTAR
0,0,0.3,0.77,0.33,0.0,0,0,0,0,147,157,2,37,2,27,21,68,69,89,32,79,88,112,3,9,0,0,0,-0.46999997,0.33,0,0,10,0,10,-48,-56,-33,3,9,MAXIM GRISHIN,AZAMAT MURZAKANOV
0,1,0.56,0.52,0.0,1.0,0,0,0,0,54,16,0,16,0,54,51,90,43,82,55,94,57,97,0,1,1,1,-1,0.04000002,-1.0,0,0,-38,0,-38,8,-2,-3,-1,0,GIAN VILLANTE,DIEGO SANCHEZ
1,0,0.87,0.65,0.0,0.0,0,0,0,0,82,70,1,10,1,22,29,33,38,58,31,35,78,101,0,1,0,0,1,0.22000003,0.0,0,0,-12,0,-12,-9,-47,-66,0,1,ALISTAIR OVEREEM,CLAUDIO RIBEIRO
2,0,0.67,0.36,0.8,0.0,4,0,0,1,51,327,5,27,0,51,41,61,8,22,52,72,16,30,4,5,0,1,2,0.31,0.8,4,-1,276,5,-24,33,36,42,4,4,MICHAEL BISPING,TONY GRAVELY
0,0,0.71,0.57,0.5,0.0,1,0,0,0,28,74,1,14,0,28,10,14,4,7,36,41,5,8,1,2,0,0,0,0.13999999,0.5,1,0,46,1,-14,6,31,33,1,2,MAC DANZIG,MIKE KYLE
0,0,0.37,0.42,0.0,0.75,0,0,0,0,129,0,0,0,2,9,82,221,112,266,108,250,141,300,0,2,3,4,0,-0.049999982,-0.75,0,0,-129,-2,-9,-30,-33,-50,-3,-2,KATLYN CERMINARA,CRISTIANO MARCELLO
0,0,0.44,0.4,0.4,0.0,0,0,0,0,0,128,2,8,0,0,60,134,50,123,63,137,50,123,4,10,0,0,0,0.03999999,0.4,0,0,128,2,8,10,13,14,4,10,KENNEDY NZECHUKWU,JOSHUA BURKMAN
0,0,0.27,0.3,0.2,1.0,0,0,0,0,84,163,2,43,1,24,33,120,48,159,42,131,50,161,1,5,2,2,0,-0.030000001,-0.8,0,0,79,1,19,-15,-8,-30,-1,3,SERGIO PETTIS,OMAR MORALES
0,0,0.61,0.31,0.66,0.0,3,3,1,1,46,790,13,10,0,46,13,21,5,16,60,68,44,55,2,3,0,0,0,0.3,0.66,0,0,744,13,-36,8,16,13,2,3,MATT HUGHES,GIL CASTILLO
0,0,0.7,0.15,0.5,0.0,0,0,0,0,63,135,2,15,1,3,65,92,4,26,75,105,13,39,1,2,0,0,0,0.54999995,0.5,0,0,72,1,12,61,62,66,1,2,CHRISTIAN LEROY DUNCAN,LYOTO MACHIDA
0,0,0.44,0.43,0.0,0.0,0,0,0,0,1,220,3,40,0,1,39,87,40,91,66,116,53,104,0,8,0,0,0,0.00999999,0.0,0,0,219,3,39,-1,13,12,0,8,RASHAD EVANS,RUSTAM KHABILOV
1,0,0.56,0.35,0.0,1.0,0,0,0,0,54,2,0,2,0,54,26,46,27,76,28,48,32,82,0,1,1,1,1,0.21000001,-1.0,0,0,-52,0,-52,-1,-4,-34,-1,0,ANTHONY NJOKUANI,MATT BROWN
0,1,0.63,0.65,0.0,0.0,0,1,0,0,234,1,0,1,3,54,7,11,13,20,13,17,23,32,0,0,0,0,-1,-0.01999998,0.0,-1,0,-233,-3,-53,-6,-10,-15,0,0,DUSTIN STOLTZFUS,ANTONIO SILVA
0,0,0.63,0.32,0.26,0.0,0,0,0,0,78,430,7,10,1,18,24,38,12,37,94,113,29,54,5,19,0,3,0,0.31,0.26,0,0,352,6,-8,12,65,59,5,16,VLADIMIR MATYUSHENKO,RYAN BADER
1,0,0.52,0.44,1.0,0.0,1,0,0,0,4,266,4,26,0,4,119,227,82,183,131,239,90,192,1,1,0,2,1,0.07999998,1.0,1,0,262,4,22,37,41,47,1,-1,ALEXANDRE PANTOJA,AUGUSTO SAKAI
0,0,0.47,0.47,0.33,0.0,0,1,0,0,84,38,0,38,1,24,72,151,49,104,73,152,51,107,1,3,0,1,0,0.0,0.33,-1,0,-46,-1,14,23,22,45,1,2,ANTHONY SMITH,BRIAN ORTEGA
0,0,0.64,0.49,1.0,0.5,3,0,1,0,114,315,5,15,1,54,105,162,83,168,112,172,95,180,2,2,1,2,0,0.14999998,0.5,3,1,201,4,-39,22,17,-8,1,0,MARLON VERA,SIMEON THORESEN
0,0,0.42,0.34,0.0,0.0,0,0,0,0,20,0,0,0,0,20,27,63,12,35,29,65,12,35,0,0,0,2,0,0.07999998,0.0,0,0,-20,0,-20,15,17,30,0,-2,PAUL DALEY,DAVID TEYMUR
0,0,0.7,0.48,0.28,0.5,0,0,1,0,190,553,9,13,3,10,46,65,18,37,114,149,34,56,2,7,1,2,0,0.22,-0.22,0,1,363,6,3,28,80,93,1,5,RANDA MARKOS,MARCIN TYBURA
1,0,0.3,0.36,0.25,0.0,1,0,0,0,20,39,0,39,0,20,24,78,26,71,24,78,30,75,1,4,0,0,1,-0.060000002,0.25,1,0,19,0,19,-2,-6,3,1,4,COLE MILLER,D
0,0,0.28,0.24,0.46,0.0,0,0,0,0,0,419,6,59,0,0,30,105,26,106,65,145,49,136,6,13,0,2,0,0.040000007,0.46,0,0,419,6,59,4,16,9,6,11,SERGEY MOROZOV,RICKY SIMON
0,1,0.63,0.83,0.0,1.0,0,0,0,0,0,103,1,43,0,0,14,22,15,18,19,27,17,20,0,0,2,2,-1,-0.19999999,-1.0,0,0,103,1,43,-1,2,7,-2,-2,ALEXANDER YAKOVLEV,MIKE RODRIGUEZ
0,1,0.28,0.73,0.0,0.0,0,0,0,0,25,0,0,0,0,25,10,35,59,80,11,36,61,82,0,1,0,0,-1,-0.45000002,0.0,0,0,-25,0,-25,-49,-50,-46,0,1,CIRYL GANE,ALESSANDRO COSTA
0,0,0.51,0.37,0.0,0.0,0,0,0,0,74,0,0,0,1,14,59,114,61,161,59,114,64,167,0,0,0,6,0,0.13999999,0.0,0,0,-74,-1,-14,-2,-5,-53,0,-6,GABRIELLA FERNANDES,ISRAEL ADESANYA
0,0,0.6,0.71,0.0,1.0,0,0,0,0,359,102,1,42,5,59,28,46,33,46,74,107,78,95,0,0,3,3,0,-0.109999955,-1.0,0,0,-257,-4,-17,-5,-4,12,-3,-3,FABIO MALDONADO,CODY DONOVAN
0,0,0.45,0.47,0.33,0.0,0,0,0,0,242,129,2,9,4,2,66,144,119,248,75,153,167,298,1,3,0,1,0,-0.02000001,0.33,0,0,-113,-2,7,-53,-92,-145,1,2,NICOLAS DALBY,BRYAN BARBERENA
0,1,0.0,0.6,0.0,0.0,0,0,0,0,3,0,0,0,0,3,0,1,6,10,0,1,6,10,0,0,0,0,-1,-0.6,0.0,0,0,-3,0,-3,-6,-6,-9,0,0,CHAN SUNG JUNG,MICHEL PEREIRA
0,0,0.69,0.44,0.5,0.0,0,2,0,0,23,208,3,28,0,23,29,42,22,50,62,84,26,54,2,4,0,0,0,0.25,0.5,-2,0,185,3,5,7,36,30,2,4,STEPHANIE EGGER,BRIAN ORTEGA
0,1,0.4,0.53,0.6,0.5,0,0,0,0,313,87,1,27,5,13,47,115,42,78,143,215,56,96,3,5,3,6,-1,-0.12999997,0.100000024,0,0,-226,-4,14,5,87,119,0,-1,MAX GRIFFIN,JOSH THOMSON
1,0,0.38,0.23,0.0,0.0,0,0,0,0,2,6,0,6,0,2,8,21,5,21,12,26,6,22,0,1,0,1,1,0.14999999,0.0,0,0,4,0,4,3,6,4,0,0,YVES EDWARDS,VITOR BELFORT
1,0,0.69,0.12,1.0,0.0,1,0,0,0,0,21,0,21,0,0,16,23,1,8,16,23,1,8,1,1,0,0,1,0.57,1.0,1,0,21,0,21,15,15,15,1,1,JOSEPH HOLMES,MICHEL PRAZERES
0,0,0.38,0.25,0.75,0.22,0,0,1,0,127,427,7,7,2,7,62,162,51,197,106,209,61,208,3,4,2,9,0,0.13,0.53,0,1,300,5,0,11,45,1,1,-5,RASHAD EVANS,CLAY COLLARD
0,0,0.27,0.52,0.0,1.0,1,0,0,0,34,0,0,0,0,34,8,29,9,17,8,29,11,19,0,0,1,1,0,-0.24999997,-1.0,1,0,-34,0,-34,-1,-3,10,-1,-1,BRANDON VERA,TONY SIMS
0,0,0.58,0.71,1.0,0.4,1,4,0,0,431,41,0,41,7,11,30,51,63,88,33,55,77,105,1,1,6,15,0,-0.13,0.6,-3,0,-390,-7,30,-33,-44,-50,-5,-14,ANTHONY HERNANDEZ,RAONI BARCELOS
0,0,0.49,0.64,0.0,0.62,1,1,0,0,592,18,0,18,9,52,43,87,72,111,61,109,159,208,0,0,5,8,0,-0.14999998,-0.62,0,0,-574,-9,-34,-29,-98,-99,-5,-8,YANA SANTOS,ALJAMAIN STERLING
0,0,0.5,0.66,1.0,0.0,1,1,0,0,52,227,3,47,0,52,7,14,4,6,41,50,22,24,1,1,0,0,0,-0.16000003,1.0,0,0,175,3,-5,3,19,26,1,1,RONDA ROUSEY,FELIPE ARANTES
0,0,0.25,0.56,0.0,0.0,0,0,0,0,0,0,0,0,0,0,63,244,116,205,68,249,117,206,0,8,0,0,0,-0.31,0.0,0,0,0,0,0,-53,-49,43,0,8,EMILY DUCOTE,JUSTIN LEDET
0,0,0.41,0.42,0.0,0.7,0,0,0,0,313,149,2,29,5,13,26,62,42,99,72,112,60,121,0,7,7,10,0,-0.00999999,-0.7,0,0,-164,-3,16,-16,12,-9,-7,-3,RORY MACDONALD,LEVAN MAKASHVILI
0,1,0.33,0.6,0.0,0.0,0,0,0,0,2,0,0,0,0,2,1,3,9,15,1,3,9,15,0,1,0,0,-1,-0.27,0.0,0,0,-2,0,-2,-8,-8,-12,0,1,ALEX GARCIA,FRANK MIR
0,0,0.64,0.33,0.0,0.69,0,0,0,0,279,9,0,9,4,39,16,25,1,3,19,28,9,11,0,0,9,13,0,0.30999997,-0.69,0,0,-270,-4,-30,15,10,17,-9,-13,CURTIS BLAYDES,LEVAN MAKASHVILI
0,0,0.35,0.59,0.0,0.0,1,0,0,0,0,14,0,14,0,0,16,45,26,44,16,45,26,44,0,0,0,0,0,-0.23999998,0.0,1,0,14,0,14,-10,-10,1,0,0,JOSH CULIBAO,KHALIL ROUNTREE JR.
0,0,0.31,0.42,0.0,0.42,0,0,0,0,224,13,0,13,3,44,51,161,69,161,74,186,81,176,0,1,3,7,0,-0.109999985,-0.42,0,0,-211,-3,-31,-18,-7,10,-3,-6,MARVIN VETTORI,KATLYN CERMINARA
1,0,0.4,0.2,0.0,1.0,1,0,0,0,0,11,0,11,0,0,2,5,1,5,2,5,1,5,0,0,1,1,1,0.2,-1.0,1,0,11,0,11,1,1,0,-1,-1,MUHAMMAD MOKAEV,ILIR LATIFI
0,0,0.66,0.54,0.25,0.33,0,1,0,0,227,291,4,51,3,47,41,62,33,61,59,82,92,126,2,8,2,6,0,0.120000005,-0.08000001,-1,0,64,1,4,8,-33,-44,0,2,JOHN HOWARD,RANDY BROWN
0,1,0.28,0.31,0.0,0.0,0,0,0,0,3,1,0,1,0,3,51,182,14,44,51,182,15,45,0,0,0,9,-1,-0.030000001,0.0,0,0,-2,0,-2,37,36,137,0,-9,MIKE RUSSOW,IBO ASLAN
0,2,0.5,0.58,0.0,0.0,0,0,0,0,8,0,0,0,0,8,1,2,10,17,1,2,14,22,0,0,0,0,-2,-0.07999998,0.0,0,0,-8,0,-8,-9,-13,-20,0,0,RICKY GLENN,FRANK MIR
1,0,0.5,0.42,0.0,0.0,0,0,0,0,0,11,0,11,0,0,27,53,8,19,27,53,8,19,0,0,0,1,1,0.08000001,0.0,0,0,11,0,11,19,19,34,0,-1,OTTMAN AZAITAR,NATALIA SILVA
0,0,0.44,0.29,0.28,0.0,0,0,0,0,10,181,3,1,0,10,20,45,15,51,29,55,28,65,2,7,0,0,0,0.15,0.28,0,0,171,3,-9,5,1,-10,2,7,GABRIEL GONZAGA,MUHAMMAD MOKAEV
0,0,0.4,0.27,0.75,0.0,1,0,0,0,41,472,7,52,0,41,51,127,13,48,97,183,16,51,3,4,0,3,0,0.13,0.75,1,0,431,7,11,38,81,132,3,1,JORDAN MEIN,ALEXANDER VOLKANOVSKI
0,0,1.0,0.0,1.0,0.0,1,0,0,0,0,67,1,7,0,0,3,3,0,1,3,3,0,1,1,1,0,0,0,1.0,1.0,1,0,67,1,7,3,3,2,1,1,ALONZO MENIFIELD,BRAD KOHLER
0,0,0.44,0.52,1.0,0.16,0,3,1,0,82,238,3,58,1,22,97,216,71,135,122,243,83,150,3,3,1,6,0,-0.07999998,0.84000003,-3,1,156,2,36,26,39,93,2,-3,DUSTIN POIRIER,ROGER HUERTA
1,0,0.2,0.0,0.0,0.0,0,0,0,0,0,3,0,3,0,0,2,10,0,3,2,10,0,3,0,0,0,0,1,0.2,0.0,0,0,3,0,3,2,2,7,0,0,JOSH EMMETT,JOHNY HENDRICKS
0,0,0.32,0.16,0.57,0.0,0,1,0,0,19,309,5,9,0,19,91,281,25,154,144,337,29,158,4,7,0,0,0,0.16,0.57,-1,0,290,5,-10,66,115,179,4,7,CHAEL SONNEN,EVAN DUNHAM
0,0,0.83,0.6,0.43,0.0,1,0,0,1,34,745,12,25,0,34,15,18,9,15,88,113,10,17,7,16,0,0,0,0.22999996,0.43,1,-1,711,12,-9,6,78,96,7,16,COLTON SMITH,MARC DIAKIESE
1,0,0.61,0.66,0.0,0.0,0,0,1,1,55,182,3,2,0,55,13,21,2,3,27,38,3,5,0,0,0,0,1,-0.050000012,0.0,0,0,127,3,-53,11,24,33,0,0,YOSDENIS CEDENO,MELVIN GUILLARD
1,0,0.52,0.53,0.0,0.37,1,0,0,0,0,0,0,0,0,0,22,42,26,49,36,56,54,79,0,0,3,8,1,-0.00999999,-0.37,1,0,0,0,0,-4,-18,-23,-3,-8,PETE WILLIAMS,BAS RUTTEN
0,0,0.51,0.4,0.2,0.13,0,0,0,0,212,48,0,48,3,32,87,170,40,99,113,199,67,127,1,5,2,15,0,0.109999985,0.07000001,0,0,-164,-3,16,47,46,72,-1,-10,SONG KENAN,SAM STOUT
0,0,0.54,0.71,0.5,0.0,0,1,0,0,0,198,3,18,0,0,36,66,27,38,36,66,43,54,1,2,0,0,0,-0.16999996,0.5,-1,0,198,3,18,9,-7,12,1,2,DUSTIN POIRIER,MAURICIO RUA
0,0,0.39,0.34,0.0,0.31,0,0,0,0,258,0,0,0,4,18,45,114,9,26,78,150,13,30,0,0,6,19,0,0.049999982,-0.31,0,0,-258,-4,-18,36,65,120,-6,-19,SUMUDAERJI,SERHIY SIDEY
0,0,0.47,0.3,0.0,1.0,0,0,0,0,159,0,0,0,2,39,94,197,67,218,95,198,87,241,0,0,2,2,0,0.16999999,-1.0,0,0,-159,-2,-39,27,8,-43,-2,-2,ALEX CACERES,ALEX MORONO
1,0,0.48,0.69,0.0,1.0,1,1,0,0,32,31,0,31,0,32,13,27,9,13,14,28,14,18,0,0,1,1,1,-0.21000001,-1.0,0,0,-1,0,-1,4,0,10,-1,-1,EVAN DUNHAM,CODY GARBRANDT
0,0,0.04,0.08,0.0,0.05,0,0,1,0,15,130,2,10,0,15,4,84,5,59,18,98,5,59,0,0,1,18,0,-0.04,-0.05,0,1,115,2,-5,-1,13,39,-1,-18,JENS PULVER,ADLAN AMAGOV
0,0,0.3,0.0,1.0,0.0,1,0,0,0,0,81,1,21,0,0,3,10,0,0,4,12,1,1,1,1,0,0,0,0.3,1.0,1,0,81,1,21,3,3,11,1,1,KARINE SILVA,TEEMU PACKALEN
0,0,0.57,0.5,0.0,0.0,0,0,0,0,0,0,0,0,0,0,27,47,7,14,27,47,7,14,0,0,0,0,0,0.06999999,0.0,0,0,0,0,0,20,20,33,0,0,AMANDA NUNES,ALEXANDER VOLKOV
0,0,0.55,0.37,0.6,0.5,0,1,0,0,504,99,1,39,8,24,34,61,50,133,35,62,96,190,3,5,1,2,0,0.18,0.100000024,-1,0,-405,-7,15,-16,-61,-128,2,3,EMIL MEEK,NATHAN COY
1,0,0.85,1.0,0.0,0.0,0,0,0,0,0,1,0,1,0,0,6,7,1,1,6,7,1,1,0,0,0,0,1,-0.14999998,0.0,0,0,1,0,1,5,5,6,0,0,MARC DIAKIESE,VLADIMIR MATYUSHENKO
0,0,0.55,0.34,0.75,0.0,1,0,0,1,9,130,2,10,0,9,49,88,67,192,52,93,83,209,3,4,0,3,0,0.21000001,0.75,1,-1,121,2,1,-18,-31,-116,3,1,RODOLFO VIEIRA,ALEKSANDAR RAKIC
0,0,0.5,0.41,0.4,0.0,0,0,0,0,0,297,4,57,0,0,117,232,46,111,138,257,51,116,2,5,0,2,0,0.09,0.4,0,0,297,4,57,71,87,141,2,3,TJ DILLASHAW,THIAGO PERPETUO
0,0,0.48,0.4,0.0,0.16,0,1,0,0,392,249,4,9,6,32,23,47,36,88,46,79,115,187,0,0,1,6,0,0.07999998,-0.16,-1,0,-143,-2,-23,-13,-69,-108,-1,-6,DARREN ELKINS,AILIN PEREZ
0,0,0.53,0.46,0.33,1.0,2,0,1,0,60,444,7,24,1,0,85,159,36,77,173,254,56,99,1,3,1,1,0,0.06999996,-0.66999996,2,1,384,6,24,49,117,155,0,2,AMANDA RIBAS,JOANNE WOOD
0,0,0.66,0.57,1.0,0.0,0,0,0,0,0,19,0,19,0,0,2,3,4,7,2,3,4,7,1,1,0,0,0,0.09000003,1.0,0,0,19,0,19,-2,-2,-4,1,1,BEN SAUNDERS,MARK MUNOZ
0,0,0.4,0.29,0.33,0.0,1,0,0,0,112,155,2,35,1,52,29,72,21,72,46,95,29,83,2,6,0,2,0,0.110000014,0.33,1,0,43,1,-17,8,17,12,2,4,DAVID ONAMA,CLAY GUIDA
0,0,0.62,0.64,0.0,0.0,0,0,0,0,160,298,4,58,2,40,74,119,54,84,98,147,165,199,0,1,0,0,0,-0.01999998,0.0,0,0,138,2,18,20,-67,-52,0,1,MARTIN BUDAY,LEON EDWARDS
0,0,0.76,0.22,0.57,0.0,4,0,0,0,31,762,12,42,0,31,59,77,6,27,163,190,22,43,8,14,0,0,0,0.53999996,0.57,4,0,731,12,11,53,141,147,8,14,RAMSEY NIJEM,ALJAMAIN STERLING
0,0,0.4,0.32,0.23,0.5,0,0,0,0,67,376,6,16,1,7,70,171,57,177,108,209,144,270,3,13,1,2,0,0.08000001,-0.26999998,0,0,309,5,9,13,-36,-61,2,11,MARK BOCEK,JOEY BELTRAN
0,1,0.32,0.67,0.0,0.0,0,0,0,0,60,135,2,15,1,0,23,70,53,78,25,73,59,84,0,5,0,1,-1,-0.35000002,0.0,0,0,75,1,15,-30,-34,-11,0,4,DANIEL MARCOS,CLAY GUIDA
0,0,0.58,0.25,0.0,0.0,1,0,0,0,19,17,0,17,0,19,20,34,7,28,20,34,7,28,0,0,0,0,0,0.32999998,0.0,1,0,-2,0,-2,13,13,6,0,0,DUSTIN HAZELETT,JORGE RIVERA
0,0,0.38,0.36,0.25,0.6,0,0,0,0,74,40,0,40,1,14,76,196,55,151,84,204,60,156,1,4,3,5,0,0.01999998,-0.35000002,0,0,-34,-1,26,21,24,48,-2,-1,VINCE MORALES,MARINA RODRIGUEZ
1,0,0.51,0.27,0.4,0.0,0,0,0,0,0,252,4,12,0,0,60,117,32,115,71,130,37,121,2,5,0,0,1,0.23999998,0.4,0,0,252,4,12,28,34,9,2,5,JOSE QUINONEZ,DAMIR HADZOVIC
1,0,0.49,0.17,0.0,0.0,3,0,0,0,36,23,0,23,0,36,36,73,4,23,42,81,6,25,0,0,0,1,1,0.32,0.0,3,0,-13,0,-13,32,36,56,0,-1,NATE DIAZ,ROYCE GRACIE
0,0,0.54,0.26,0.4,1.0,0,1,0,0,216,129,2,9,3,36,25,46,10,38,45,66,21,49,2,5,1,1,0,0.28000003,-0.6,-1,0,-87,-1,-27,15,24,17,1,4,TREVIN GILES,REZA MADADI
1,0,0.57,0.25,0.0,0.0,0,0,0,0,0,4,0,4,0,0,8,14,2,8,11,18,2,8,0,0,0,0,1,0.32,0.0,0,0,4,0,4,6,9,10,0,0,STIPE MIOCIC,CAIO MAGALHAES
2,0,0.59,0.37,0.0,0.0,0,0,0,0,33,14,0,14,0,33,16,27,3,8,17,28,4,9,0,0,0,3,2,0.21999997,0.0,0,0,-19,0,-19,13,13,19,0,-3,MATT MITRIONE,IURI ALCANTARA
0,0,0.51,0.4,0.0,0.7,0,1,0,0,446,2,0,2,7,26,14,27,8,20,17,32,16,31,0,0,7,10,0,0.109999985,-0.7,-1,0,-444,-7,-24,6,1,1,-7,-10,MYKTYBEK OROLBAI,BRAD RIDDELL
0,0,0.56,0.57,0.5,1.0,3,0,1,0,220,454,7,34,3,40,61,108,28,49,167,241,62,89,3,6,5,5,0,-0.00999999,-0.5,3,1,234,4,-6,33,105,152,-2,1,PAIGE VANZANT,ALEKSANDRA ALBU
1,0,0.52,0.43,1.0,0.0,0,0,0,0,67,102,1,42,1,7,48,91,29,66,53,98,52,92,1,1,0,1,1,0.089999974,1.0,0,0,35,0,35,19,1,6,1,0,DUSTIN POIRIER,NC
0,1,0.0,0.66,0.0,0.0,0,0,0,0,6,0,0,0,0,6,0,4,10,15,0,4,10,15,0,0,0,0,-1,-0.66,0.0,0,0,-6,0,-6,-10,-10,-11,0,0,DOOHO CHOI,DEREK BRUNSON
0,0,0.77,1.0,0.0,0.0,0,0,0,0,0,0,0,0,0,0,28,36,1,1,28,36,1,1,0,0,0,0,0,-0.23000002,0.0,0,0,0,0,0,27,27,35,0,0,IBO ASLAN,TERRANCE MCKINNEY
0,0,0.29,0.64,0.07,0.5,0,0,0,0,54,409,6,49,0,54,28,94,52,81,40,110,83,112,1,13,1,2,0,-0.35,-0.43,0,0,355,6,-5,-24,-43,-2,0,11,THIAGO SANTOS,MELSIK BAGHDASARYAN
0,0,0.35,0.3,0.0,0.35,0,0,0,0,450,0,0,0,7,30,73,203,33,110,85,216,33,110,0,0,5,14,0,0.049999982,-0.35,0,0,-450,-7,-30,40,52,106,-5,-14,CHRIS CARIASO,EDDIE ALVAREZ
0,1,0.51,0.37,1.0,0.8,0,0,0,0,146,132,2,12,2,26,123,241,52,137,151,272,60,146,3,3,4,5,-1,0.13999999,0.19999999,0,0,-14,0,-14,71,91,126,-1,-2,DIEGO FERREIRA,LOIK RADZHABOV
0,0,0.47,0.66,1.0,1.0,0,0,0,1,150,191,3,11,2,30,22,46,24,36,56,89,41,59,2,2,2,2,0,-0.19000003,0.0,0,-1,41,1,-19,-2,15,30,0,0,SHANA DOBSON,ROBERT PERALTA
0,1,0.41,0.5,0.0,0.0,0,0,0,0,3,0,0,0,0,3,34,82,26,52,34,82,26,53,0,0,0,0,-1,-0.09,0.0,0,0,-3,0,-3,8,8,29,0,0,ROGERIO NOGUEIRA,ILIA TOPURIA
0,0,0.53,0.5,1.0,0.0,2,0,0,0,0,66,1,6,0,0,8,15,1,2,13,20,3,4,1,1,0,0,0,0.029999971,1.0,2,0,66,1,6,7,10,16,1,1,ELIOT MARSHALL,JAMIE VARNER
0,0,0.51,0.33,0.75,0.0,4,0,0,0,0,583,9,43,0,0,70,137,23,68,116,195,62,114,6,8,0,0,0,0.17999998,0.75,4,0,583,9,43,47,54,81,6,8,DHIEGO LIMA,KATLYN CERMINARA
1,0,0.64,0.38,0.5,0.0,0,0,0,0,0,172,2,52,0,0,138,213,48,125,152,228,51,128,4,8,0,0,1,0.26,0.5,0,0,172,2,52,90,101,100,4,8,ALEXANDER VOLKANOVSKI,ZHANG WEILI
0,1,0.85,0.55,0.0,0.0,0,0,0,0,3,0,0,0,0,3,6,7,15,27,6,7,15,27,0,0,0,0,-1,0.3,0.0,0,0,-3,0,-3,-9,-9,-20,0,0,AUGUSTO SAKAI,MICHAEL JOHNSON
1,1,0.36,0.26,0.06,1.0,0,0,0,0,302,87,1,27,5,2,16,44,22,83,19,48,101,162,1,15,1,1,0,0.100000024,-0.94,0,0,-215,-4,25,-6,-82,-114,0,14,YUSHIN OKAMI,GILBERT URBINA
0,0,0.31,0.2,0.0,1.0,0,0,0,0,61,0,0,0,1,1,31,98,38,187,31,98,43,192,0,2,1,1,0,0.11,-1.0,0,0,-61,-1,-1,-7,-12,-94,-1,1,MICHAEL JOHNSON,GRAY MAYNARD
0,1,0.32,0.44,0.0,0.0,0,0,0,0,2,0,0,0,0,2,14,43,26,58,14,43,26,58,0,0,0,0,-1,-0.120000005,0.0,0,0,-2,0,-2,-12,-12,-15,0,0,DRICUS DU PLESSIS,CODY GARBRANDT
0,0,0.59,0.51,0.0,0.0,0,0,0,0,153,230,3,50,2,33,71,120,53,102,73,122,147,209,0,0,0,2,0,0.07999998,0.0,0,0,77,1,17,18,-74,-87,0,-2,DRAKKAR KLOSE,PAPY ABEDI
0,0,0.44,0.65,0.0,0.66,1,0,3,1,172,176,2,56,2,52,31,69,41,63,50,93,46,77,0,0,4,6,0,-0.20999998,-0.66,1,2,4,0,4,-10,4,16,-4,-6,RONALDO RODRIGUEZ,MICKAEL LEBOUT
0,0,0.36,0.28,0.33,0.5,4,0,2,1,284,47,0,47,4,44,56,152,39,135,106,204,61,160,1,3,2,4,0,0.08000001,-0.16999999,4,1,-237,-4,3,17,45,44,-1,-1,NEIL SEERY,JULIA AVILA
0,0,0.47,0.28,1.0,0.0,0,0,0,0,0,56,0,56,0,0,123,257,74,257,126,260,91,276,1,1,0,1,0,0.19,1.0,0,0,56,0,56,49,35,-16,1,0,DANIEL RODRIGUEZ,MIKE DAVIS
0,0,0.46,0.8,1.0,0.0,0,1,0,1,86,13,0,13,1,26,6,13,8,10,16,23,12,14,1,1,0,0,0,-0.34,1.0,-1,-1,-73,-1,-13,-2,4,9,1,1,GERALD MEERSCHAERT,MATT WIMAN
0,0,0.56,0.61,0.09,0.0,0,0,0,0,352,511,8,31,5,52,62,110,63,103,91,143,139,186,2,22,0,0,0,-0.050000012,0.09,0,0,159,3,-21,-1,-48,-43,2,22,ALJAMAIN STERLING,MIKE DE LA TORRE
0,0,0.58,1.0,0.66,0.0,0,0,0,0,0,249,4,9,0,0,18,31,2,2,29,42,21,21,2,3,0,0,0,-0.42000002,0.66,0,0,249,4,9,16,8,21,2,3,MATT HUGHES,JAILTON ALMEIDA
0,0,0.57,0.45,0.25,0.22,0,0,0,0,449,96,1,36,7,29,38,66,46,102,149,189,67,127,2,8,2,9,0,0.120000005,0.030000001,0,0,-353,-6,7,-8,82,62,0,-1,LIZ CARMOUCHE,VALENTINA SHEVCHENKO
1,0,0.61,0.55,0.0,0.0,0,0,0,0,21,2,0,2,0,21,65,106,77,140,67,108,77,141,0,0,0,0,1,0.060000002,0.0,0,0,-19,0,-19,-12,-10,-33,0,0,SHARA MAGOMEDOV,OVINCE SAINT PREUX
0,0,0.42,0.45,0.2,0.58,0,0,0,0,160,239,3,59,2,40,31,73,28,62,55,102,46,82,1,5,7,12,0,-0.030000001,-0.38,0,0,79,1,19,3,9,20,-6,-7,FRANCIMAR BARROSO,DREW DOBER
1,0,0.54,0.35,0.0,0.0,0,0,0,0,0,4,0,4,0,0,20,37,11,31,22,39,11,31,0,1,0,0,1,0.19000003,0.0,0,0,4,0,4,9,11,8,0,1,ROBERT WHITEFORD,MAURICIO RUFFY
0,0,0.56,0.44,0.0,0.0,0,0,0,0,215,112,1,52,3,35,122,216,38,85,138,234,64,115,0,0,0,8,0,0.120000005,0.0,0,0,-103,-2,17,84,74,119,0,-8,CRISTIANE JUSTINO,ALEXANDER VOLKOV
0,0,0.47,0.77,0.0,0.0,0,0,0,0,88,16,0,16,1,28,10,21,63,81,11,22,76,97,0,1,0,0,0,-0.29999998,0.0,0,0,-72,-1,-12,-53,-65,-75,0,1,ZHANG MINGYANG,ALESSANDRO COSTA
1,0,0.58,0.65,0.0,0.0,0,0,0,0,0,2,0,2,0,0,14,24,15,23,14,24,15,23,0,0,0,0,1,-0.06999999,0.0,0,0,2,0,2,-1,-1,1,0,0,WILLIAM KNIGHT,ANDRE FIALHO
0,0,0.25,0.46,0.5,0.0,0,1,0,1,20,7,0,7,0,20,61,238,127,271,63,240,134,278,1,2,0,0,0,-0.21000001,0.5,-1,-1,-13,0,-13,-66,-71,-38,1,2,CHRIS LYTLE,RAFA GARCIA
0,0,0.4,0.6,0.0,0.0,0,0,0,0,0,1,0,1,0,0,4,10,3,5,4,10,3,5,0,0,0,0,0,-0.20000002,0.0,0,0,1,0,1,1,1,5,0,0,CURTIS BLAYDES,ISLAM MAKHACHEV
0,0,0.67,0.42,0.75,0.0,1,0,0,0,0,142,2,22,0,0,57,84,26,61,59,86,34,69,3,4,0,0,0,0.25000003,0.75,1,0,142,2,22,31,25,17,3,4,NC,CAIO BORRALHO
0,1,0.37,0.29,0.44,1.0,1,0,0,0,139,293,4,53,2,19,42,111,31,104,112,185,34,108,4,9,2,2,-1,0.08000001,-0.56,1,0,154,2,34,11,78,77,2,7,KENNY FLORIAN,ANDRE EWELL
0,0,0.32,0.47,0.0,0.6,1,1,0,0,345,20,0,20,5,45,9,28,26,55,9,28,54,85,0,0,3,5,0,-0.15,-0.6,0,0,-325,-5,-25,-17,-45,-57,-3,-5,ALAN BELCHER,KAYLA HARRISON
0,1,0.37,0.8,0.0,0.0,0,0,0,0,4,0,0,0,0,4,3,8,16,20,3,8,17,21,0,0,0,0,-1,-0.43,0.0,0,0,-4,0,-4,-13,-14,-13,0,0,JOHNNY WALKER,SAID NURMAGOMEDOV
0,0,0.42,0.5,0.66,0.0,0,1,0,1,397,140,2,20,6,37,19,45,44,88,45,77,130,191,2,3,0,0,0,-0.08000001,0.66,-1,-1,-257,-4,-17,-25,-85,-114,2,3,SARAH MORAS,D
0,0,0.8,0.57,0.5,0.0,1,0,0,0,12,66,1,6,0,12,4,5,11,19,4,5,14,22,1,2,0,0,0,0.23000002,0.5,1,0,54,1,-6,-7,-10,-17,1,2,FABRICIO WERDUM,DONALD CERRONE
0,0,0.0,0.62,0.0,1.0,0,2,0,0,130,0,0,0,2,10,0,1,20,32,6,8,26,39,0,0,1,1,0,-0.62,-1.0,-2,0,-130,-2,-10,-20,-20,-31,-1,-1,MICKEY GALL,CHRISTOS GIAGOS
1,0,0.38,0.23,0.5,0.0,2,3,0,1,146,259,4,19,2,26,29,76,14,59,71,122,24,69,1,2,0,3,1,0.14999999,0.5,-1,-1,113,2,-7,15,47,53,1,-1,ALAN BELCHER,JASON VON FLUE
1,0,0.41,0.3,0.5,0.0,0,4,0,0,146,473,7,53,2,26,49,117,21,68,117,204,36,84,5,10,0,0,1,0.109999985,0.5,-4,0,327,5,27,28,81,120,5,10,RAMSEY NIJEM,SHAYILAN NUERDANBIEKE
1,0,0.6,0.0,1.0,0.0,0,0,0,0,10,69,1,9,0,10,9,15,0,6,14,20,1,7,1,1,0,1,1,0.6,1.0,0,0,59,1,-1,9,13,13,1,0,JORGE SANTIAGO,EDMEN SHAHBAZYAN
2,0,0.57,0.56,0.0,0.0,0,0,0,0,1,16,0,16,0,1,15,26,14,25,15,26,14,25,0,0,0,0,2,0.00999999,0.0,0,0,15,0,15,1,1,1,0,0,MONTEL JACKSON,ANDRE WINNER
0,0,0.31,0.38,0.0,0.57,0,1,0,0,242,0,0,0,4,2,15,48,19,50,24,58,45,85,0,0,4,7,0,-0.06999999,-0.57,-1,0,-242,-4,-2,-4,-21,-27,-4,-7,MIRANDA MAVERICK,DEIVESON FIGUEIREDO
0,0,0.4,0.25,0.0,0.5,0,0,0,0,150,0,0,0,2,30,73,180,58,231,109,217,74,248,0,1,1,2,0,0.15,-0.5,0,0,-150,-2,-30,15,35,-31,-1,-1,KATLYN CERMINARA,FELICE HERRIG
0,0,0.44,0.26,0.45,0.0,0,0,0,0,40,229,3,49,0,40,97,217,43,163,114,237,44,164,5,11,0,2,0,0.18,0.45,0,0,189,3,9,54,70,73,5,9,ZABIT MAGOMEDSHARIPOV,JUNYONG PARK
0,0,0.0,0.0,1.0,0.0,1,0,0,0,3,45,0,45,0,3,0,1,0,3,5,6,0,3,1,1,0,0,0,0.0,1.0,1,0,42,0,42,0,5,3,1,1,CHRIS WADE,TYSON GRIFFIN
1,0,0.6,0.14,0.0,0.0,0,0,0,0,0,1,0,1,0,0,3,5,1,7,3,5,1,7,0,0,0,0,1,0.46000004,0.0,0,0,1,0,1,2,2,-2,0,0,JIM MILLER,MATTHEW SEMELSBERGER
0,1,0.52,0.36,0.0,0.5,0,1,0,0,81,0,0,0,1,21,20,38,17,47,20,38,23,53,0,0,1,2,-1,0.15999997,-0.5,-1,0,-81,-1,-21,3,-3,-15,-1,-2,RENATO MOICANO,BRUNNO FERREIRA
1,0,0.76,0.5,1.0,0.0,1,0,0,0,0,217,3,37,0,0,23,30,1,2,31,38,1,2,1,1,0,1,1,0.26,1.0,1,0,217,3,37,22,30,36,1,0,JOSH KOSCHECK,MATT HUGHES
0,0,0.0,0.2,0.0,1.0,0,1,0,0,2,17,0,17,0,2,0,3,2,10,0,3,2,10,0,1,1,1,0,-0.2,-1.0,-1,0,15,0,15,-2,-2,-7,-1,0,DANIEL ROBERTS,ROUSIMAR PALHARES
1,0,0.5,0.63,0.0,0.5,0,0,0,0,29,232,3,52,0,29,106,209,89,141,139,247,95,148,0,3,1,2,1,-0.13,-0.5,0,0,203,3,23,17,44,99,-1,1,D,STIPE MIOCIC
1,0,0.36,0.42,0.0,0.0,0,0,0,0,0,0,0,0,0,0,38,104,22,52,38,104,22,52,0,0,0,0,1,-0.059999973,0.0,0,0,0,0,0,16,16,52,0,0,GABRIEL BENITEZ,LUKE BARNATT
2,0,0.64,0.46,0.0,0.0,1,0,0,0,0,15,0,15,0,0,22,34,13,28,22,34,13,29,0,0,0,1,2,0.17999998,0.0,1,0,15,0,15,9,9,5,0,-1,DAN HOOKER,MAGOMED ANKALAEV
0,0,0.8,0.5,1.0,0.0,0,0,0,0,0,3,0,3,0,0,4,5,1,2,4,5,1,2,1,1,0,0,0,0.3,1.0,0,0,3,0,3,3,3,3,1,1,JOSHUA BURKMAN,DAVI RAMOS
0,0,0.61,0.8,0.5,1.0,1,0,0,0,73,185,3,5,1,13,16,26,12,15,52,68,12,15,1,2,1,1,0,-0.19,-0.5,1,0,112,2,-8,4,40,53,0,1,AISLING DALY,KETLEN VIEIRA
0,0,0.68,0.45,0.12,0.0,1,0,0,0,79,464,7,44,1,19,30,44,20,44,135,165,21,46,1,8,0,2,0,0.23000002,0.12,1,0,385,6,25,10,114,119,1,6,DONG HYUN KIM,AMANDA COOPER
0,0,0.52,0.47,0.25,0.0,1,0,0,0,0,160,2,40,0,0,90,171,57,119,99,182,59,121,1,4,0,2,0,0.049999982,0.25,1,0,160,2,40,33,40,61,1,2,HENRY CEJUDO,JOHN LINEKER
0,2,0.92,0.64,0.0,0.5,0,0,0,0,22,4,0,4,0,22,12,13,36,56,12,13,38,58,0,1,1,2,-2,0.28000003,-0.5,0,0,-18,0,-18,-24,-26,-45,-1,-1,FRANCIS NGANNOU,CLAUDIO RIBEIRO
0,2,0.36,0.62,0.0,0.0,0,0,0,0,4,18,0,18,0,4,11,30,25,40,11,30,29,45,0,2,0,0,-2,-0.26,0.0,0,0,14,0,14,-14,-18,-15,0,2,PETR YAN,CHARLES RADTKE
0,0,0.41,0.48,0.33,0.0,0,0,0,0,117,122,2,2,1,57,36,86,40,83,60,115,71,114,1,3,0,0,0,-0.06999999,0.33,0,0,5,1,-55,-4,-11,1,1,3,MAIRON SANTOS,IRWIN RIVERA
1,0,0.48,0.48,0.66,0.0,0,0,0,0,0,381,6,21,0,0,91,186,98,204,98,195,172,284,2,3,0,0,1,0.0,0.66,0,0,381,6,21,-7,-74,-89,2,3,BEN SAUNDERS,LINA LANSBERG
0,0,0.45,0.38,0.58,1.0,0,2,2,2,438,291,4,51,7,18,36,80,19,49,92,147,49,79,7,12,1,1,0,0.06999999,-0.42000002,-2,0,-147,-3,33,17,43,68,6,11,DUSTIN ORTIZ,PHILLIPE NOVER
1,0,0.52,0.5,1.0,0.53,0,1,1,0,536,190,3,10,8,56,45,86,35,70,134,180,57,94,1,1,7,13,1,0.01999998,0.47000003,-1,1,-346,-5,-46,10,77,86,-6,-12,PAUL TAYLOR,NICK PACE
0,1,0.25,0.53,0.0,0.0,0,0,0,0,55,31,0,31,0,55,26,101,85,158,27,102,86,159,0,4,0,0,-1,-0.27999997,0.0,0,0,-24,0,-24,-59,-59,-57,0,4,LUCAS ALEXANDER,ALESSANDRO COSTA
0,0,0.66,0.78,0.33,0.33,2,3,2,0,538,688,11,28,8,58,134,201,69,88,265,342,96,118,1,3,3,9,0,-0.119999945,0.0,-1,2,150,3,-30,65,169,224,-2,-6,RAQUEL PENNINGTON,HEATH HERRING
0,0,0.53,0.72,1.0,1.0,0,2,0,0,97,18,0,18,1,37,7,13,8,11,17,23,21,24,1,1,1,1,0,-0.19000006,0.0,-2,0,-79,-1,-19,-1,-4,-1,0,0,BRANDON MORENO,POLYANA VIANA
0,0,0.57,0.28,0.0,0.0,0,2,0,0,11,48,0,48,0,11,8,14,2,7,8,15,5,10,0,0,0,2,0,0.29,0.0,-2,0,37,0,37,6,3,5,0,-2,FELIPE BUNES,PAUL SASS
0,0,0.51,0.52,0.47,0.16,0,0,0,1,32,495,8,15,0,32,125,242,111,212,143,262,129,233,9,19,1,6,0,-0.00999999,0.31,0,-1,463,8,-17,14,14,29,8,13,ALEXANDRE PANTOJA,MASON JONES
0,0,0.49,0.41,0.66,0.37,2,0,0,0,382,80,1,20,6,22,82,167,66,158,87,172,90,185,2,3,3,8,0,0.08000001,0.29000002,2,0,-302,-5,-2,16,-3,-13,-1,-5,JESSICA ANDRADE,ANDREW SANCHEZ
1,0,0.65,0.23,0.33,0.0,0,0,0,0,20,334,5,34,0,20,44,67,6,26,91,123,13,33,1,3,0,2,1,0.41999996,0.33,0,0,314,5,14,38,78,90,1,1,MAGOMED ANKALAEV,CAIN VELASQUEZ
0,0,0.47,0.38,0.35,1.0,1,0,0,0,86,219,3,39,1,26,113,238,98,252,126,252,104,260,5,14,1,1,0,0.09,-0.65,1,0,133,2,13,15,22,-8,4,13,MOLLY MCCANN,MAXIMO BLANCO
0,0,0.28,0.58,0.0,0.66,1,0,0,0,0,0,0,0,0,0,52,180,76,130,67,198,113,171,0,0,2,3,0,-0.29999998,-0.66,1,0,0,0,0,-24,-46,27,-2,-3,NC,THOMAS PETERSEN
1,0,0.55,0.6,0.0,0.0,0,0,0,0,0,37,0,37,0,0,15,27,9,15,18,34,9,16,0,1,0,0,1,-0.050000012,0.0,0,0,37,0,37,6,9,18,0,1,STEVE GARCIA,KENNY ROBERTSON
0,0,0.31,0.25,1.0,0.6,1,1,0,1,405,27,0,27,6,45,28,89,14,56,83,146,27,73,1,1,3,5,0,0.060000002,0.39999998,0,-1,-378,-6,-18,14,56,73,-2,-4,KENDALL GROVE,JARED ROSHOLT
0,0,0.62,0.65,0.0,0.25,0,1,0,0,168,0,0,0,2,48,15,24,27,41,18,27,73,96,0,0,1,4,0,-0.029999971,-0.25,-1,0,-168,-2,-48,-12,-55,-69,-1,-4,MARCIN TYBURA,DUSKO TODOROVIC
0,0,0.33,0.31,0.0,0.33,0,0,0,0,59,5,0,5,0,59,44,132,66,209,48,136,83,226,0,0,1,3,0,0.02000001,-0.33,0,0,-54,0,-54,-22,-35,-90,-1,-3,DAVID HEATH,CYNTHIA CALVILLO
0,0,0.42,0.53,0.0,0.0,0,0,0,0,37,496,8,16,0,37,77,182,80,150,122,235,144,223,0,9,0,1,0,-0.109999985,0.0,0,0,459,8,-21,-3,-22,12,0,8,GERMAINE DE RANDAMIE,ERIN BLANCHFIELD
0,1,0.51,0.4,0.0,0.0,1,0,0,1,102,271,4,31,1,42,28,54,46,115,56,84,58,128,0,4,0,1,-1,0.109999985,0.0,1,-1,169,3,-11,-18,-2,-44,0,3,D,GERALD MEERSCHAERT
0,2,0.38,0.54,0.0,0.0,0,0,0,0,2,0,0,0,0,2,33,85,47,86,33,85,47,86,0,0,0,0,-2,-0.16000003,0.0,0,0,-2,0,-2,-14,-14,-1,0,0,UROS MEDIC,ISRAEL ADESANYA
0,0,0.45,0.38,0.16,1.0,3,1,0,0,74,168,2,48,1,14,9,20,13,34,22,37,13,34,1,6,1,1,0,0.06999999,-0.84000003,2,0,94,1,34,-4,9,3,0,5,JORDAN LEAVITT,ZAK OTTOW
1,0,0.43,0.08,0.0,1.0,0,1,0,0,62,72,1,12,1,2,39,90,1,12,49,103,2,13,0,0,1,1,1,0.35000002,-1.0,-1,0,10,0,10,38,47,90,-1,-1,MICHAEL BISPING,YAO ZHIKUI
0,1,0.33,0.55,0.25,0.75,1,0,0,1,369,86,1,26,6,9,29,86,44,79,41,100,64,109,1,4,3,4,-1,-0.22,-0.5,1,-1,-283,-5,17,-15,-23,-9,-2,0,CB DOLLAWAY,LUDOVIT KLEIN
0,0,0.66,0.0,0.0,1.0,1,0,0,0,19,2,0,2,0,19,4,6,0,1,4,6,0,1,0,0,1,1,0,0.66,-1.0,1,0,-17,0,-17,4,4,5,-1,-1,FRANK MIR,KHAMZAT CHIMAEV
0,0,0.6,0.33,0.0,0.5,0,1,0,0,147,6,0,6,2,27,6,10,3,9,8,12,11,27,0,0,1,2,0,0.27,-0.5,-1,0,-141,-2,-21,3,-3,-15,-1,-2,RANI YAHYA,SARAH MORAS
0,0,0.57,0.59,0.28,1.0,0,0,0,1,335,211,3,31,5,35,32,56,44,74,57,84,63,99,2,7,3,3,0,-0.01999998,-0.72,0,-1,-124,-2,-4,-12,-6,-15,-1,4,BRUNA BRASIL,ALEX OLIVEIRA
0,1,0.37,0.32,0.2,0.12,1,0,0,0,186,43,0,43,3,6,88,233,50,155,124,273,119,224,1,5,1,8,-1,0.050000012,0.080000006,1,0,-143,-3,37,38,5,49,0,-3,AMANDA RIBAS,SEAN O'CONNELL
0,1,0.36,0.52,1.0,0.0,0,0,0,0,8,63,1,3,0,8,16,44,27,51,24,52,31,55,1,1,0,0,-1,-0.15999997,1.0,0,0,55,1,-5,-11,-7,-3,1,1,TERUTO ISHIHARA,RICH FRANKLIN
0,0,0.35,0.32,0.41,1.0,0,3,0,0,37,127,2,7,0,37,68,190,87,264,81,204,100,277,5,12,1,1,0,0.030000001,-0.59000003,-3,0,90,2,-30,-19,-19,-73,4,11,BENSON HENDERSON,JEAN MATSUMOTO
0,0,0.51,0.72,0.0,0.5,0,0,2,0,310,66,1,6,5,10,31,60,45,62,37,70,53,70,0,2,4,8,0,-0.21000004,-0.5,0,2,-244,-4,-4,-14,-16,0,-4,-6,GREGOR GILLESPIE,LANCE BENOIST
1,0,0.62,0.69,1.0,0.14,0,0,0,0,183,87,1,27,3,3,10,16,9,13,24,31,18,22,1,1,1,7,1,-0.06999999,0.86,0,0,-96,-2,24,1,6,9,0,-6,THIAGO ALVES,IAN FREEMAN
0,0,0.45,0.56,0.0,0.66,0,1,1,1,338,153,2,33,5,38,54,118,55,98,96,162,78,122,0,2,2,3,0,-0.110000014,-0.66,-1,0,-185,-3,-5,-1,18,40,-2,-1,JESSICA-ROSE CLARK,KARINE SILVA
0,0,0.45,0.41,0.0,0.1,1,0,0,0,502,0,0,0,8,22,128,281,110,268,171,331,169,332,0,1,2,19,0,0.03999999,-0.1,1,0,-502,-8,-22,18,2,-1,-2,-18,TJ DILLASHAW,CYNTHIA CALVILLO
0,0,0.38,0.48,0.22,0.0,0,0,0,0,24,204,3,24,0,24,48,125,56,115,71,148,61,120,2,9,0,1,0,-0.099999994,0.22,0,0,180,3,0,-8,10,28,2,8,DIEGO SANCHEZ,PARKER PORTER
1,0,0.47,1.0,1.0,0.0,0,1,0,0,0,24,0,24,0,0,9,19,2,2,9,19,2,2,1,1,0,0,1,-0.53,1.0,-1,0,24,0,24,7,7,17,1,1,GABRIEL BENITEZ,DAVID ABBOTT
0,1,0.5,0.46,1.0,0.0,0,0,0,0,34,15,0,15,0,34,67,133,88,191,72,140,90,195,1,1,0,2,-1,0.03999999,1.0,0,0,-19,0,-19,-21,-18,-55,1,-1,CHARLES JOHNSON,LUKE JUMEAU
0,0,0.43,0.4,0.18,1.0,0,0,0,0,16,31,0,31,0,16,42,96,96,237,44,98,96,237,2,11,1,1,0,0.030000001,-0.82,0,0,15,0,15,-54,-52,-139,1,10,VINICIUS OLIVEIRA,JOHNNY WALKER
0,0,0.28,0.72,0.0,0.66,0,0,0,0,244,0,0,0,4,4,2,7,27,37,19,24,47,59,0,0,2,3,0,-0.44000003,-0.66,0,0,-244,-4,-4,-25,-28,-35,-2,-3,JUSTIN SCOGGINS,JASON WITT
1,0,0.66,0.52,0.0,0.0,0,0,0,0,0,2,0,2,0,0,12,18,9,17,13,19,9,17,0,0,0,0,1,0.14000005,0.0,0,0,2,0,2,3,4,2,0,0,MARK HUNT,STIPE MIOCIC
0,0,0.37,0.33,0.16,0.0,0,0,0,0,4,80,1,20,0,4,43,114,54,161,46,121,60,168,1,6,0,0,0,0.03999999,0.16,0,0,76,1,16,-11,-14,-47,1,6,SERGIO PETTIS,D
0,1,0.0,0.8,0.0,0.0,0,0,0,0,3,0,0,0,0,3,0,0,4,5,0,0,5,7,0,0,0,0,-1,-0.8,0.0,0,0,-3,0,-3,-4,-5,-7,0,0,TERRANCE MCKINNEY,MAKWAN AMIRKHANI
0,0,0.34,0.41,0.5,0.0,1,0,0,0,0,462,7,42,0,0,49,141,47,114,88,186,54,122,4,8,0,1,0,-0.06999999,0.5,1,0,462,7,42,2,34,64,4,7,BRAD PICKETT,YOSHIHIRO AKIYAMA
0,0,0.5,0.34,0.0,0.0,0,0,0,0,0,0,0,0,0,0,61,122,38,111,61,122,39,112,0,1,0,0,0,0.16,0.0,0,0,0,0,0,23,22,10,0,1,ARNOLD ALLEN,JIMMIE RIVERA
1,0,0.5,0.0,0.0,0.0,0,0,0,0,0,1,0,1,0,0,2,4,0,7,2,4,0,7,0,0,0,0,1,0.5,0.0,0,0,1,0,1,2,2,-3,0,0,MAIRBEK TAISUMOV,ILIR LATIFI
0,0,0.66,0.32,1.0,0.0,0,0,0,0,1,48,0,48,0,1,93,140,41,126,94,141,42,127,1,1,0,0,0,0.34000003,1.0,0,0,47,0,47,52,52,14,1,1,ALONZO MENIFIELD,CHRIS DUNCAN
0,0,0.32,0.15,1.0,0.0,0,0,0,0,0,6,0,6,0,0,32,97,20,127,32,97,20,127,1,1,0,0,0,0.16999999,1.0,0,0,6,0,6,12,12,-30,1,1,JON MADSEN,BRIAN BOWLES
0,0,0.37,0.47,1.0,0.57,2,1,0,0,608,99,1,39,10,8,13,35,21,44,22,45,59,94,1,1,8,14,0,-0.099999994,0.43,1,0,-509,-9,31,-8,-37,-49,-7,-13,CHASE HOOPER,PATRICK CUMMINS
0,0,0.41,0.44,1.0,0.5,0,1,0,1,116,3,0,3,1,56,10,24,16,36,12,27,29,49,1,1,1,2,0,-0.030000001,0.5,-1,-1,-113,-1,-53,-6,-17,-22,0,-1,KELVIN GASTELUM,IRWIN RIVERA
1,2,0.34,0.59,0.0,0.75,0,3,0,0,397,0,0,0,6,37,27,79,46,77,49,103,81,120,0,0,3,4,-1,-0.24999997,-0.75,-3,0,-397,-6,-37,-19,-32,-17,-3,-4,MATHEUS NICOLAU,NC
1,0,0.42,0.26,0.5,0.0,0,0,0,0,128,128,2,8,2,8,53,124,32,121,61,134,54,145,2,4,0,2,1,0.16,0.5,0,0,0,0,0,21,7,-11,2,2,DONG HYUN KIM,MILES JOHNS
0,1,1.0,0.82,0.0,0.0,0,0,0,0,8,2,0,2,0,8,1,1,14,17,1,1,14,19,0,0,0,0,-1,0.18,0.0,0,0,-6,0,-6,-13,-13,-18,0,0,DIEGO BRANDAO,ANTHONY PEROSH
1,0,0.63,0.33,0.0,0.08,0,0,0,0,231,114,1,54,3,51,75,119,54,159,96,142,119,240,0,2,1,12,1,0.29999998,-0.08,0,0,-117,-2,3,21,-23,-98,-1,-10,MIKE WILKINSON,MONTSERRAT RENDON
0,0,1.0,0.4,1.0,0.0,1,0,0,0,13,45,0,45,0,13,3,3,2,5,5,5,2,5,1,1,0,1,0,0.6,1.0,1,0,32,0,32,1,3,0,1,0,TRESEAN GORE,TJ WALDBURGER
0,1,0.42,0.58,0.5,1.0,0,0,0,0,185,27,0,27,3,5,54,127,115,195,64,139,136,219,1,2,3,3,-1,-0.16,-0.5,0,0,-158,-3,22,-61,-72,-80,-2,-1,KING GREEN,JOANNE WOOD
1,0,0.51,0.28,0.0,1.0,0,0,0,0,24,13,0,13,0,24,41,79,30,104,42,81,43,119,0,0,1,1,1,0.22999999,-1.0,0,0,-11,0,-11,11,-1,-38,-1,-1,CHRIS GUTIERREZ,PADDY PIMBLETT
1,0,0.51,0.41,0.4,0.0,0,0,0,0,0,67,1,7,0,0,69,133,37,90,69,133,37,90,2,5,0,0,1,0.099999994,0.4,0,0,67,1,7,32,32,43,2,5,ALAN JOUBAN,JON JONES
0,0,0.63,0.23,0.0,0.6,0,1,0,0,80,0,0,0,1,20,7,11,3,13,7,11,4,14,0,0,3,5,0,0.39999998,-0.6,-1,0,-80,-1,-20,4,3,-3,-3,-5,ALEX OLIVEIRA,TATIANA SUAREZ
0,0,0.54,0.38,0.5,0.5,0,0,0,0,62,633,10,33,1,2,23,42,23,59,142,177,36,73,3,6,1,2,0,0.16000003,0.0,0,0,571,9,31,0,106,104,2,4,RENATO MOICANO,DEVIN CLARK
0,0,0.37,0.75,0.5,0.0,0,0,0,0,0,93,1,33,0,0,6,16,6,8,7,17,8,10,1,2,0,0,0,-0.38,0.5,0,0,93,1,33,0,-1,7,1,2,DERRICK LEWIS,SAM ALVEY
0,3,0.26,0.56,0.0,0.0,0,0,0,0,38,22,0,22,0,38,8,30,22,39,8,30,26,43,0,0,0,0,-3,-0.3,0.0,0,0,-16,0,-16,-14,-18,-13,0,0,HUGO VIANA,STEVE GARCIA
0,0,0.56,0.56,0.18,0.0,1,0,0,0,7,271,4,31,0,7,31,55,26,46,43,67,27,48,2,11,0,0,0,0.0,0.18,1,0,264,4,24,5,16,19,2,11,KAY HANSEN,URIJAH FABER
0,0,0.72,0.47,0.57,0.0,5,0,0,0,0,659,10,59,0,0,29,40,27,57,178,199,43,75,4,7,0,0,0,0.25000003,0.57,5,0,659,10,59,2,135,124,4,7,RAFAELLO OLIVEIRA,RON WATERMAN
2,1,0.5,0.38,0.5,0.0,0,0,0,0,8,205,3,25,0,8,48,96,23,60,79,128,32,70,1,2,0,2,1,0.120000005,0.5,0,0,197,3,17,25,47,58,1,0,DAN HENDERSON,TRAVIS BROWNE
0,0,0.37,0.57,0.0,0.37,0,0,0,0,686,75,1,15,11,26,14,37,20,35,51,76,47,66,0,0,3,8,0,-0.19999999,-0.37,0,0,-611,-10,-11,-6,4,10,-3,-8,THALES LEITES,RAY BORG
0,0,0.36,0.38,0.0,0.5,0,0,0,0,243,0,0,0,4,3,64,177,80,208,74,188,113,242,0,0,1,2,0,-0.01999998,-0.5,0,0,-243,-4,-3,-16,-39,-54,-1,-2,CLAY GUIDA,ALBERT DURAEV
0,0,0.67,0.48,0.15,0.0,0,0,0,1,120,114,1,54,2,0,75,111,66,136,80,116,72,143,2,13,0,3,0,0.19000003,0.15,0,-1,-6,-1,54,9,8,-27,2,10,URIJAH FABER,ALEXANDER MUNOZ
0,0,0.42,0.2,0.83,0.0,2,0,0,0,0,436,7,16,0,0,70,164,29,141,132,228,49,170,5,6,0,0,0,0.21999998,0.83,2,0,436,7,16,41,83,58,5,6,CLAUDIA GADELHA,THEMBA GORIMBO
1,0,0.29,0.45,0.0,0.0,0,0,0,0,0,2,0,2,0,0,14,48,26,57,14,48,26,57,0,1,0,0,1,-0.16,0.0,0,0,2,0,2,-12,-12,-9,0,1,BRAD PICKETT,PEDRO RIZZO
0,0,0.43,0.56,0.66,0.0,0,1,0,0,86,189,3,9,1,26,20,46,42,75,29,60,64,98,2,3,0,1,0,-0.13,0.66,-1,0,103,2,-17,-22,-35,-38,2,2,JOEL ALVAREZ,KEVIN HOLLAND
2,0,0.37,0.6,0.0,0.0,0,0,0,0,0,15,0,15,0,0,26,69,17,28,26,69,17,28,0,0,0,0,2,-0.23000002,0.0,0,0,15,0,15,9,9,41,0,0,KHALIL ROUNTREE JR.,GAN MCGEE
0,1,0.0,0.5,0.0,0.0,0,0,0,0,13,0,0,0,0,13,0,4,4,8,1,5,4,8,0,1,0,0,-1,-0.5,0.0,0,0,-13,0,-13,-4,-3,-3,0,1,JONATHAN WILSON,RANDY COSTA
0,0,0.26,0.27,0.22,0.66,2,0,0,0,182,63,1,3,3,2,38,145,64,235,67,179,74,248,2,9,2,3,0,-0.01000002,-0.44000003,2,0,-119,-2,1,-26,-7,-69,0,6,EDUARDA MOURA,GRAY MAYNARD
0,0,0.73,0.54,0.5,0.0,0,0,0,1,39,780,13,0,0,39,45,61,18,33,106,130,48,65,5,10,0,2,0,0.19,0.5,0,-1,741,13,-39,27,58,65,5,8,RINAT FAKHRETDINOV,MATT HUGHES
1,0,0.76,0.54,0.0,0.0,0,0,0,0,16,3,0,3,0,16,32,42,32,59,32,42,33,60,0,0,0,1,1,0.21999997,0.0,0,0,-13,0,-13,0,-1,-18,0,-1,ROMAN KOPYLOV,RAMIZ BRAHIMAJ
0,1,0.48,0.71,0.0,0.0,0,0,0,0,18,34,0,34,0,18,17,35,25,35,24,46,26,36,0,2,0,0,-1,-0.22999999,0.0,0,0,16,0,16,-8,-2,10,0,2,SEAN O'MALLEY,MUSLIM SALIKHOV
0,0,0.61,0.58,0.42,0.0,1,0,0,0,24,166,2,46,0,24,32,52,17,29,33,53,30,44,3,7,0,0,0,0.030000031,0.42,1,0,142,2,22,15,3,9,3,7,ALEXANDRE PANTOJA,TOMASZ DRWAL
0,0,0.0,0.88,0.4,0.0,1,0,0,0,0,0,0,0,0,0,0,0,8,9,0,0,12,14,2,5,0,0,0,-0.88,0.4,1,0,0,0,0,-8,-12,-14,2,5,DAN SEVERN,TALLISON TEIXEIRA
1,0,0.23,0.54,0.28,0.33,1,3,1,0,47,149,2,29,0,47,38,163,76,140,40,166,81,149,2,7,2,6,1,-0.31,-0.050000012,-2,1,102,2,-18,-38,-41,17,0,1,CHARLES JOHNSON,ZARRUKH ADASHEV
0,0,1.0,0.5,1.0,0.0,0,0,0,0,0,0,0,0,0,0,7,7,1,2,7,7,5,7,1,1,0,0,0,0.5,1.0,0,0,0,0,0,6,2,0,1,1,REMCO PARDOEL,MARK KERR
0,1,0.44,0.45,0.0,0.0,0,0,0,0,2,17,0,17,0,2,41,92,33,73,44,95,33,73,0,1,0,0,-1,-0.00999999,0.0,0,0,15,0,15,8,11,22,0,1,JIRI PROCHAZKA,ILIA TOPURIA
0,0,0.16,0.39,0.18,0.0,0,0,0,1,8,316,5,16,0,8,12,75,32,82,13,78,36,88,2,11,0,0,0,-0.22999999,0.18,0,-1,308,5,8,-20,-23,-10,2,11,FRANCIS CARMONT,GERMAINE DE RANDAMIE
0,0,0.52,0.49,0.5,0.07,0,0,0,0,171,211,3,31,2,51,55,105,47,95,83,140,64,123,1,2,1,14,0,0.029999971,0.43,0,0,40,1,-20,8,19,17,0,-12,MIZUKI,MAX HOLLOWAY
0,0,0.44,0.52,0.0,0.85,0,0,0,0,511,12,0,12,8,31,29,65,46,88,48,84,96,139,0,1,6,7,0,-0.07999998,-0.85,0,0,-499,-8,-19,-17,-48,-55,-6,-6,RENAN BARAO,HENRY CEJUDO
0,0,0.63,0.2,0.0,0.0,0,0,0,0,0,3,0,3,0,0,30,47,1,5,30,47,1,5,0,2,0,1,0,0.43,0.0,0,0,3,0,3,29,29,42,0,1,TERRANCE MCKINNEY,BRENDAN SCHAUB
0,0,0.7,0.42,1.0,0.2,3,0,0,0,116,815,13,35,1,56,67,95,32,76,112,150,53,103,12,12,1,5,0,0.28,0.8,3,0,699,12,-21,35,59,47,11,7,DEMETRIOUS JOHNSON,DEMETRIOUS JOHNSON
0,0,0.53,0.29,0.0,0.66,0,0,0,0,71,267,4,27,1,11,58,109,22,75,90,142,26,79,0,2,2,3,0,0.23999998,-0.66,0,0,196,3,16,36,64,63,-2,-1,D,CHRIS CAMOZZI
0,0,0.47,0.35,1.0,0.0,0,0,0,0,13,741,12,21,0,13,70,146,13,37,146,234,151,185,9,9,0,0,0,0.120000005,1.0,0,0,728,12,8,57,-5,49,9,9,ALESSIO SAKARA,FRANKIE EDGAR
0,0,0.28,0.48,0.3,0.5,1,0,0,0,53,392,6,32,0,53,17,60,43,88,29,74,64,117,3,10,1,2,0,-0.19999999,-0.19999999,1,0,339,6,-21,-26,-35,-43,2,8,DAN IGE,LUANA CAROLINA
1,0,0.68,0.59,1.0,0.0,0,0,0,1,91,81,1,21,1,31,66,97,81,136,71,102,97,153,1,1,0,0,1,0.09000003,1.0,0,-1,-10,0,-10,-15,-26,-51,1,1,HENRIQUE DA SILVA,ALISTAIR OVEREEM
1,0,0.52,0.36,0.5,0.0,1,5,0,2,91,452,7,32,1,31,32,61,24,66,73,104,56,104,4,8,0,0,1,0.15999997,0.5,-4,-2,361,6,1,8,17,0,4,8,BRIAN EBERSOLE,SHAYILAN NUERDANBIEKE
0,0,0.51,0.52,0.28,0.25,0,0,1,0,83,163,2,43,1,23,21,41,30,57,42,66,42,70,2,7,1,4,0,-0.00999999,0.030000001,0,1,80,1,20,-9,0,-4,1,3,JOE LAUZON,RAONI BARCELOS
0,0,0.65,0.25,0.0,0.0,0,0,0,0,0,0,0,0,0,0,59,90,43,166,59,90,43,166,0,1,0,0,0,0.39999998,0.0,0,0,0,0,0,16,16,-76,0,1,JON JONES,BO NICKAL
0,2,0.57,0.41,0.0,0.5,1,2,0,0,40,174,2,54,0,40,83,144,48,117,98,164,51,120,0,0,1,2,-2,0.16,-0.5,-1,0,134,2,14,35,47,44,-1,-2,CJ VERGARA,MICHAEL KUIPER
0,0,0.54,0.31,0.2,0.14,0,0,1,0,116,294,4,54,1,56,61,112,35,112,85,140,69,148,2,10,1,7,0,0.23000002,0.060000002,0,1,178,3,-2,26,16,-8,1,3,SERGIO PETTIS,NORMAN PARKE
0,0,0.34,0.43,0.16,1.0,0,0,0,1,32,30,0,30,0,32,78,225,154,352,79,227,159,359,1,6,1,1,0,-0.09,-0.84000003,0,-1,-2,0,-2,-76,-80,-132,0,5,ALICE ARDELEAN,FRANK CAMACHO
0,0,0.59,0.61,0.0,0.77,0,1,0,0,717,52,0,52,11,57,19,32,58,95,51,67,171,271,0,1,7,9,0,-0.02000004,-0.77,-1,0,-665,-11,-5,-39,-120,-204,-7,-8,BELAL MUHAMMAD,SEAN BRADY
1,0,0.51,0.33,0.5,0.0,1,0,0,0,13,238,3,58,0,13,19,37,12,36,33,51,24,51,2,4,0,0,1,0.17999998,0.5,1,0,225,3,45,7,9,0,2,4,MIKE PIERCE,JOSH KOSCHECK
0,0,0.46,0.29,0.0,0.0,0,0,0,0,0,0,0,0,0,0,96,206,45,154,96,206,45,154,0,0,0,0,0,0.17000002,0.0,0,0,0,0,0,51,51,52,0,0,LI JINGLIANG,JACQUELINE CAVALCANTI
0,0,0.57,0.0,0.0,1.0,1,1,0,0,0,0,0,0,0,0,8,14,0,0,10,16,4,4,0,0,1,1,0,0.57,-1.0,0,0,0,0,0,8,6,12,-1,-1,KEITH HACKNEY,ORLANDO WIET
1,0,0.42,0.45,0.0,0.0,2,0,0,0,7,49,0,49,0,7,32,76,28,61,36,81,28,61,0,0,0,0,1,-0.030000001,0.0,2,0,42,0,42,4,8,20,0,0,COLE MILLER,MARTIN KAMPMANN
0,0,0.4,0.56,0.0,0.2,0,2,0,0,515,126,2,6,8,35,12,30,14,25,70,88,44,59,0,0,2,10,0,-0.16,-0.2,-2,0,-389,-6,-29,-2,26,29,-2,-10,D,KENNEDY NZECHUKWU
0,1,0.51,0.48,0.84,1.0,1,0,1,3,426,319,5,19,7,6,34,66,60,124,47,84,176,250,11,13,2,2,-1,0.030000001,-0.16000003,1,-2,-107,-2,13,-26,-129,-166,9,11,JARED HAMMAN,ABU AZAITAR
1,1,0.21,0.48,0.14,0.0,2,0,1,1,572,28,0,28,9,32,16,73,86,178,20,77,157,261,1,7,0,0,0,-0.26999998,0.14,2,0,-544,-9,-4,-70,-137,-184,1,7,KAI KARA-FRANCE,JOHNNY BEDFORD
0,1,0.2,0.39,0.0,0.66,0,0,0,0,645,2,0,2,10,45,13,62,47,119,14,63,78,154,0,0,2,3,-1,-0.18999998,-0.66,0,0,-643,-10,-43,-34,-64,-91,-2,-3,RENEE FORTE,SHAMAR BAILEY
0,1,0.4,0.46,0.3,0.0,0,0,0,0,42,118,1,58,0,42,10,25,26,56,13,28,31,61,3,10,0,0,-1,-0.060000002,0.3,0,0,76,1,16,-16,-18,-33,3,10,JARED CANNONIER,JAMES HEAD
1,0,0.53,0.09,0.0,0.0,0,0,0,0,0,3,0,3,0,0,14,26,1,11,14,26,1,11,0,0,0,0,1,0.43999997,0.0,0,0,3,0,3,13,13,15,0,0,ANDREI ARLOVSKI,WANG CONG
0,0,0.46,0.25,0.6,0.0,0,0,0,0,0,478,7,58,0,0,47,101,21,84,121,180,65,128,3,5,0,0,0,0.21000001,0.6,0,0,478,7,58,26,56,52,3,5,PETER SOBOTTA,GLOVER TEIXEIRA
0,1,0.52,0.62,0.0,0.0,0,0,0,0,12,322,5,22,0,12,92,174,98,157,98,183,108,167,0,1,0,0,-1,-0.100000024,0.0,0,0,310,5,10,-6,-10,16,0,1,RASHAD COULTER,SEAN PIERSON
0,0,0.42,0.41,1.0,0.42,1,0,1,1,499,117,1,57,8,19,36,85,19,46,81,138,34,66,1,1,3,7,0,0.00999999,0.58000004,1,0,-382,-7,38,17,47,72,-2,-6,DONG HYUN KIM,AMIR SADOLLAH
0,0,0.47,0.57,0.5,0.0,3,1,0,0,0,567,9,27,0,0,9,19,4,7,68,78,38,42,2,4,0,0,0,-0.099999994,0.5,2,0,567,9,27,5,30,36,2,4,MARK HUGHES,BEN EARWOOD
0,0,0.6,0.0,0.0,1.0,5,0,4,2,0,0,0,0,0,0,3,5,0,2,20,25,14,23,0,1,1,1,0,0.6,-1.0,5,2,0,0,0,3,6,2,-1,0,JASON DELUCIA,MATT ARROYO
0,0,0.22,0.55,0.08,0.0,0,1,0,0,106,125,2,5,1,46,40,174,119,215,46,181,127,223,1,12,0,2,0,-0.33,0.08,-1,0,19,1,-41,-79,-81,-42,1,10,ISRAEL ADESANYA,IGNACIO BAHAMONDES
0,1,0.65,0.28,0.0,0.33,0,0,0,0,167,0,0,0,2,47,31,47,23,81,48,65,29,89,0,0,1,3,-1,0.36999997,-0.33,0,0,-167,-2,-47,8,19,-24,-1,-3,FRANCIS MARSHALL,JHONATA DINIZ
0,0,0.47,0.38,0.0,0.0,0,0,0,0,41,2,0,2,0,41,88,185,91,236,89,186,96,241,0,1,0,8,0,0.09,0.0,0,0,-39,0,-39,-3,-7,-55,0,-7,JINH YU FREY,GEOFF NEAL
0,0,0.33,0.2,0.0,1.0,1,0,0,0,12,0,0,0,0,12,1,3,1,5,1,3,1,5,0,0,1,1,0,0.13000001,-1.0,1,0,-12,0,-12,0,0,-2,-1,-1,BRIAN KELLEHER,AKIRA CORASSANI
0,0,0.37,0.31,0.0,0.0,0,0,0,0,0,24,0,24,0,0,42,113,31,97,44,115,31,98,0,0,0,0,0,0.060000002,0.0,0,0,24,0,24,11,13,17,0,0,JULIO ARCE,TYSON NAM
0,1,0.48,0.45,0.0,1.0,0,0,0,0,7,35,0,35,0,7,75,156,110,244,76,157,119,257,0,1,1,1,-1,0.030000001,-1.0,0,0,28,0,28,-35,-43,-100,-1,0,BILL ALGEO,PANNIE KIANZAD
0,0,0.57,0.35,0.57,0.0,2,0,0,1,120,609,10,9,2,0,40,70,7,20,174,232,18,32,4,7,0,0,0,0.22,0.57,2,-1,489,8,9,33,156,200,4,7,JON FITCH,CHRIS LEBEN
1,0,0.44,0.6,0.0,0.0,1,0,0,0,264,135,2,15,4,24,16,36,62,102,27,50,121,193,0,1,0,6,1,-0.16000003,0.0,1,0,-129,-2,-9,-46,-94,-143,0,-5,ERYK ANDERS,TONY KELLEY
0,0,0.45,0.47,0.12,0.66,0,0,0,0,435,63,1,3,7,15,20,44,57,120,45,70,81,148,1,8,4,6,0,-0.02000001,-0.54,0,0,-372,-6,-12,-37,-36,-78,-3,2,JUSTIN SCOGGINS,NATHAN COY
0,1,0.54,0.46,0.0,0.0,0,0,0,0,6,6,0,6,0,6,57,104,52,113,57,104,52,113,0,0,0,1,-1,0.08000001,0.0,0,0,0,0,0,5,5,-9,0,-1,CALVIN KATTAR,ILIA TOPURIA
0,1,0.4,0.57,0.0,0.0,0,0,0,0,5,38,0,38,0,5,4,10,15,26,4,10,23,34,0,3,0,1,-1,-0.16999999,0.0,0,0,33,0,33,-11,-19,-24,0,2,ADLAN AMAGOV,BEN SAUNDERS
0,0,0.49,0.32,0.0,0.2,0,0,0,0,36,186,3,6,0,36,220,441,103,321,227,448,120,341,0,0,1,5,0,0.17000002,-0.2,0,0,150,3,-30,117,107,107,-1,-5,JOANNA JEDRZEJCZYK,MAX HOLLOWAY
0,0,0.76,0.5,0.0,0.0,0,0,0,0,3,27,0,27,0,3,23,30,1,2,24,35,1,2,0,0,0,1,0,0.26,0.0,0,0,24,0,24,22,23,33,0,-1,NC,ANTHONY JOHNSON
0,0,0.29,0.34,0.9,0.2,0,0,0,0,32,377,6,17,0,32,19,65,26,75,27,74,31,80,9,10,1,5,0,-0.050000012,0.7,0,0,345,6,-15,-7,-4,-6,8,5,GRAY MAYNARD,CLAY GUIDA
0,0,0.61,0.46,0.5,0.0,0,0,0,0,0,84,1,24,0,0,37,60,22,47,47,74,28,55,1,2,0,0,0,0.15,0.5,0,0,84,1,24,15,19,19,1,2,GABRIEL BENITEZ,GILBERT BURNS
0,0,0.52,0.48,0.21,0.0,0,0,0,0,106,189,3,9,1,46,126,242,63,129,141,259,64,132,4,19,0,0,0,0.03999999,0.21,0,0,83,2,-37,63,77,127,4,19,IAN MACHADO GARRY,MIKE DE LA TORRE
2,0,0.5,0.25,0.0,0.66,0,1,0,0,95,127,2,7,1,35,48,96,42,164,53,103,45,168,0,0,2,3,2,0.25,-0.66,-1,0,32,1,-28,6,8,-65,-2,-3,RASHAD EVANS,JOHN MAKDESSI
0,3,0.25,0.41,0.0,0.0,0,0,0,0,5,0,0,0,0,5,4,16,23,55,4,16,23,55,0,0,0,0,-3,-0.16,0.0,0,0,-5,0,-5,-19,-19,-39,0,0,RAMAZAN TEMIROV,MICHAL OLEKSIEJCZUK
0,0,0.6,0.5,0.5,0.0,0,0,0,0,0,264,4,24,0,0,117,194,92,182,140,223,138,229,1,2,0,0,0,0.100000024,0.5,0,0,264,4,24,25,2,-6,1,2,KAROL ROSA,MARLON VERA
0,0,0.33,0.36,0.0,0.41,0,0,0,0,380,0,0,0,6,20,44,131,27,73,90,177,37,83,0,0,5,12,0,-0.030000001,-0.41,0,0,-380,-6,-20,17,53,94,-5,-12,KEITH JARDINE,SERHIY SIDEY
0,0,0.47,0.39,0.42,0.0,0,0,0,0,3,424,7,4,0,3,73,153,27,69,177,261,35,77,3,7,0,1,0,0.08000001,0.42,0,0,421,7,1,46,142,184,3,6,DAN HOOKER,MERAB DVALISHVILI
0,0,0.43,0.31,1.0,0.28,0,1,0,0,232,245,4,5,3,52,35,80,18,58,57,102,43,84,3,3,2,7,0,0.120000005,0.72,-1,0,13,1,-47,17,14,18,1,-4,ABEL TRUJILLO,BRYAN CARAWAY
1,0,0.64,0.49,0.0,1.0,0,0,0,0,60,159,2,39,1,0,60,93,45,91,106,140,49,95,0,4,1,1,1,0.14999998,-1.0,0,0,99,1,39,15,57,45,-1,3,PATRICK COTE,JAMES KRAUSE
0,0,0.3,0.27,0.0,0.0,0,0,0,0,0,8,0,8,0,0,31,103,45,162,32,104,45,162,0,1,0,2,0,0.030000001,0.0,0,0,8,0,8,-14,-13,-58,0,-1,DANIELLE TAYLOR,CHRIS CURTIS
0,0,0.67,0.57,0.72,1.0,3,1,0,1,157,645,10,45,2,37,48,71,31,54,91,124,43,67,8,11,1,1,0,0.100000024,-0.27999997,2,-1,488,8,8,17,48,57,7,10,ANTHONY HERNANDEZ,SCOTT HOLTZMAN
0,0,0.64,0.4,1.0,1.0,4,0,1,1,223,311,5,11,3,43,11,17,15,37,32,38,25,47,2,2,1,1,0,0.23999998,0.0,4,0,88,2,-32,-4,7,-9,1,1,JOE LAUZON,DOOHO CHOI
0,0,0.47,0.2,0.33,0.0,0,0,1,2,190,157,2,37,3,10,33,70,28,134,43,80,45,153,2,6,0,0,0,0.26999998,0.33,0,-1,-33,-1,27,5,-2,-73,2,6,ROAN CARNEIRO,ERICK MONTANO
1,0,0.42,0.24,0.0,0.0,0,0,0,0,20,17,0,17,0,20,15,35,11,45,17,37,11,46,0,2,0,0,1,0.17999999,0.0,0,0,-3,0,-3,4,6,-9,0,2,ANTONIO RODRIGO NOGUEIRA,NC
0,0,0.38,0.36,0.75,0.14,0,0,0,0,72,285,4,45,1,12,56,147,47,128,101,196,63,145,3,4,1,7,0,0.01999998,0.61,0,0,213,3,33,9,38,51,2,-3,KARO PARISYAN,DAVID TEYMUR
1,0,0.75,0.36,0.0,0.0,0,0,0,0,0,27,0,27,0,0,27,36,8,22,29,38,8,22,0,0,0,0,1,0.39,0.0,0,0,27,0,27,19,21,16,0,0,AZAMAT MURZAKANOV,ANDERSON SILVA
0,0,0.64,0.49,0.57,0.0,0,6,0,2,88,462,7,42,1,28,45,70,52,105,79,108,134,204,4,7,0,1,0,0.14999998,0.57,-6,-2,374,6,14,-7,-55,-96,4,6,NADIA KASSEM,SEAN SHERK
0,0,0.54,0.34,0.8,0.5,5,1,0,0,30,590,9,50,0,30,30,55,10,29,100,139,14,33,8,10,1,2,0,0.20000002,0.3,4,0,560,9,20,20,86,106,7,8,LUIGI FIORAVANTI,PRESTON PARSONS
0,0,0.38,0.34,0.0,0.5,0,0,0,0,342,5,0,5,5,42,45,118,63,181,47,120,114,241,0,0,12,24,0,0.03999999,-0.5,0,0,-337,-5,-37,-18,-67,-121,-12,-24,MERAB DVALISHVILI,FRANKIE SAENZ
0,0,0.43,0.45,0.2,0.0,0,0,0,0,0,201,3,21,0,0,49,112,96,211,85,149,123,238,2,10,0,0,0,-0.01999998,0.2,0,0,201,3,21,-47,-38,-89,2,10,NINA NUNES,WALDO CORTES-ACOSTA
2,1,0.52,0.29,0.83,1.0,0,0,1,0,15,519,8,39,0,15,127,244,21,72,211,339,26,78,5,6,1,1,1,0.22999999,-0.17000002,0,1,504,8,24,106,185,261,4,5,RICH FRANKLIN,DENNIS SIVER
0,0,0.33,0.34,0.33,0.22,0,1,0,1,22,261,4,21,0,22,38,112,48,138,57,131,62,153,1,3,2,9,0,-0.00999999,0.110000014,-1,-1,239,4,-1,-10,-5,-22,-1,-6,CARLA ESPARZA,NORMAN PARKE
0,0,0.0,0.55,0.0,0.66,0,2,0,0,228,50,0,50,3,48,0,1,5,9,9,10,58,70,0,1,2,3,0,-0.55,-0.66,-2,0,-178,-3,2,-5,-49,-60,-2,-2,CHAEL SONNEN,COLBY COVINGTON
0,0,0.5,0.44,0.0,0.2,0,0,1,0,203,289,4,49,3,23,59,118,26,58,97,165,37,70,0,1,3,15,0,0.060000002,-0.2,0,1,86,1,26,33,60,95,-3,-14,PAYTON TALBOTT,BRAD RIDDELL
0,0,0.29,0.5,0.0,1.0,0,0,0,0,84,0,0,0,1,24,5,17,44,88,7,19,55,106,0,1,1,1,0,-0.21000001,-1.0,0,0,-84,-1,-24,-39,-48,-87,-1,0,MATT HAMILL,SHAMIL GAZIEV
0,0,0.57,0.12,0.75,0.0,0,0,0,0,41,244,4,4,0,41,98,170,11,91,132,204,19,100,3,4,0,0,0,0.45,0.75,0,0,203,4,-37,87,113,104,3,4,VALENTINA SHEVCHENKO,ANTHONY NJOKUANI
0,1,0.45,0.72,0.0,0.0,0,0,0,0,19,30,0,30,0,19,22,48,36,50,22,50,43,57,0,6,0,0,-1,-0.27000004,0.0,0,0,11,0,11,-14,-21,-7,0,6,CAIO BORRALHO,ALISTAIR OVEREEM
0,0,0.45,0.36,0.4,1.0,0,0,0,1,181,403,6,43,3,1,79,174,32,88,132,241,49,118,2,5,2,2,0,0.089999974,-0.6,0,-1,222,3,42,47,83,123,0,3,DREW FICKETT,MIKE BROWN
0,0,0.55,0.19,1.0,0.0,0,2,0,0,53,301,5,1,0,53,33,59,4,21,65,93,10,27,1,1,0,8,0,0.36,1.0,-2,0,248,5,-52,29,55,66,1,-7,FRANK TRIGG,JON FITCH
0,0,0.49,0.5,0.8,0.2,1,0,1,0,137,625,10,25,2,17,29,59,22,44,82,117,33,57,4,5,1,5,0,-0.00999999,0.6,1,1,488,8,8,7,49,60,3,0,DONG HYUN KIM,DAMON JACKSON
0,0,0.34,0.47,0.0,0.5,1,1,0,0,321,0,0,0,5,21,25,73,71,150,26,74,129,216,0,0,1,2,0,-0.13,-0.5,0,0,-321,-5,-21,-46,-103,-142,-1,-2,KAMARU USMAN,MIRANDA MAVERICK
0,0,0.45,0.57,0.66,1.0,4,1,2,1,284,174,2,54,4,44,10,22,22,38,23,41,37,55,2,3,1,1,0,-0.120000005,-0.33999997,3,1,-110,-2,10,-12,-14,-14,1,2,BRENDAN ALLEN,TJ GRANT
0,0,0.56,0.37,0.23,0.0,0,0,0,0,0,351,5,51,0,0,66,116,36,97,107,166,38,100,3,13,0,3,0,0.19,0.23,0,0,351,5,51,30,69,66,3,10,ISMAIL NAURDIEV,ZHANG WEILI
0,0,0.38,0.24,0.0,0.18,0,0,0,0,22,30,0,30,0,22,81,213,46,189,98,242,46,190,0,0,2,11,0,0.14,-0.18,0,0,8,0,8,35,52,52,-2,-11,AZAT MAKSUM,STEPHANIE LUCIANO
0,0,0.4,0.53,0.0,1.0,2,0,0,0,500,0,0,0,8,20,46,115,98,183,86,162,205,320,0,0,2,2,0,-0.12999997,-1.0,2,0,-500,-8,-20,-52,-119,-158,-2,-2,AMANDA RIBAS,CARLA ESPARZA
1,0,0.73,0.5,0.0,0.0,0,0,0,0,0,8,0,8,0,0,11,15,4,8,11,15,4,8,0,0,0,0,1,0.23000002,0.0,0,0,8,0,8,7,7,7,0,0,URIJAH FABER,ROY NELSON
0,3,0.14,0.54,0.0,0.0,0,0,0,0,7,0,0,0,0,7,2,14,12,22,2,15,12,22,0,0,0,0,-3,-0.40000004,0.0,0,0,-7,0,-7,-10,-10,-7,0,0,ABDUL RAZAK ALHASSAN,CHE MILLS
0,0,0.51,0.31,0.5,1.0,0,1,0,0,12,216,3,36,0,12,124,242,47,148,187,310,49,151,3,6,1,1,0,0.19999999,-0.5,-1,0,204,3,24,77,138,159,2,5,RIKI FUKUDA,CHARLES JOURDAIN
0,0,0.52,0.44,0.0,0.33,0,0,0,0,184,203,3,23,3,4,64,122,31,69,150,212,41,79,0,1,1,3,0,0.07999998,-0.33,0,0,19,0,19,33,109,133,-1,-2,MIGUEL TORRES,JORGE RIVERA
0,1,0.39,0.64,0.33,0.0,1,0,0,0,20,209,3,29,0,20,15,38,31,48,20,44,49,67,1,3,0,0,-1,-0.25,0.33,1,0,189,3,9,-16,-29,-23,1,3,BOGDAN GUSKOV,CHAS SKELLY
0,0,0.44,0.54,1.0,0.42,4,0,2,1,258,507,8,27,4,18,17,38,12,22,49,75,45,57,1,1,3,7,0,-0.100000024,0.58000004,4,1,249,4,9,5,4,18,-2,-6,JIMMY CRUTE,DARON CRUICKSHANK
0,1,0.61,0.73,0.41,0.2,0,1,0,0,176,636,10,36,2,56,83,135,55,75,189,247,64,85,5,12,1,5,-1,-0.120000005,0.21,-1,0,460,8,-20,28,125,162,4,7,LEON EDWARDS,GRANT DAWSON
1,0,0.37,0.06,0.0,0.0,0,0,0,0,0,4,0,4,0,0,12,32,1,16,12,32,1,16,0,0,0,0,1,0.31,0.0,0,0,4,0,4,11,11,16,0,0,NURSULTON RUZIBOEV,EDMEN SHAHBAZYAN
1,0,0.22,0.45,0.0,0.0,0,0,0,0,0,2,0,2,0,0,4,18,9,20,5,19,9,20,0,0,0,0,1,-0.22999999,0.0,0,0,2,0,2,-5,-4,-1,0,0,ERIK KOCH,GODOFREDO PEPEY
2,0,0.44,0.43,0.0,0.0,0,0,0,0,31,35,0,35,0,31,37,83,19,44,39,85,22,47,0,0,0,0,2,0.00999999,0.0,0,0,4,0,4,18,17,38,0,0,MAURICE GREENE,DUSTIN POIRIER
1,0,0.56,0.6,0.0,0.0,0,0,0,0,3,87,1,27,0,3,29,51,3,5,31,54,3,5,0,0,0,0,1,-0.04000002,0.0,0,0,84,1,24,26,28,49,0,0,MANSUR ABDUL-MALIK,RAFAEL DOS ANJOS
2,0,0.53,0.38,0.0,0.0,0,0,0,0,2,109,1,49,0,2,43,80,18,47,59,96,36,66,0,2,0,1,2,0.14999998,0.0,0,0,107,1,47,25,23,30,0,1,JOAQUIN BUCKLEY,MATT HUGHES
2,0,0.48,0.36,0.0,0.0,0,0,0,0,0,11,0,11,0,0,175,360,143,395,175,360,143,395,0,0,0,0,2,0.119999975,0.0,0,0,11,0,11,32,32,-35,0,0,KAMARU USMAN,NASRAT HAQPARAST
0,1,0.33,0.42,0.0,0.0,0,0,0,0,77,8,0,8,1,17,7,21,9,21,7,22,10,23,0,3,0,0,-1,-0.089999974,0.0,0,0,-69,-1,-9,-2,-3,-1,0,3,MONTEL JACKSON,SAM SICILIA
0,0,0.4,0.33,0.66,0.0,0,0,0,0,140,130,2,10,2,20,45,110,35,103,61,127,51,120,2,3,0,6,0,0.06999999,0.66,0,0,-10,0,-10,10,10,7,2,-3,JIM MILLER,RAMAZAN EMEEV
2,0,0.56,0.26,1.0,0.0,0,1,0,0,0,197,3,17,0,0,34,60,4,15,45,72,5,16,1,1,0,0,2,0.3,1.0,-1,0,197,3,17,30,40,56,1,1,JOHNNY BEDFORD,DARON CRUICKSHANK
0,0,0.47,0.31,0.0,0.3,0,4,1,0,292,42,0,42,4,52,47,100,59,185,58,111,80,208,0,0,4,13,0,0.16,-0.3,-4,1,-250,-4,-10,-12,-22,-97,-4,-13,JASON KNIGHT,JASON KNIGHT
0,0,0.41,0.51,0.0,0.0,1,0,0,0,27,0,0,0,0,27,10,24,16,31,11,25,16,31,0,0,0,3,0,-0.099999994,0.0,1,0,-27,0,-27,-6,-5,-6,0,-3,JIM MILLER,JOE PYFER
1,0,0.6,0.45,0.0,0.0,0,0,0,0,0,2,0,2,0,0,17,28,14,31,17,28,14,31,0,0,0,0,1,0.15000004,0.0,0,0,2,0,2,3,3,-3,0,0,ZHANG MINGYANG,CHUCK LIDDELL
0,1,0.43,0.47,0.0,0.0,0,0,0,0,39,107,1,47,0,39,53,123,64,134,55,125,67,138,0,8,0,0,-1,-0.03999999,0.0,0,0,68,1,8,-11,-12,-13,0,8,STEPHEN THOMPSON,RASHID MAGOMEDOV
0,0,0.39,0.2,0.5,0.0,1,0,0,0,2,673,11,13,0,2,23,58,5,24,182,221,25,45,3,6,0,0,0,0.18999998,0.5,1,0,671,11,11,18,157,176,3,6,DONG HYUN KIM,CHRIS LEBEN
0,1,0.6,0.53,0.3,0.5,0,0,0,0,71,459,7,39,1,11,73,121,53,99,109,162,68,115,3,10,1,2,-1,0.07000005,-0.19999999,0,0,388,6,28,20,41,47,2,8,PATRICK CUMMINS,TRACY CORTEZ
0,0,0.52,0.37,0.57,0.0,0,1,0,0,8,562,9,22,0,8,72,137,37,100,88,153,60,123,4,7,0,0,0,0.14999998,0.57,-1,0,554,9,14,35,28,30,4,7,DUSTIN POIRIER,THIAGO SANTOS
0,0,0.61,0.55,0.2,1.0,2,0,0,0,124,33,0,33,2,4,26,42,24,43,40,56,37,60,1,5,1,1,0,0.060000002,-0.8,2,0,-91,-2,29,2,3,-4,0,4,ROLAND DELORME,SHAWN JORDAN
0,0,0.75,0.33,0.0,0.0,0,2,1,0,14,70,1,10,0,14,3,4,1,3,4,6,11,13,0,1,0,0,0,0.42,0.0,-2,1,56,1,-4,2,-7,-7,0,1,CLAUDIO PUELLES,YOSHIYUKI YOSHIDA
0,0,0.58,0.43,0.55,0.5,1,0,1,0,72,357,5,57,1,12,75,129,32,74,101,162,53,97,5,9,1,2,0,0.14999998,0.050000012,1,1,285,4,45,43,48,65,4,7,ZACHARY REESE,CARLA ESPARZA
1,0,0.52,0.38,0.0,0.33,0,0,0,0,90,2,0,2,1,30,12,23,7,18,14,25,9,20,0,0,1,3,1,0.13999999,-0.33,0,0,-88,-1,-28,5,5,5,-1,-3,JORGE MASVIDAL,TYSON PEDRO
1,0,0.46,0.54,0.0,0.0,1,0,0,0,82,39,0,39,1,22,20,43,18,33,23,47,26,41,0,0,0,1,1,-0.08000001,0.0,1,0,-43,-1,17,2,-3,6,0,-1,PAUL BUENTELLO,CODY GARBRANDT
0,0,0.3,0.27,0.0,0.0,0,1,0,0,0,0,0,0,0,0,24,79,8,29,198,277,26,47,0,0,0,1,0,0.030000001,0.0,-1,0,0,0,0,16,172,230,0,-1,DAN SEVERN,SCOTT FERROZZO
0,1,0.11,0.31,0.0,1.0,1,0,0,0,94,0,0,0,1,34,1,9,9,29,1,9,10,32,0,1,1,1,-1,-0.2,-1.0,1,0,-94,-1,-34,-8,-9,-23,-1,0,DUSTIN KIMURA,ALEX PEREZ
2,3,0.5,0.56,0.0,0.85,1,0,1,1,489,8,0,8,8,9,39,78,46,82,105,156,63,99,0,0,6,7,-1,-0.060000002,-0.85,1,0,-481,-8,-1,-7,42,57,-6,-7,RONNIE LAWRENCE,ROMAN KOPYLOV
1,0,0.35,0.44,0.0,0.0,0,0,0,0,0,5,0,5,0,0,10,28,13,29,13,31,13,29,0,0,0,0,1,-0.09,0.0,0,0,5,0,5,-3,0,2,0,0,JOE PROCTOR,MATT FREVOLA
1,0,0.5,0.43,0.0,0.0,0,0,0,0,0,3,0,3,0,0,8,16,7,16,8,16,7,16,0,0,0,0,1,0.06999999,0.0,0,0,3,0,3,1,1,0,0,0,JUSTIN TAFA,STIPE MIOCIC
0,1,0.33,0.71,0.0,0.0,0,0,0,0,2,0,0,0,0,2,1,3,5,7,1,3,5,7,0,0,0,0,-1,-0.37999997,0.0,0,0,-2,0,-2,-4,-4,-4,0,0,HUMBERTO BANDENAY,CONOR MCGREGOR
0,0,0.58,0.11,1.0,0.0,0,3,0,1,67,596,9,56,1,7,28,48,2,18,51,71,108,129,5,5,0,0,0,0.46999997,1.0,-3,-1,529,8,49,26,-57,-58,5,5,TONY DESOUZA,JOE MOREIRA
0,1,0.27,0.52,0.0,0.0,0,0,0,0,3,17,0,17,0,3,10,37,12,23,10,37,12,23,0,0,0,0,-1,-0.24999997,0.0,0,0,14,0,14,-2,-2,14,0,0,ROB FONT,TYSON NAM
0,0,0.67,0.36,0.0,0.0,0,0,0,0,357,363,6,3,5,57,38,56,15,41,64,84,23,50,0,2,0,5,0,0.31,0.0,0,0,6,1,-54,23,41,34,0,-3,CHEICK KONGO,MAYCEE BARBER
0,0,0.38,0.33,0.42,0.0,0,0,0,0,1,401,6,41,0,1,10,26,3,9,109,140,34,42,3,7,0,0,0,0.049999982,0.42,0,0,400,6,40,7,75,98,3,7,THIAGO TAVARES,CHAEL SONNEN
0,0,0.58,0.39,0.0,0.16,0,0,0,0,36,12,0,12,0,36,82,140,85,215,91,150,88,220,0,1,1,6,0,0.19,-0.16,0,0,-24,0,-24,-3,3,-70,-1,-5,VIVIANE ARAUJO,GEOFF NEAL
0,0,0.77,0.44,0.6,0.0,2,0,0,0,7,332,5,32,0,7,54,70,12,27,77,103,14,29,3,5,0,1,0,0.32999998,0.6,2,0,325,5,25,42,63,74,3,4,BENOIT SAINT DENIS,RANDY COUTURE
0,0,0.52,0.35,0.0,0.0,0,0,0,0,0,4,0,4,0,0,99,188,68,193,100,189,68,193,0,3,0,1,0,0.16999999,0.0,0,0,4,0,4,31,32,-4,0,2,LANDO VANNATA,JI YEON KIM
0,0,0.32,0.34,0.0,1.0,0,0,0,0,13,6,0,6,0,13,70,215,48,140,70,215,49,141,0,1,1,1,0,-0.02000001,-1.0,0,0,-7,0,-7,22,21,74,-1,0,DANIEL MARCOS,GEANE HERRERA
0,0,0.43,0.8,0.0,0.0,0,0,0,0,81,8,0,8,1,21,16,37,98,122,16,37,112,136,0,1,0,1,0,-0.37,0.0,0,0,-73,-1,-13,-82,-96,-99,0,0,CIRYL GANE,DUSKO TODOROVIC
0,0,0.23,0.3,0.0,1.0,0,1,0,0,162,101,1,41,2,42,62,260,78,254,104,309,109,288,0,11,3,3,0,-0.07000001,-1.0,-1,0,-61,-1,-1,-16,-5,21,-3,8,SEAN STRICKLAND,BRANDON DAVIS
0,0,0.66,0.0,1.0,0.0,2,0,0,0,0,105,1,45,0,0,2,3,0,3,6,8,2,5,1,1,0,0,0,0.66,1.0,2,0,105,1,45,2,4,3,1,1,RAY BORG,DAVI RAMOS
0,0,0.46,0.32,1.0,0.2,0,0,0,0,159,185,3,5,2,39,62,134,41,127,73,146,55,143,1,1,1,5,0,0.14000002,0.8,0,0,26,1,-34,21,18,3,0,-4,BRANDON VERA,KRZYSZTOF SOSZYNSKI
0,0,0.6,0.38,0.0,0.19,0,0,0,0,229,50,0,50,3,49,59,97,32,84,127,169,47,104,0,0,4,21,0,0.22000003,-0.19,0,0,-179,-3,1,27,80,65,-4,-21,JOSHUA VAN,BRYAN BARBERENA
0,0,0.34,0.34,0.66,0.33,1,0,1,2,203,541,9,1,3,23,12,35,12,35,44,72,62,96,2,3,1,3,0,0.0,0.33,1,-1,338,6,-22,0,-18,-24,1,0,NC,JOHN HOWARD
1,0,0.46,0.23,0.0,0.0,0,1,0,0,161,8,0,8,2,41,15,32,4,17,15,32,7,21,0,0,0,5,1,0.23,0.0,-1,0,-153,-2,-33,11,8,11,0,-5,ELIZEU ZALESKI DOS SANTOS,WESLEY CORREIRA
0,0,0.85,0.62,0.4,0.0,1,0,0,0,0,231,3,51,0,0,6,7,18,29,10,12,27,39,2,5,0,0,0,0.23000002,0.4,1,0,231,3,51,-12,-17,-27,2,5,ALEXANDR ROMANOV,DUSTIN PAGUE
0,1,0.51,0.53,0.0,0.0,0,0,0,0,0,15,0,15,0,0,25,49,32,60,26,50,32,60,0,1,0,0,-1,-0.01999998,0.0,0,0,15,0,15,-7,-6,-10,0,1,CARLOS PRATES,ATEBA GAUTIER
0,0,0.57,0.4,0.0,0.33,0,0,0,0,48,87,1,27,0,48,30,52,8,20,32,54,10,22,0,0,1,3,0,0.16999999,-0.33,0,0,39,1,-21,22,22,32,-1,-3,AUGUSTO MONTANO,OVINCE SAINT PREUX
0,0,0.31,0.31,0.0,0.25,2,0,0,0,193,0,0,0,3,13,47,149,44,139,57,161,46,141,0,0,3,12,0,0.0,-0.25,2,0,-193,-3,-13,3,11,20,-3,-12,MAX HOLLOWAY,SERHIY SIDEY
0,0,0.46,0.33,1.0,0.0,0,0,0,0,0,119,1,59,0,0,14,30,1,3,15,33,1,3,1,1,0,1,0,0.13,1.0,0,0,119,1,59,13,14,30,1,0,DERRICK LEWIS,LUIZ CANE
0,1,0.28,0.6,0.0,0.5,0,0,0,0,242,0,0,0,4,2,7,25,18,30,10,28,27,41,0,0,2,4,-1,-0.32000002,-0.5,0,0,-242,-4,-2,-11,-17,-13,-2,-4,RICKY SIMON,ALEX GARCIA
0,1,0.16,0.66,0.0,0.0,0,0,0,0,4,15,0,15,0,4,1,6,6,9,2,7,6,9,0,1,0,1,-1,-0.5,0.0,0,0,11,0,11,-5,-4,-2,0,0,ANTHONY SMITH,RANDY COSTA
0,1,0.14,0.6,0.0,0.0,0,0,0,0,33,0,0,0,0,33,1,7,24,40,1,7,31,48,0,0,0,0,-1,-0.46000004,0.0,0,0,-33,0,-33,-23,-30,-41,0,0,CLAY GUIDA,AMANDA LEMOS
0,0,0.35,0.38,0.4,0.0,0,0,0,0,0,149,2,29,0,0,41,117,46,121,42,118,69,146,2,5,0,5,0,-0.030000001,0.4,0,0,149,2,29,-5,-27,-28,2,0,MUSLIM SALIKHOV,DOMINICK REYES
1,0,0.5,0.27,0.0,1.0,0,0,0,0,23,15,0,15,0,23,105,207,63,226,106,208,63,227,0,1,1,1,1,0.22999999,-1.0,0,0,-8,0,-8,42,43,-19,-1,0,JARNO ERRENS,TONY FERGUSON
0,0,0.42,0.49,0.0,0.33,0,0,0,0,90,0,0,0,1,30,136,321,123,247,138,325,125,249,0,3,2,6,0,-0.07000002,-0.33,0,0,-90,-1,-30,13,13,76,-2,-3,CASEY KENNEY,ROBBIE LAWLER
0,0,0.52,0.45,0.25,0.5,1,1,1,0,524,291,4,51,8,44,19,36,18,40,38,62,43,90,1,4,4,8,0,0.06999999,-0.25,0,1,-233,-4,7,1,-5,-28,-3,-4,JESUS AGUILAR,PETE SELL
1,0,0.7,0.0,0.0,0.0,0,0,0,0,0,0,0,0,0,0,12,17,0,4,15,20,2,7,0,0,0,0,1,0.7,0.0,0,0,0,0,0,12,13,13,0,0,GUY MEZGER,VITOR BELFORT
0,1,0.54,0.34,0.0,0.0,3,0,1,0,117,104,1,44,1,57,27,50,23,66,31,54,43,86,0,0,0,1,-1,0.20000002,0.0,3,1,-13,0,-13,4,-12,-32,0,-1,TERRY ETIM,DUSTIN POIRIER
0,0,0.5,0.25,1.0,0.0,0,0,0,0,0,0,0,0,0,0,3,6,1,4,4,7,1,4,1,1,0,0,0,0.25,1.0,0,0,0,0,0,2,3,3,1,1,KEVIN JACKSON,FRANK SHAMROCK
1,0,0.55,0.52,0.0,0.0,0,0,0,0,80,29,0,29,1,20,33,60,11,21,35,62,12,22,0,0,0,4,1,0.030000031,0.0,0,0,-51,-1,9,22,23,40,0,-4,ALONZO MENIFIELD,TANNER BOSER
0,0,0.36,0.43,0.0,0.0,0,0,0,0,0,0,0,0,0,0,4,11,10,23,4,11,10,23,0,0,0,0,0,-0.06999999,0.0,0,0,0,0,0,-6,-6,-12,0,0,CHRISTIAN AGUILERA,NC
1,0,0.62,0.17,0.0,0.0,0,0,0,0,0,27,0,27,0,0,5,8,3,17,6,9,4,18,0,0,0,0,1,0.45,0.0,0,0,27,0,27,2,2,-9,0,0,THIAGO SILVA,QUINTON JACKSON
0,0,0.62,0.46,0.5,0.0,0,0,0,0,0,140,2,20,0,0,40,64,13,28,68,98,14,29,1,2,0,0,0,0.16,0.5,0,0,140,2,20,27,54,69,1,2,FELICIA SPENCER,CHRIS WEIDMAN
1,0,0.44,0.43,0.0,0.0,0,0,0,0,0,57,0,57,0,0,103,231,36,83,107,235,36,83,0,0,0,0,1,0.00999999,0.0,0,0,57,0,57,67,71,152,0,0,CHASE SHERMAN,MAX HOLLOWAY
0,0,0.39,0.3,1.0,0.0,0,0,0,0,0,323,5,23,0,0,51,129,24,80,86,172,24,80,1,1,0,1,0,0.089999974,1.0,0,0,323,5,23,27,62,92,1,0,ROXANNE MODAFFERI,CHEICK KONGO
1,0,0.62,0.6,1.0,0.0,0,0,0,0,162,37,0,37,2,42,20,32,15,25,29,44,41,56,1,1,0,1,1,0.01999998,1.0,0,0,-125,-2,-5,5,-12,-12,1,0,RYAN JIMMO,NC
0,0,0.42,0.62,1.0,0.0,2,0,0,0,0,134,2,14,0,0,8,19,5,8,8,19,23,28,1,1,0,0,0,-0.20000002,1.0,2,0,134,2,14,3,-15,-9,1,1,RYAN SPANN,HERBERT BURNS
0,0,0.45,0.38,0.0,0.5,0,0,0,0,449,33,0,33,7,29,84,184,60,155,102,203,136,260,0,0,5,10,0,0.06999999,-0.5,0,0,-416,-7,4,24,-34,-57,-5,-10,BELAL MUHAMMAD,SERGIO PETTIS
0,0,0.64,0.5,0.66,0.0,3,0,0,0,183,163,2,43,3,3,11,17,12,24,15,21,56,69,4,6,0,3,0,0.13999999,0.66,3,0,-20,-1,40,-1,-41,-48,4,3,RENATO SOBRAL,JEREMY HORN
1,0,0.6,0.4,0.0,0.0,0,0,0,0,3,5,0,5,0,3,6,10,6,15,6,10,6,15,0,0,0,0,1,0.20000002,0.0,0,0,2,0,2,0,0,-5,0,0,ANDERSON SILVA,ROBBIE LAWLER
0,0,0.67,0.42,0.66,0.5,1,1,1,0,35,414,6,54,0,35,25,37,8,19,57,76,8,20,2,3,1,2,0,0.25000003,0.16000003,0,1,379,6,19,17,49,56,1,1,LEANDRO ISSA,RICCO RODRIGUEZ
0,0,0.39,0.05,1.0,1.0,1,1,0,0,23,46,0,46,0,23,25,63,3,56,36,74,3,56,1,1,1,1,0,0.33999997,0.0,0,0,23,0,23,22,33,18,0,0,MARCUS DAVIS,MIGUEL TORRES
0,0,0.72,0.32,1.0,0.14,0,0,0,0,333,196,3,16,5,33,69,95,32,100,105,132,84,155,1,1,2,14,0,0.40000004,0.86,0,0,-137,-2,-17,37,21,-23,-1,-13,JORGE MASVIDAL,CHRIS GUTIERREZ
1,0,0.52,0.6,0.0,0.0,0,0,0,0,0,9,0,9,0,0,21,40,12,20,21,40,12,20,0,0,0,0,1,-0.08000004,0.0,0,0,9,0,9,9,9,20,0,0,NIKOLAS MOTTA,DREW DOBER
0,0,0.35,0.86,0.0,0.5,0,1,0,0,172,122,2,2,2,52,14,40,32,37,46,74,54,60,0,1,1,2,0,-0.51,-0.5,-1,0,-50,0,-50,-18,-8,14,-1,-1,FABRICIO WERDUM,ANTHONY HAMILTON
0,0,0.46,0.58,1.0,1.0,0,1,0,0,25,215,3,35,0,25,46,99,79,135,58,112,90,147,1,1,1,1,0,-0.119999975,0.0,-1,0,190,3,10,-33,-32,-35,0,0,JULIANNA PENA,ALEJANDRO PEREZ
0,0,0.77,0.64,0.2,0.0,2,0,0,0,0,465,7,45,0,0,28,36,16,25,73,88,26,37,1,5,0,0,0,0.13,0.2,2,0,465,7,45,12,47,51,1,5,SHAVKAT RAKHMONOV,DALCHA LUNGIAMBULA
0,1,0.28,0.25,0.0,0.0,0,0,0,0,0,0,0,0,0,0,6,21,17,66,6,21,17,66,0,0,0,0,-1,0.030000001,0.0,0,0,0,0,0,-11,-11,-45,0,0,BART PALASZEWSKI,DA WOON JUNG
1,0,0.39,0.4,1.0,0.5,3,0,2,1,154,646,10,46,2,34,26,66,16,40,79,129,155,198,2,2,1,2,1,-0.01000002,0.5,3,1,492,8,12,10,-76,-69,1,0,GRAY MAYNARD,CLAUDIO PUELLES
0,1,0.3,0.61,0.0,0.0,0,0,0,0,47,0,0,0,0,47,3,10,21,34,3,10,36,49,0,0,0,0,-1,-0.31,0.0,0,0,-47,0,-47,-18,-33,-39,0,0,JOHN ALBERT,MICHAL OLEKSIEJCZUK
1,1,0.56,0.5,0.0,1.0,0,3,0,0,206,64,1,4,3,26,13,23,9,18,22,32,29,40,0,1,2,2,0,0.060000002,-1.0,-3,0,-142,-2,-22,4,-7,-8,-2,-1,MICKEY GALL,ILDEMAR ALCANTARA
0,0,0.6,0.49,0.7,0.0,0,1,1,0,209,538,8,58,3,29,27,45,28,57,53,72,50,79,7,10,0,0,0,0.110000014,0.7,-1,1,329,5,29,-1,3,-7,7,10,MICHAEL GRAVES,TJ GRANT
0,0,0.6,0.66,0.5,0.0,1,0,0,0,0,177,2,57,0,0,18,30,8,12,30,46,16,21,2,4,0,0,0,-0.060000002,0.5,1,0,177,2,57,10,14,25,2,4,DA'MON BLACKSHEAR,ISLAM MAKHACHEV
0,0,0.48,0.44,0.0,0.0,0,0,0,0,88,193,3,13,1,28,48,100,78,177,113,174,88,187,0,1,0,0,0,0.03999999,0.0,0,0,105,2,-15,-30,25,-13,0,1,CARLOS FELIPE,MAKHMUD MURADOV
1,0,0.55,0.33,0.0,0.0,0,0,0,0,0,3,0,3,0,0,16,29,8,24,16,29,9,25,0,0,0,0,1,0.22,0.0,0,0,3,0,3,8,7,4,0,0,TYSON PEDRO,ELVES BRENER
0,0,0.43,0.4,0.33,0.36,0,1,0,0,450,102,1,42,7,30,39,90,15,37,46,97,77,106,1,3,4,11,0,0.030000001,-0.030000001,-1,0,-348,-6,12,24,-31,-9,-3,-8,DERRICK LEWIS,DERRICK LEWIS
0,0,0.55,0.44,0.0,0.12,0,0,0,0,46,2,0,2,0,46,71,128,53,118,71,128,54,122,0,0,1,8,0,0.110000014,-0.12,0,0,-44,0,-44,18,17,6,-1,-8,JUNIOR TAFA,HERMES FRANCA
0,0,0.5,0.34,0.33,0.0,0,0,0,0,134,171,2,51,2,14,58,115,76,222,64,125,129,284,1,3,0,0,0,0.16,0.33,0,0,37,0,37,-18,-65,-159,1,3,ISAAC VALLIE-FLAGG,KAROLINA KOWALKIEWICZ
0,1,0.55,0.36,0.0,0.0,3,0,0,0,69,0,0,0,1,9,66,119,40,110,69,122,42,112,0,0,0,2,-1,0.19,0.0,3,0,-69,-1,-9,26,27,10,0,-2,TONY FERGUSON,JOE PROCTOR
0,0,0.33,0.32,0.0,0.0,0,0,0,0,0,1,0,1,0,0,23,69,17,53,23,69,17,53,0,1,0,1,0,0.01000002,0.0,0,0,1,0,1,6,6,16,0,0,NC,CHUCK LIDDELL
0,0,0.42,0.5,0.12,0.0,2,2,1,0,218,127,2,7,3,38,3,7,4,8,9,15,10,16,1,8,0,1,0,-0.08000001,0.12,0,1,-91,-1,-31,-1,-1,-1,1,7,FRANCIS CARMONT,RAUL ROSAS JR.
0,0,0.36,0.34,0.0,0.14,0,2,0,0,127,11,0,11,2,7,76,209,47,136,78,211,63,153,0,0,1,7,0,0.02000001,-0.14,-2,0,-116,-2,4,29,15,58,-1,-7,JOE SOTO,PHIL ROWE
0,0,0.32,0.28,0.4,0.0,1,0,0,0,0,240,4,0,0,0,36,112,26,92,43,121,29,95,4,10,0,1,0,0.03999999,0.4,1,0,240,4,0,10,14,26,4,9,RENAN BARAO,LUIS HENRIQUE
1,0,0.41,0.28,0.0,0.0,0,0,0,0,0,2,0,2,0,0,5,12,2,7,5,12,2,7,0,0,0,0,1,0.13,0.0,0,0,2,0,2,3,3,5,0,0,DAN HARDY,ANTHONY JOHNSON
1,0,0.37,0.38,0.0,0.44,0,0,0,0,133,153,2,33,2,13,40,106,42,109,49,116,74,142,0,4,4,9,1,-0.00999999,-0.44,0,0,20,0,20,-2,-25,-26,-4,-5,AUGUSTO MENDES,ANDREI ARLOVSKI
0,0,0.46,0.35,0.0,0.2,2,0,2,0,75,157,2,37,1,15,46,98,25,71,97,154,27,73,0,1,1,5,0,0.110000014,-0.2,2,2,82,1,22,21,70,81,-1,-4,NATE DIAZ,JAKE COLLIER
0,0,0.56,0.57,0.5,0.33,5,0,0,0,293,150,2,30,4,53,21,37,30,52,58,84,62,99,1,2,2,6,0,-0.00999999,0.16999999,5,0,-143,-2,-23,-9,-4,-15,-1,-4,CAIO MAGALHAES,GABRIEL BENITEZ
0,0,0.88,0.0,0.0,0.0,1,0,0,0,23,7,0,7,0,23,15,17,0,4,18,20,0,4,0,0,0,1,0,0.88,0.0,1,0,-16,0,-16,15,18,16,0,-1,DARRICK MINNER,JOHNNY WALKER
0,0,0.39,0.25,0.25,0.0,1,0,0,0,0,45,0,45,0,0,9,23,6,24,13,27,9,27,1,4,0,0,0,0.13999999,0.25,1,0,45,0,45,3,4,0,1,4,JUSSIER FORMIGA,JORDAN LEAVITT
0,0,0.83,0.53,0.0,1.0,0,0,0,0,68,4,0,4,1,8,20,24,7,13,39,44,16,23,0,0,1,1,0,0.3,-1.0,0,0,-64,-1,-4,13,23,21,-1,-1,JOEL ALVAREZ,REINIER DE RIDDER
0,2,0.46,0.53,0.0,0.0,0,0,0,0,38,20,0,20,0,38,20,43,31,58,20,43,36,63,0,0,0,0,-2,-0.06999996,0.0,0,0,-18,0,-18,-11,-16,-20,0,0,IGNACIO BAHAMONDES,ALEX PEREZ
0,0,0.63,0.48,0.54,0.5,0,0,1,0,75,598,9,58,1,15,21,33,43,88,61,77,152,199,6,11,1,2,0,0.15,0.04000002,0,1,523,8,43,-22,-91,-122,5,9,ZACH MAKOVSKY,ADAM WIECZOREK
0,0,0.0,1.0,1.0,0.0,3,0,0,0,0,137,2,17,0,0,0,0,1,1,2,2,1,1,1,1,0,0,0,-1.0,1.0,3,0,137,2,17,-1,1,1,1,1,ROUSIMAR PALHARES,MAKWAN AMIRKHANI
0,0,0.37,0.38,1.0,0.0,1,0,0,0,155,38,0,38,2,35,65,172,54,139,65,172,61,146,1,1,0,4,0,-0.00999999,1.0,1,0,-117,-2,3,11,4,26,1,-3,ELIAS SILVERIO,ARIANE DA SILVA
0,0,0.47,0.52,0.14,0.71,2,0,0,0,389,351,5,51,6,29,27,57,18,34,82,124,75,95,1,7,5,7,0,-0.049999982,-0.57,2,0,-38,-1,22,9,7,29,-4,0,MIESHA TATE,D
0,0,0.33,0.5,0.0,0.5,2,0,1,0,26,22,0,22,0,26,2,6,2,4,4,8,5,7,0,0,1,2,0,-0.16999999,-0.5,2,1,-4,0,-4,0,-1,1,-1,-2,DAN MILLER,YOSHIYUKI YOSHIDA
0,0,0.38,0.44,0.0,0.5,0,0,0,0,132,1,0,1,2,12,41,106,45,102,43,108,64,124,0,0,3,6,0,-0.060000002,-0.5,0,0,-131,-2,-11,-4,-21,-16,-3,-6,JIMMIE RIVERA,GERALD MEERSCHAERT
1,0,0.5,0.0,0.0,0.0,1,0,0,0,0,30,0,30,0,0,1,2,0,1,1,2,0,1,0,0,0,0,1,0.5,0.0,1,0,30,0,30,1,1,1,0,0,DEREK BRUNSON,JENS PULVER
0,0,0.5,0.61,0.0,1.0,0,0,0,0,96,9,0,9,1,36,29,57,44,72,30,58,54,85,0,2,1,1,0,-0.110000014,-1.0,0,0,-87,-1,-27,-15,-24,-27,-1,1,MICHAL OLEKSIEJCZUK,TOM ASPINALL
0,0,0.36,0.6,0.22,0.0,0,0,0,0,232,293,4,53,3,52,28,76,50,82,73,127,82,115,2,9,0,0,0,-0.24000001,0.22,0,0,61,1,1,-22,-9,12,2,9,GERMAINE DE RANDAMIE,D
0,0,0.77,0.68,0.27,0.0,0,1,0,0,270,506,8,26,4,30,24,31,28,41,71,85,88,104,3,11,0,0,0,0.089999974,0.27,-1,0,236,4,-4,-4,-17,-19,3,11,D,REI TSURUYA
1,0,0.5,0.28,0.0,0.0,0,0,0,0,0,3,0,3,0,0,8,16,2,7,8,16,2,7,0,0,0,0,1,0.22,0.0,0,0,3,0,3,6,6,9,0,0,GABRIEL GONZAGA,TODD DUFFEE
0,0,0.0,0.0,0.0,0.0,1,0,0,0,0,7,0,7,0,0,0,1,0,2,0,1,0,2,0,0,0,0,0,0.0,0.0,1,0,7,0,7,0,0,-1,0,0,ROUSIMAR PALHARES,DON FRYE
0,0,0.42,0.49,0.5,0.33,0,0,0,0,239,94,1,34,3,59,43,101,43,87,61,122,74,125,1,2,1,3,0,-0.07000002,0.16999999,0,0,-145,-2,-25,0,-13,-3,0,-1,VERONICA HARDY,CHARLES OLIVEIRA
0,0,0.44,0.78,1.0,0.7,1,0,0,0,1300,53,0,53,21,40,13,29,37,47,45,68,529,567,1,1,12,17,0,-0.33999997,0.3,1,0,-1247,-21,13,-24,-484,-499,-11,-16,KHAMZAT CHIMAEV,JIMY HETTES
1,0,0.46,1.0,0.0,0.0,0,0,0,0,0,2,0,2,0,0,6,13,5,5,6,13,5,5,0,0,0,0,1,-0.53999996,0.0,0,0,2,0,2,1,1,8,0,0,FRANCIS NGANNOU,AIEMANN ZAHABI
0,0,0.62,0.56,0.0,0.33,0,0,0,0,81,47,0,47,1,21,163,260,119,210,178,278,123,214,0,0,2,6,0,0.060000002,-0.33,0,0,-34,-1,26,44,55,64,-2,-6,STEPHEN THOMPSON,HYDER AMIL
0,0,0.27,0.54,0.0,0.33,1,1,1,1,245,344,5,44,4,5,10,36,17,31,32,62,25,51,0,1,2,6,0,-0.27,-0.33,0,0,99,1,39,-7,7,11,-2,-5,MANDY BOHM,FRANCIMAR BARROSO
1,0,0.36,0.3,0.66,0.0,0,0,0,0,0,72,1,12,0,0,72,200,69,225,74,202,69,225,2,3,0,1,1,0.060000002,0.66,0,0,72,1,12,3,5,-23,2,2,CLINT HESTER,KATLYN CERMINARA
1,0,0.67,0.28,1.0,0.25,0,0,1,0,67,132,2,12,1,7,19,28,11,38,28,37,17,45,2,2,1,4,1,0.39000002,0.75,0,1,65,1,5,8,11,-8,1,-2,MORGAN CHARRIERE,LYOTO MACHIDA
0,0,0.47,0.36,0.0,0.8,0,2,3,1,593,64,1,4,9,53,31,65,15,41,49,87,136,168,0,0,4,5,0,0.109999985,-0.8,-2,2,-529,-8,-49,16,-87,-81,-4,-5,MONTSERRAT CONEJO RUIZ,NORA CORNOLLE
0,0,0.25,0.3,1.0,0.0,1,0,0,0,29,70,1,10,0,29,22,85,23,75,32,96,27,80,1,1,0,3,0,-0.050000012,1.0,1,0,41,1,-19,-1,5,16,1,-2,LAUREN MURPHY,ZUBAIRA TUKHUGOV
0,1,0.59,0.48,0.0,0.66,0,0,0,0,143,6,0,6,2,23,119,200,108,223,141,223,124,239,0,5,2,3,-1,0.109999985,-0.66,0,0,-137,-2,-17,11,17,-16,-2,2,KHAMZAT CHIMAEV,SEAN BRADY
0,0,0.62,0.49,0.0,0.57,0,2,3,0,415,348,5,48,6,55,50,80,25,51,79,113,38,67,0,0,4,7,0,0.13,-0.57,-2,3,-67,-1,-7,25,41,46,-4,-7,KARL ROBERSON,BRENDAN ALLEN
0,0,0.57,0.39,0.66,0.4,0,0,1,0,105,390,6,30,1,45,72,125,42,107,112,173,57,122,4,6,2,5,0,0.18,0.26000002,0,1,285,5,-15,30,55,51,2,1,MARIO BAUTISTA,FARES ZIAM
0,0,0.56,0.43,0.4,1.0,0,0,0,0,180,670,11,10,3,0,59,105,19,44,166,216,57,91,2,5,1,1,0,0.13,-0.6,0,0,490,8,10,40,109,125,1,4,AISLING DALY,URIJAH FABER
0,0,0.41,0.73,0.14,0.0,0,0,0,0,48,48,0,48,0,48,13,31,54,73,18,45,69,92,1,7,0,0,0,-0.32000002,0.14,0,0,0,0,0,-41,-51,-47,1,7,JULIAN EROSA,ALESSANDRO COSTA
0,0,0.45,0.45,0.0,0.25,0,0,0,0,174,0,0,0,2,54,78,173,85,188,81,176,104,207,0,0,1,4,0,0.0,-0.25,0,0,-174,-2,-54,-7,-23,-31,-1,-4,STEVIE RAY,CYNTHIA CALVILLO
0,0,0.45,0.36,0.0,0.22,0,0,0,0,199,28,0,28,3,19,74,163,58,158,100,190,140,241,0,0,2,9,0,0.089999974,-0.22,0,0,-171,-3,9,16,-40,-51,-2,-9,DOUGLAS SILVA DE ANDRADE,SAM HUGHES
0,0,0.55,0.49,0.0,0.66,0,0,0,0,218,1,0,1,3,38,91,164,93,188,105,178,132,231,0,0,2,3,0,0.060000002,-0.66,0,0,-217,-3,-37,-2,-27,-53,-2,-3,ANDREI ARLOVSKI,SONG YADONG
1,0,0.26,0.35,1.0,0.0,0,0,0,0,0,40,0,40,0,0,76,283,38,108,78,287,38,108,1,1,0,0,1,-0.09,1.0,0,0,40,0,40,38,40,179,1,1,ALEXANDER GUSTAFSSON,LUKE ZACHRICH
1,0,0.47,0.32,0.33,0.0,0,0,0,0,0,62,1,2,0,0,21,44,11,34,22,45,13,36,1,3,0,0,1,0.15,0.33,0,0,62,1,2,10,9,9,1,3,TJ DILLASHAW,MAGNUS CEDENBLAD
1,0,0.4,0.43,0.33,0.5,1,0,0,0,108,510,8,30,1,48,27,67,23,53,74,128,64,99,1,3,1,2,1,-0.030000001,-0.16999999,1,0,402,7,-18,4,10,29,0,1,MONTANA DE LA ROSA,LEON EDWARDS
1,0,0.63,1.0,0.0,0.0,0,0,0,0,0,3,0,3,0,0,7,11,6,6,7,11,6,6,0,0,0,0,1,-0.37,0.0,0,0,3,0,3,1,1,5,0,0,JUNIOR DOS SANTOS,AIEMANN ZAHABI
1,0,0.46,0.37,0.66,0.0,0,0,0,0,7,1153,19,13,0,7,20,43,10,27,131,163,170,191,4,6,0,1,1,0.09,0.66,0,0,1146,19,6,10,-39,-28,4,5,TITO ORTIZ,TREVOR SMITH
3,0,0.38,0.36,0.0,0.0,0,0,0,0,0,70,1,10,0,0,43,111,43,117,59,133,50,124,0,0,0,0,3,0.01999998,0.0,0,0,70,1,10,0,9,9,0,0,RHYS MCKEE,PETER SOBOTTA
0,0,0.75,0.23,0.5,0.0,0,0,0,0,21,796,13,16,0,21,43,57,6,26,209,254,30,50,1,2,0,1,0,0.52,0.5,0,0,775,13,-5,37,179,204,1,1,YANA SANTOS,ANDY OGLE
0,0,0.48,0.45,0.0,0.33,1,0,0,0,42,56,0,56,0,42,48,100,32,71,68,121,38,77,0,4,2,6,0,0.030000001,-0.33,1,0,14,0,14,16,30,44,-2,-2,ERIN BLANCHFIELD,NICK HEIN
0,0,0.43,0.63,0.0,0.6,0,1,1,1,497,103,1,43,8,17,22,51,65,103,39,69,102,143,0,0,3,5,0,-0.19999999,-0.6,-1,0,-394,-7,26,-43,-63,-74,-3,-5,TRACY CORTEZ,DOOHO CHOI
0,0,0.51,0.34,0.57,0.0,0,0,0,0,0,347,5,47,0,0,78,152,42,122,130,213,56,136,4,7,0,0,0,0.16999999,0.57,0,0,347,5,47,36,74,77,4,7,DONALD CERRONE,CHRIS DUNCAN
0,0,0.33,0.65,0.0,0.0,0,0,0,0,6,0,0,0,0,6,2,6,13,20,2,6,14,21,0,0,0,0,0,-0.31999996,0.0,0,0,-6,0,-6,-11,-12,-15,0,0,JAN BLACHOWICZ,VOLKAN OEZDEMIR
1,1,0.48,0.32,1.0,1.0,1,0,0,0,62,28,0,28,1,2,19,39,25,78,23,43,31,84,1,1,1,1,0,0.16,0.0,1,0,-34,-1,26,-6,-8,-41,0,0,DIEGO BRANDAO,THOMAS ALMEIDA
0,0,0.7,0.73,0.36,0.0,1,1,0,1,19,627,10,27,0,19,60,85,11,15,137,167,24,28,4,11,0,1,0,-0.030000031,0.36,0,-1,608,10,8,49,113,139,4,10,JAKE MATTHEWS,MATT SERRA
0,0,0.34,0.29,0.5,0.0,0,0,0,0,0,129,2,9,0,0,48,139,39,133,66,159,47,142,3,6,0,1,0,0.050000012,0.5,0,0,129,2,9,9,19,17,3,5,NINA NUNES,EDDIE WINELAND
0,0,0.49,0.41,0.45,0.0,1,4,1,1,114,547,9,7,1,54,32,65,41,100,70,110,61,129,5,11,0,1,0,0.08000001,0.45,-3,0,433,8,-47,-9,9,-19,5,10,JULIAN MARQUEZ,ERIK PEREZ
0,0,0.62,0.38,0.6,0.0,0,3,0,2,162,528,8,48,2,42,33,53,12,31,95,116,25,45,6,10,0,0,0,0.24000001,0.6,-3,-2,366,6,6,21,70,71,6,10,CHARLIE BRENNEMAN,RICARDO ALMEIDA
0,0,0.53,0.47,0.0,0.8,0,0,0,0,341,222,3,42,5,41,72,135,83,175,97,162,153,265,0,6,4,5,0,0.059999973,-0.8,0,0,-119,-2,1,-11,-56,-103,-4,1,PATRICK COTE,POLIANA BOTELHO
0,0,0.36,0.58,0.5,0.5,0,1,1,2,260,378,6,18,4,20,26,71,63,108,47,103,141,198,4,8,1,2,0,-0.21999997,0.0,-1,-1,118,2,-2,-37,-94,-95,3,6,JOSE JOHNSON,RANI YAHYA
0,1,0.46,0.41,1.0,0.0,2,0,0,1,112,349,5,49,1,52,54,115,37,89,91,157,43,98,1,1,0,0,-1,0.050000012,1.0,2,-1,237,4,-3,17,48,59,1,1,STEFAN STRUVE,BENEIL DARIUSH
0,0,0.55,0.4,0.33,0.0,0,0,0,0,183,136,2,16,3,3,85,152,68,167,122,191,105,220,1,3,0,3,0,0.15,0.33,0,0,-47,-1,13,17,17,-29,1,0,MIKE EASTON,LAUREN MURPHY
0,0,0.55,0.61,1.0,0.14,2,0,0,0,132,284,4,44,2,12,41,74,8,13,95,128,10,15,1,1,1,7,0,-0.060000002,0.86,2,0,152,2,32,33,85,113,0,-6,KENDALL GROVE,ERIN BLANCHFIELD
0,0,0.34,0.52,0.42,1.0,0,0,0,0,163,210,3,30,2,43,32,93,36,68,63,125,44,76,3,7,1,1,0,-0.17999998,-0.58000004,0,0,47,1,-13,-4,19,49,2,6,MIKE SWICK,NEIL MAGNY
0,0,0.31,0.3,1.0,0.0,0,0,0,0,0,45,0,45,0,0,27,86,38,123,29,88,39,124,2,2,0,0,0,0.00999999,1.0,0,0,45,0,45,-11,-10,-36,2,2,KEITA NAKAMURA,SHANE ROLLER
0,0,0.52,0.44,0.5,0.0,0,0,0,0,9,154,2,34,0,9,78,148,39,88,106,176,41,90,2,4,0,5,0,0.07999998,0.5,0,0,145,2,25,39,65,86,2,-1,MARVIN VETTORI,JOHN LINEKER
0,0,0.0,0.83,0.0,1.0,0,0,0,0,2,0,0,0,0,2,0,1,5,6,0,1,5,6,0,0,1,1,0,-0.83,-1.0,0,0,-2,0,-2,-5,-5,-5,-1,-1,DANIEL SPITZ,MAKWAN AMIRKHANI
1,0,0.41,0.43,0.0,0.33,0,0,0,0,40,7,0,7,0,40,83,201,60,138,84,202,62,140,0,0,1,3,1,-0.02000001,-0.33,0,0,-33,0,-33,23,22,62,-1,-3,DENNIS BUZUKJA,SEAN STRICKLAND
0,0,0.44,0.51,0.5,0.0,0,1,0,0,261,406,6,46,4,21,29,65,25,49,61,98,50,75,1,2,0,1,0,-0.06999999,0.5,-1,0,145,2,25,4,11,23,1,1,DALCHA LUNGIAMBULA,COLE MILLER
1,0,0.54,0.53,0.0,0.0,0,0,0,0,0,9,0,9,0,0,17,31,8,15,18,32,8,15,0,0,0,0,1,0.01000005,0.0,0,0,9,0,9,9,10,17,0,0,JARED CANNONIER,DANIEL CORMIER
0,0,0.33,0.47,0.0,0.0,0,0,0,0,5,0,0,0,0,5,49,148,102,216,50,149,105,220,0,0,0,2,0,-0.13999999,0.0,0,0,-5,0,-5,-53,-55,-71,0,-2,MARCIN PRACHNIO,JUSTIN LEDET
1,0,0.73,0.45,1.0,0.33,1,1,0,1,83,237,3,57,1,23,22,30,5,11,28,37,12,19,2,2,1,3,1,0.28000003,0.66999996,0,-1,154,2,34,17,16,18,1,-1,NATE MARQUARDT,VIK GRUJIC
0,0,0.4,0.54,0.5,0.0,0,0,0,0,195,182,3,2,3,15,50,122,51,93,54,126,59,101,2,4,0,2,0,-0.14000002,0.5,0,0,-13,0,-13,-1,-5,25,2,2,JAMIE PICKETT,DRAKKAR KLOSE
0,0,0.66,0.39,1.0,1.0,1,1,1,0,224,172,2,52,3,44,12,18,9,23,42,49,22,37,1,1,3,3,0,0.27000004,0.0,0,1,-52,-1,8,3,20,12,-2,-2,ALEX OLIVEIRA,BRIAN FOSTER
0,0,0.46,0.56,0.47,0.33,0,0,0,0,92,267,4,27,1,32,71,152,84,148,111,201,100,164,9,19,1,3,0,-0.099999994,0.13999999,0,0,175,3,-5,-13,11,37,8,16,D,MASON JONES
1,0,0.65,0.4,0.5,0.0,0,0,0,0,13,333,5,33,0,13,73,111,25,62,96,138,27,65,1,2,0,4,1,0.24999997,0.5,0,0,320,5,20,48,69,73,1,-2,SCOTT HOLTZMAN,CHRIS WEIDMAN
0,0,1.0,0.5,0.0,0.0,1,0,0,0,10,0,0,0,0,10,2,2,1,2,2,2,1,2,0,0,0,1,0,0.5,0.0,1,0,-10,0,-10,1,1,0,0,-1,NC,JESUS AGUILAR
2,0,0.49,0.39,0.75,0.0,0,1,0,0,24,347,5,47,0,24,72,145,40,101,83,158,51,112,6,8,0,5,2,0.100000024,0.75,-1,0,323,5,23,32,32,46,6,3,KYOJI HORIGUCHI,TONY GRAVELY
0,0,0.42,0.57,0.0,0.6,0,0,0,0,750,48,0,48,12,30,12,28,23,40,46,66,63,85,0,1,3,5,0,-0.15,-0.6,0,0,-702,-12,18,-11,-17,-19,-3,-4,CLAUDE PATRICK,GRANT DAWSON
0,1,0.25,0.63,0.0,0.0,0,0,0,0,2,0,0,0,0,2,1,4,7,11,1,4,7,11,0,0,0,0,-1,-0.38,0.0,0,0,-2,0,-2,-6,-6,-7,0,0,CARLOS ULBERG,NC
1,0,0.56,0.45,0.0,0.0,0,0,0,0,72,7,0,7,1,12,33,58,19,42,35,60,25,48,0,0,0,3,1,0.110000014,0.0,0,0,-65,-1,-5,14,10,12,0,-3,ROBERT WHITTAKER,CHIDI NJOKUANI
0,1,0.51,0.51,0.0,0.0,0,0,0,0,2,59,0,59,0,2,14,27,21,41,16,29,23,44,0,3,0,0,-1,0.0,0.0,0,0,57,0,57,-7,-7,-15,0,3,ISLAM DULATOV,MICHAEL JOHNSON
0,0,0.49,0.19,0.0,0.0,0,0,0,0,23,5,0,5,0,23,117,236,57,289,118,237,57,289,0,3,0,3,0,0.3,0.0,0,0,-18,0,-18,60,61,-52,0,0,ANGELA HILL,SPENCER FISHER
0,0,0.27,0.53,1.0,1.0,2,1,0,1,72,257,4,17,1,12,3,11,16,30,8,18,24,38,3,3,1,1,0,-0.25999996,0.0,1,-1,185,3,5,-13,-16,-20,2,2,RANDY BROWN,JIMY HETTES
0,0,0.45,0.44,0.0,0.33,0,3,0,0,244,15,0,15,4,4,17,37,17,38,27,49,20,43,0,0,2,6,0,0.00999999,-0.33,-3,0,-229,-4,11,0,7,6,-2,-6,ANTHONY PEROSH,DYLAN ANDREWS
0,0,0.0,0.4,0.0,1.0,0,1,0,0,0,0,0,0,0,0,0,1,4,10,0,2,9,15,0,1,1,1,0,-0.4,-1.0,-1,0,0,0,0,-4,-9,-13,-1,0,NC,JASON HIGH
1,0,0.68,0.72,0.0,0.0,0,0,0,0,9,199,3,19,0,9,40,58,8,11,49,72,9,12,0,0,0,0,1,-0.04000002,0.0,0,0,190,3,10,32,40,60,0,0,ERIK PEREZ,JEFF MOLINA
2,0,0.56,0.37,0.0,0.0,0,0,0,0,0,8,0,8,0,0,9,16,12,32,9,16,12,32,0,0,0,1,2,0.19,0.0,0,0,8,0,8,-3,-3,-16,0,-1,MARK HOMINICK,EDDIE WINELAND
0,0,0.53,0.24,1.0,0.0,0,0,0,0,148,300,5,0,2,28,87,162,37,150,95,171,67,180,2,2,0,1,0,0.28999996,1.0,0,0,152,3,-28,50,28,-9,2,1,AMIR SADOLLAH,ALEX CACERES
0,0,0.38,0.41,0.0,0.23,0,0,0,0,381,0,0,0,6,21,21,55,17,41,28,62,45,75,0,0,4,17,0,-0.030000001,-0.23,0,0,-381,-6,-21,4,-17,-13,-4,-17,CATHAL PENDRED,DEREK BRUNSON
0,0,0.42,0.27,0.4,0.66,3,0,1,0,49,490,8,10,0,49,25,59,32,115,56,94,40,123,4,10,2,3,0,0.14999998,-0.26000002,3,1,441,8,-39,-7,16,-29,2,7,MICHIHIRO OMIGAWA,DENNIS BERMUDEZ
0,0,0.47,0.67,0.0,0.44,0,2,0,0,561,0,0,0,9,21,29,61,29,43,37,69,79,95,0,0,4,9,0,-0.20000002,-0.44,-2,0,-561,-9,-21,0,-42,-26,-4,-9,KANAKO MURATA,SHAMAR BAILEY
1,0,0.48,0.36,0.6,0.0,0,0,0,0,101,181,3,1,1,41,110,225,36,100,124,243,63,129,3,5,0,3,1,0.119999975,0.6,0,0,80,2,-40,74,61,114,3,2,NAVAJO STIRLING,FATIMA KLINE
0,0,0.68,0.56,0.0,0.0,0,1,0,0,0,187,3,7,0,0,11,16,9,16,26,37,10,17,0,3,0,0,0,0.120000005,0.0,-1,0,187,3,7,2,16,20,0,3,ANTHONY PETTIS,GUNNAR NELSON
0,0,0.6,0.18,0.0,0.0,1,0,0,0,62,0,0,0,1,2,9,15,2,11,18,24,5,15,0,1,0,1,0,0.42000002,0.0,1,0,-62,-1,-2,7,13,9,0,0,POLYANA VIANA,JUNIOR TAFA
0,0,0.32,0.29,0.0,0.0,1,1,1,1,71,39,0,39,1,11,24,75,25,86,27,78,33,94,0,1,0,0,0,0.030000001,0.0,0,0,-32,-1,28,-1,-6,-16,0,1,ANTHONY ROCCO MARTIN,LUIGI FIORAVANTI
0,0,0.32,0.21,0.5,0.0,2,0,0,0,0,213,3,33,0,0,17,52,12,57,33,70,16,63,2,4,0,0,0,0.11,0.5,2,0,213,3,33,5,17,7,2,4,KEVIN RANDLEMAN,OMARI AKHMEDOV
0,0,0.78,0.8,0.0,0.6,1,2,0,0,344,0,0,0,5,44,11,14,8,10,20,23,41,48,0,0,3,5,0,-0.02000004,-0.6,-1,0,-344,-5,-44,3,-21,-25,-3,-5,BENOIT SAINT DENIS,JESSE TAYLOR
1,0,0.7,0.27,0.0,0.0,0,0,0,0,179,21,0,21,2,59,19,27,12,43,27,35,28,59,0,0,0,3,1,0.42999998,0.0,0,0,-158,-2,-38,7,-1,-24,0,-3,ANDERSON SILVA,ALEX PEREIRA
1,0,0.33,0.55,0.0,0.0,0,0,0,0,0,0,0,0,0,0,3,9,5,9,3,9,5,9,0,0,0,0,1,-0.22,0.0,0,0,0,0,0,-2,-2,0,0,0,MUSLIM SALIKHOV,BRYAN BATTLE
0,0,0.51,0.42,0.0,0.75,0,0,0,0,304,10,0,10,5,4,112,216,101,239,140,245,140,280,0,2,3,4,0,0.09,-0.75,0,0,-294,-5,6,11,0,-35,-3,-2,TABATHA RICCI,TUCKER LUTZ
1,0,0.51,0.52,0.25,0.0,0,0,0,0,139,12,0,12,2,19,33,64,35,67,35,66,45,79,1,4,0,3,1,-0.00999999,0.25,0,0,-127,-2,-7,-2,-10,-13,1,1,TIMMY CUAMBA,ABDUL RAZAK ALHASSAN
0,0,0.58,0.56,0.0,0.0,0,0,0,0,80,0,0,0,1,20,10,17,18,32,13,21,18,32,0,3,0,0,0,0.01999998,0.0,0,0,-80,-1,-20,-8,-5,-11,0,3,ILIA TOPURIA,JOE PYFER
0,0,0.51,0.54,0.16,0.33,1,2,0,0,405,314,5,14,6,45,24,47,19,35,46,70,47,64,2,12,2,6,0,-0.030000031,-0.17000002,-1,0,-91,-1,-31,5,-1,6,0,6,NC,LEON EDWARDS
0,0,0.56,0.36,0.0,0.0,0,1,0,0,17,557,9,17,0,17,46,81,30,82,69,108,57,112,0,1,0,2,0,0.19999999,0.0,-1,0,540,9,0,16,12,-4,0,-1,DIEGO SANCHEZ,NURULLO ALIEV
0,0,0.55,1.0,0.5,0.0,1,1,0,0,3,163,2,43,0,3,5,9,5,5,13,22,8,9,1,2,0,0,0,-0.45,0.5,0,0,160,2,40,0,5,13,1,2,ED HERMAN,FRANCISCO FIGUEIREDO
0,0,0.42,0.58,0.6,0.0,0,0,0,0,195,274,4,34,3,15,32,76,36,62,111,170,51,82,3,5,0,1,0,-0.16,0.6,0,0,79,1,19,-4,60,88,3,4,LOMA LOOKBOONMEE,NEIL MAGNY
0,0,0.0,0.26,0.0,1.0,1,0,0,0,0,0,0,0,0,0,0,5,5,19,0,5,19,33,0,1,1,1,0,-0.26,-1.0,1,0,0,0,0,-5,-19,-28,-1,0,GUY MEZGER,JASON HIGH
0,0,0.42,0.39,0.11,0.4,0,0,0,0,74,22,0,22,1,14,69,164,90,229,73,168,90,230,1,9,2,5,0,0.030000001,-0.29000002,0,0,-52,-1,8,-21,-17,-62,-1,4,KEVIN VALLEJOS,JIMMIE RIVERA
0,0,0.3,0.31,0.5,0.33,0,0,0,0,103,250,4,10,1,43,41,135,13,41,126,231,31,60,1,2,1,3,0,-0.00999999,0.16999999,0,0,147,3,-33,28,95,171,0,-1,JOHN HATHAWAY,RORY MACDONALD
0,0,0.7,0.47,1.0,0.4,1,0,0,0,443,78,1,18,7,23,17,24,10,21,44,55,24,35,1,1,2,5,0,0.22999999,0.6,1,0,-365,-6,-5,7,20,20,-1,-4,JOSH BARNETT,DANILO MARQUES
2,0,0.46,0.3,0.0,0.2,0,0,0,0,67,25,0,25,1,7,64,137,18,60,92,166,20,62,0,0,1,5,2,0.16,-0.2,0,0,-42,-1,18,46,72,104,-1,-5,VOLKAN OEZDEMIR,SEAN O'MALLEY
0,0,0.45,0.53,0.25,0.42,1,0,0,0,345,217,3,37,5,45,30,66,17,32,67,106,24,43,2,8,3,7,0,-0.07999998,-0.16999999,1,0,-128,-2,-8,13,43,63,-1,1,MONTEL JACKSON,PAYTON TALBOTT
0,0,0.28,0.53,0.36,0.0,0,0,0,0,6,219,3,39,0,6,41,143,84,157,44,149,117,195,4,11,0,0,0,-0.24999997,0.36,0,0,213,3,33,-43,-73,-46,4,11,LERONE MURPHY,JAMES VICK
0,0,0.61,0.64,0.5,0.0,3,0,0,1,196,499,8,19,3,16,26,42,33,51,151,184,87,107,2,4,0,0,0,-0.029999971,0.5,3,-1,303,5,3,-7,64,77,2,4,ASHLEY YODER,ZHANG LIPENG
0,0,0.52,0.54,0.0,1.0,0,1,0,0,13,0,0,0,0,13,24,46,40,74,24,46,44,78,0,1,1,1,0,-0.02000004,-1.0,-1,0,-13,0,-13,-16,-20,-32,-1,0,KEVIN HOLLAND,TOM ASPINALL
1,0,0.54,0.37,1.0,0.0,0,2,0,0,1,447,7,27,0,1,35,64,17,45,109,148,39,67,3,3,0,0,1,0.17000002,1.0,-2,0,446,7,26,18,70,81,3,3,ANTHONY JOHNSON,ALEXIS DAVIS
0,0,0.43,0.28,0.33,0.44,1,4,1,2,235,472,7,52,3,55,29,66,6,21,89,134,32,49,2,6,4,9,0,0.15,-0.109999985,-3,-1,237,4,-3,23,57,85,-2,-3,TYSON GRIFFIN,SHAYILAN NUERDANBIEKE
0,0,0.54,0.42,0.0,0.37,0,0,0,0,108,40,0,40,1,48,164,300,160,377,171,309,183,410,0,3,3,8,0,0.120000035,-0.37,0,0,-68,-1,-8,4,-12,-101,-3,-5,TJ GRANT,JARED CANNONIER
0,0,0.36,0.43,0.0,0.57,1,0,1,0,302,311,5,11,5,2,15,41,20,46,56,96,47,78,0,0,4,7,0,-0.06999999,-0.57,1,1,9,0,9,-5,9,18,-4,-7,OLIVIER AUBIN-MERCIER,LUIS SALDANA
0,0,0.52,0.32,0.37,0.0,0,1,0,0,4,296,4,56,0,4,53,101,28,85,93,143,30,88,3,8,0,0,0,0.19999999,0.37,-1,0,292,4,52,25,63,55,3,8,RAPHAEL ASSUNCAO,DANIEL TEYMUR
1,0,0.65,0.35,0.0,0.0,0,0,0,0,0,42,0,42,0,0,39,60,5,14,42,63,5,14,0,0,0,1,1,0.29999998,0.0,0,0,42,0,42,34,37,49,0,-1,RAPHAEL ASSUNCAO,FERNANDO PADILLA
0,0,0.52,0.56,0.21,1.0,1,0,0,0,75,380,6,20,1,15,56,107,115,202,86,147,135,224,3,14,2,2,0,-0.04000002,-0.79,1,0,305,5,5,-59,-49,-77,1,12,ESTEBAN RIBOVICS,MARCIN PRACHNIO
0,0,0.0,0.78,0.0,1.0,0,1,0,0,234,0,0,0,3,54,0,1,11,14,1,2,34,41,0,0,1,1,0,-0.78,-1.0,-1,0,-234,-3,-54,-11,-33,-39,-1,-1,CHARLES BYRD,COLBY COVINGTON
0,0,0.25,0.4,0.0,0.0,0,0,0,0,25,24,0,24,0,25,58,225,60,150,62,232,60,152,0,1,0,6,0,-0.15,0.0,0,0,-1,0,-1,-2,2,80,0,-5,MANON FIOROT,DHIEGO LIMA
0,0,0.23,0.58,1.0,0.0,0,1,1,1,83,112,1,52,1,23,4,17,21,36,38,51,29,44,1,1,0,0,0,-0.34999996,1.0,-1,0,29,0,29,-17,9,7,1,1,CORTNEY CASEY,JAMES KRAUSE
0,1,0.48,0.57,0.2,0.0,0,0,0,0,61,132,2,12,1,1,60,123,98,171,68,134,101,177,1,5,0,0,-1,-0.09,0.2,0,0,71,1,11,-38,-33,-43,1,5,DANIEL MARCOS,TAYLOR LAPILUS
0,0,0.43,0.25,0.6,0.0,0,0,0,0,0,574,9,34,0,0,36,83,25,98,85,148,38,112,3,5,0,1,0,0.18,0.6,0,0,574,9,34,11,47,36,3,4,HENRY CEJUDO,ANDRE PETROSKI
0,0,0.4,0.42,0.0,0.75,0,1,0,0,665,0,0,0,11,5,22,55,21,50,113,153,41,72,0,0,3,4,0,-0.01999998,-0.75,-1,0,-665,-11,-5,1,72,81,-3,-4,GILLIAN ROBERTSON,BRUNO SANTOS
0,0,0.64,0.63,1.0,1.0,0,1,0,0,31,100,1,40,0,31,37,57,53,83,46,73,62,95,1,1,1,1,0,0.00999999,0.0,-1,0,69,1,9,-16,-16,-22,0,0,JARED GOODEN,ALEJANDRO PEREZ
0,1,0.5,0.35,1.0,0.33,0,0,0,0,230,60,1,0,3,50,40,80,39,109,43,83,58,128,1,1,2,6,-1,0.15,0.66999996,0,0,-170,-2,-50,1,-15,-45,-1,-5,RAFAEL DOS ANJOS,LYOTO MACHIDA
0,1,0.0,1.0,0.0,0.0,0,0,0,0,2,0,0,0,0,2,0,1,2,2,0,1,2,2,0,0,0,0,-1,-1.0,0.0,0,0,-2,0,-2,-2,-2,-1,0,0,JOHNY HENDRICKS,RYAN JIMMO
0,0,0.32,0.37,1.0,0.0,0,0,0,0,0,8,0,8,0,0,81,246,67,178,82,248,69,180,1,1,0,1,0,-0.050000012,1.0,0,0,8,0,8,14,13,68,1,0,NORMAN PARKE,LUKE ZACHRICH
0,0,0.53,0.43,0.83,0.0,5,1,0,1,55,646,10,46,0,55,15,28,7,16,46,64,22,31,5,6,0,1,0,0.099999964,0.83,4,-1,591,10,-9,8,24,33,5,5,JIM MILLER,RAY BORG
0,0,0.52,0.44,0.1,0.66,1,0,0,0,232,83,1,23,3,52,65,123,50,112,88,146,58,121,1,10,4,6,0,0.07999998,-0.56,1,0,-149,-2,-29,15,30,25,-3,4,PETE SELL,NEIL MAGNY
1,0,0.41,0.39,0.0,0.0,0,0,0,0,0,13,0,13,0,0,43,104,32,81,51,112,32,81,0,0,0,1,1,0.02000001,0.0,0,0,13,0,13,11,19,31,0,-1,WANDERLEI SILVA,JOAQUIM SILVA
0,0,0.36,0.38,0.0,0.0,0,0,0,0,8,54,0,54,0,8,35,97,38,99,38,100,39,100,0,3,0,3,0,-0.01999998,0.0,0,0,46,0,46,-3,-1,0,0,0,ALEJANDRO PEREZ,MUSLIM SALIKHOV
1,0,0.5,0.68,0.0,0.6,0,1,0,0,221,6,0,6,3,41,17,34,33,48,18,35,66,81,0,0,3,5,1,-0.18,-0.6,-1,0,-215,-3,-35,-16,-48,-46,-3,-5,JAMES IRVIN,NC
0,0,0.45,0.29,0.3,0.0,0,0,0,0,2,553,9,13,0,2,34,74,29,99,50,94,33,104,3,10,0,0,0,0.16,0.3,0,0,551,9,11,5,17,-10,3,10,RICKY SIMON,MARCIN TYBURA
0,1,0.2,0.68,0.0,0.0,0,0,0,0,3,0,0,0,0,3,1,5,11,16,1,5,11,16,0,0,0,0,-1,-0.48000002,0.0,0,0,-3,0,-3,-10,-10,-11,0,0,NIKITA KRYLOV,BEKZAT ALMAKHAN
0,0,0.29,0.46,0.0,0.0,1,0,0,0,0,16,0,16,0,0,8,27,6,13,8,27,6,13,0,0,0,0,0,-0.17000002,0.0,1,0,16,0,16,2,2,14,0,0,EDGAR CHAIREZ,IVAN MENJIVAR
0,0,0.0,1.0,0.0,1.0,1,0,0,0,11,0,0,0,0,11,0,0,1,1,0,0,1,1,0,0,1,1,0,-1.0,-1.0,1,0,-11,0,-11,-1,-1,-1,-1,-1,DENNIS HALLMAN,STEVEN GRAHAM
0,0,0.85,0.43,0.3,0.0,2,0,0,1,60,723,12,3,1,0,17,20,10,23,91,110,29,46,3,10,0,0,0,0.42000002,0.3,2,-1,663,11,3,7,62,64,3,10,DEMIAN MAIA,CHARLIE BRENNEMAN
0,0,0.66,0.63,0.33,0.5,0,3,0,0,128,203,3,23,2,8,16,24,31,49,23,33,57,75,1,3,1,2,0,0.030000031,-0.16999999,-3,0,75,1,15,-15,-34,-42,0,1,PAUL CRAIG,JAMES VICK
0,0,0.23,0.39,0.0,0.66,1,0,0,0,321,0,0,0,5,21,4,17,16,41,7,20,73,120,0,0,2,3,0,-0.15999998,-0.66,1,0,-321,-5,-21,-12,-66,-100,-2,-3,GILLIAN ROBERTSON,ASU ALMABAYEV
0,0,0.47,0.55,1.0,0.71,0,2,1,0,426,181,3,1,7,6,27,57,53,95,41,71,135,184,1,1,5,7,0,-0.08000001,0.29000002,-2,1,-245,-4,-5,-26,-94,-113,-4,-6,NC,ALJAMAIN STERLING
0,0,0.69,0.4,0.56,0.5,0,0,0,0,46,1192,19,52,0,46,69,99,31,77,116,163,127,177,14,25,1,2,0,0.29,0.060000002,0,0,1146,19,6,38,-11,-14,13,23,CURTIS BLAYDES,MUHAMMAD MOKAEV
0,0,0.51,0.5,1.0,0.25,0,1,0,0,35,112,1,52,0,35,29,56,4,8,50,83,4,8,1,1,1,4,0,0.00999999,0.75,-1,0,77,1,17,25,46,75,0,-3,CODY BRUNDAGE,AORIQILENG
0,1,0.6,0.67,0.0,0.0,1,0,0,0,43,18,0,18,0,43,43,71,61,90,44,72,64,96,0,3,0,0,-1,-0.06999999,0.0,1,0,-25,0,-25,-18,-20,-24,0,3,CHRIS CURTIS,CHRIS BARNETT
0,0,0.57,0.8,1.0,0.66,3,1,2,1,165,296,4,56,2,45,8,14,4,5,48,64,7,10,1,1,2,3,0,-0.23000002,0.33999997,2,1,131,2,11,4,41,54,-1,-2,FELICE HERRIG,CAT ZINGANO
0,1,0.37,0.36,0.0,0.66,0,0,0,0,35,0,0,0,0,35,73,196,64,173,73,196,72,181,0,0,2,3,-1,0.00999999,-0.66,0,0,-35,0,-35,9,1,15,-2,-3,NASRAT HAQPARAST,CALVIN KATTAR
0,0,0.53,0.42,0.37,0.5,2,0,0,0,268,368,6,8,4,28,23,43,21,49,57,79,34,62,3,8,1,2,0,0.109999985,-0.13,2,0,100,2,-20,2,23,17,2,6,CHARLES OLIVEIRA,REI TSURUYA
0,0,0.69,0.33,1.0,0.0,2,1,0,0,0,156,2,36,0,0,9,13,1,3,27,32,1,3,1,1,0,0,0,0.35999998,1.0,1,0,156,2,36,8,26,29,1,1,KENNY ROBERTSON,ANTHONY PEROSH
0,0,0.41,0.4,0.0,0.25,0,0,0,0,58,35,0,35,0,58,115,277,79,194,117,281,80,197,0,0,1,4,0,0.00999999,-0.25,0,0,-23,0,-23,36,37,84,-1,-4,MICHAEL BISPING,MIZUKI
1,1,0.41,0.6,0.33,0.0,0,1,0,0,103,84,1,24,1,43,12,29,29,48,22,40,51,72,1,3,0,0,0,-0.19000003,0.33,-1,0,-19,0,-19,-17,-29,-32,1,3,MATT VEACH,CASEY KENNEY
0,0,0.72,0.52,0.0,0.0,0,0,0,0,0,136,2,16,0,0,31,43,13,25,49,62,18,30,0,0,0,0,0,0.20000005,0.0,0,0,136,2,16,18,31,32,0,0,KYOJI HORIGUCHI,ADRIAN YANEZ
0,0,0.54,0.45,0.0,0.66,0,2,0,0,94,0,0,0,1,34,127,231,61,133,128,232,61,133,0,0,2,3,0,0.09000003,-0.66,-2,0,-94,-1,-34,66,67,99,-2,-3,ARMEN PETROSYAN,IAN MACHADO GARRY
1,0,0.59,0.64,0.0,0.0,0,0,0,0,0,4,0,4,0,0,19,32,9,14,19,32,9,14,0,0,0,0,1,-0.050000012,0.0,0,0,4,0,4,10,10,18,0,0,RONDA ROUSEY,DREW DOBER
0,1,0.44,0.39,0.12,0.0,0,0,0,0,8,44,0,44,0,8,49,111,66,166,50,115,70,170,1,8,0,0,-1,0.050000012,0.12,0,0,36,0,36,-17,-20,-55,1,8,DANIEL RODRIGUEZ,D
0,0,0.5,0.2,0.6,0.0,0,0,0,0,1,232,3,52,0,1,74,148,17,82,83,157,26,91,3,5,0,0,0,0.3,0.6,0,0,231,3,51,57,57,66,3,5,DANIEL CORMIER,ZHANG WEILI
1,0,0.34,0.32,1.0,0.0,0,0,0,0,0,5,0,5,0,0,63,183,43,133,65,185,43,133,1,1,0,0,1,0.02000001,1.0,0,0,5,0,5,20,22,52,1,1,DAICHI ABE,EDDIE WINELAND
0,0,0.14,0.5,0.0,1.0,2,1,1,0,129,2,0,2,2,9,1,7,7,14,10,16,8,15,0,0,2,2,0,-0.36,-1.0,1,1,-127,-2,-7,-6,2,1,-2,-2,CODY MCKENZIE,AMIR ALBAZI
0,0,0.59,0.58,0.75,0.12,2,0,0,0,108,264,4,24,1,48,87,146,82,140,112,174,104,164,3,4,1,8,0,0.00999999,0.63,2,0,156,3,-24,5,8,10,2,-4,CHRIS CAMOZZI,ELVES BRENER
0,0,0.5,0.29,1.0,0.6,3,1,2,2,369,247,4,7,6,9,42,84,27,91,80,128,35,99,3,3,3,5,0,0.21000001,0.39999998,2,0,-122,-2,-2,15,45,29,0,-2,JOE STEVENSON,ELIJAH SMITH
1,0,0.33,0.33,0.0,0.0,0,0,0,0,0,3,0,3,0,0,2,6,1,3,2,6,1,3,0,0,0,0,1,0.0,0.0,0,0,3,0,3,1,1,3,0,0,ANDREI ARLOVSKI,CORY SANDHAGEN
0,0,0.42,0.41,0.81,0.0,0,0,0,0,40,633,10,33,0,40,32,75,16,39,129,197,82,109,13,16,0,1,0,0.00999999,0.81,0,0,593,10,-7,16,47,88,13,15,LUIGI FIORAVANTI,MAKHMUD MURADOV
0,0,0.56,0.42,0.0,0.75,2,3,0,0,162,206,3,26,2,42,59,105,46,109,127,179,73,146,0,1,3,4,0,0.14000002,-0.75,-1,0,44,1,-16,13,54,33,-3,-3,REGINALDO VIEIRA,JASON VON FLUE
0,0,0.54,0.52,1.0,0.5,0,0,0,0,371,12,0,12,6,11,136,249,102,195,173,290,156,255,1,1,1,2,0,0.02000004,0.5,0,0,-359,-6,1,34,17,35,0,-1,JOANNE WOOD,GLORIA DE PAULA
1,0,0.47,0.44,0.0,0.66,1,0,0,0,460,16,0,16,7,40,30,63,56,126,36,69,141,220,0,1,2,3,1,0.030000001,-0.66,1,0,-444,-7,-24,-26,-105,-151,-2,-2,DAMIR ISMAGULOV,TONY KELLEY
0,0,0.47,0.35,0.0,0.0,0,0,0,0,0,5,0,5,0,0,120,255,85,237,122,257,88,241,0,3,0,0,0,0.120000005,0.0,0,0,5,0,5,35,34,16,0,3,KHALIL ROUNTREE JR.,DANIEL ZELLHUBER
1,0,0.37,0.51,0.25,0.4,0,0,0,0,90,35,0,35,1,30,30,81,80,155,35,86,102,180,2,8,2,5,1,-0.13999999,-0.15,0,0,-55,-1,5,-50,-67,-94,0,3,PETR YAN,LUCAS ALMEIDA
0,0,0.77,0.33,0.8,0.0,1,1,0,0,0,827,13,47,0,0,24,31,3,9,135,158,27,46,4,5,0,0,0,0.43999997,0.8,0,0,827,13,47,21,108,112,4,5,PAT SABATINI,CHAEL SONNEN
0,0,0.42,0.37,0.33,0.0,0,1,0,1,62,302,5,2,1,2,77,183,92,247,90,199,119,276,1,3,0,2,0,0.049999982,0.33,-1,-1,240,4,0,-15,-29,-77,1,1,BEC RAWLINGS,KAROLINA KOWALKIEWICZ
3,0,0.39,0.36,0.0,0.28,0,0,0,0,65,10,0,10,1,5,61,156,92,249,63,160,100,259,0,0,2,7,3,0.029999971,-0.28,0,0,-55,-1,5,-31,-37,-99,-2,-7,MARLON VERA,ALAN JOUBAN
0,0,0.52,0.4,1.0,0.0,1,0,0,1,12,188,3,8,0,12,34,65,11,27,46,78,19,35,1,1,0,2,0,0.119999975,1.0,1,-1,176,3,-4,23,27,43,1,-1,DEVONTE SMITH,SEAN BRADY
0,1,0.51,0.4,1.0,0.0,0,0,0,0,69,48,0,48,1,9,82,160,48,119,86,165,55,131,1,1,0,4,-1,0.109999985,1.0,0,0,-21,-1,39,34,31,34,1,-3,ARTEM LOBOV,MIKE PIERCE
1,0,0.46,0.33,0.0,0.0,0,0,0,0,0,24,0,24,0,0,29,63,20,60,29,63,20,60,0,0,0,0,1,0.13,0.0,0,0,24,0,24,9,9,3,0,0,JOSE ALDO,TYSON NAM
0,0,0.52,0.31,0.0,0.0,0,0,0,0,18,2,0,2,0,18,119,226,105,329,121,228,110,336,0,1,0,0,0,0.20999998,0.0,0,0,-16,0,-16,14,11,-108,0,1,IRENE ALDANA,AIEMANN ZAHABI
1,0,0.68,0.35,0.42,0.0,0,0,0,0,0,155,2,35,0,0,43,63,15,42,58,79,21,51,3,7,0,0,1,0.33,0.42,0,0,155,2,35,28,37,28,3,7,NC,TOMASZ DRWAL
1,0,0.5,0.06,0.0,0.0,0,0,0,0,0,3,0,3,0,0,7,14,2,29,7,14,2,29,0,0,0,0,1,0.44,0.0,0,0,3,0,3,5,5,-15,0,0,CHAD MENDES,EDMEN SHAHBAZYAN
0,0,0.4,0.29,0.0,0.5,2,0,0,0,355,48,0,48,5,55,37,91,27,91,57,119,58,125,0,0,3,6,0,0.110000014,-0.5,2,0,-307,-5,-7,10,-1,-6,-3,-6,GERMAINE DE RANDAMIE,DUSTIN POIRIER
1,0,0.52,0.55,1.0,0.0,0,0,0,0,11,33,0,33,0,11,30,57,32,58,36,63,33,59,1,1,0,2,1,-0.030000031,1.0,0,0,22,0,22,-2,3,4,1,-1,DREW MCFEDRIES,DAN IGE
0,0,0.44,0.22,0.0,0.66,1,0,0,0,56,161,2,41,0,56,102,227,64,282,116,241,70,288,0,0,2,3,0,0.22,-0.66,1,0,105,2,-15,38,46,-47,-2,-3,LEONARD GARCIA,FELICE HERRIG
0,0,0.55,0.43,0.5,0.0,0,1,0,1,111,431,7,11,1,51,55,100,40,92,141,192,42,94,3,6,0,0,0,0.120000005,0.5,-1,-1,320,6,-40,15,99,98,3,6,JACK HERMANSSON,DARREN ELKINS
0,0,0.56,0.6,0.5,0.25,0,0,0,0,181,409,6,49,3,1,42,75,42,69,100,138,86,117,3,6,1,4,0,-0.04000002,0.25,0,0,228,3,48,0,14,21,2,2,TAGIR ULANBEKOV,BLAGOY IVANOV
0,0,0.45,0.57,0.12,0.0,0,0,0,1,31,285,4,45,0,31,65,142,105,184,75,155,108,187,3,24,0,1,0,-0.120000005,0.12,0,-1,254,4,14,-40,-33,-32,3,23,JUNYONG PARK,CODY HADDON
1,0,0.76,0.32,0.0,0.4,0,0,0,0,218,12,0,12,3,38,13,17,8,25,28,32,13,33,0,0,2,5,1,0.44,-0.4,0,0,-206,-3,-26,5,15,-1,-2,-5,SPENCER FISHER,PETE SPRATT
0,1,0.33,0.43,0.0,0.0,0,0,0,0,6,0,0,0,0,6,11,33,20,46,11,33,22,49,0,0,0,0,-1,-0.099999994,0.0,0,0,-6,0,-6,-9,-11,-16,0,0,URIAH HALL,CODY GARBRANDT
0,0,0.5,0.48,0.5,0.6,0,0,0,0,371,276,4,36,6,11,45,90,38,79,108,158,59,103,2,4,3,5,0,0.02000001,-0.100000024,0,0,-95,-2,25,7,49,55,-1,-1,JULIANNA PENA,D
0,0,0.35,0.31,0.5,1.0,0,0,0,0,98,32,0,32,1,38,120,338,62,196,124,343,65,202,1,2,1,1,0,0.03999999,-0.5,0,0,-66,-1,-6,58,59,141,0,1,YAIR RODRIGUEZ,KAROLINA KOWALKIEWICZ
0,0,0.47,0.36,0.09,0.0,0,0,0,0,0,184,3,4,0,0,86,182,72,196,92,188,85,210,1,11,0,0,0,0.109999985,0.09,0,0,184,3,4,14,7,-22,1,11,PATRICK CUMMINS,AMANDA NUNES
0,0,0.3,0.25,1.0,1.0,0,0,0,0,225,106,1,46,3,45,47,153,25,97,69,175,42,122,1,1,1,1,0,0.050000012,0.0,0,0,-119,-2,1,22,27,53,0,0,VIVIANE PEREIRA,MASIO FULLEN
1,0,0.51,0.38,1.0,0.33,0,0,0,2,360,242,4,2,6,0,41,80,21,54,47,86,50,85,2,2,1,3,1,0.13,0.66999996,0,-2,-118,-2,2,20,-3,1,1,-1,AMANDA LEMOS,CAIO BORRALHO
1,0,0.8,0.41,1.0,0.0,0,0,0,0,0,231,3,51,0,0,96,119,37,89,104,128,42,94,1,1,0,0,1,0.39000002,1.0,0,0,231,3,51,59,62,34,1,1,JON JONES,CHRISTIAN LEROY DUNCAN
0,0,0.55,0.42,0.5,0.09,0,0,0,1,367,94,1,34,6,7,66,119,50,117,116,181,81,155,1,2,1,11,0,0.13000003,0.41,0,-1,-273,-5,27,16,35,26,0,-9,LEONARDO SANTOS,MARTIN KAMPMANN
0,0,0.66,0.8,0.0,1.0,1,1,2,0,159,77,1,17,2,39,4,6,4,5,11,15,26,28,0,0,2,2,0,-0.13999999,-1.0,0,2,-82,-1,-22,0,-15,-13,-2,-2,LEONARD GARCIA,NATHAN FLETCHER
1,0,0.42,0.07,0.0,0.0,0,0,0,0,0,1,0,1,0,0,6,14,1,13,6,14,1,13,0,0,0,0,1,0.35,0.0,0,0,1,0,1,5,5,1,0,0,RYAN BADER,EDMEN SHAHBAZYAN
0,0,0.63,0.25,0.5,0.0,0,0,0,0,0,68,1,8,0,0,133,210,61,240,133,210,72,251,3,6,0,2,0,0.38,0.5,0,0,68,1,8,72,61,-41,3,4,WILLIAM MACARIO,JESSICA AGUILAR
0,0,0.64,0.66,0.0,0.0,0,0,0,0,0,38,0,38,0,0,9,14,4,6,14,19,6,8,0,0,0,0,0,-0.02000004,0.0,0,0,38,0,38,5,8,11,0,0,CHRISTIAN LEROY DUNCAN,GIGA CHIKADZE
0,0,0.48,0.4,1.0,0.11,0,0,0,0,326,157,2,37,5,26,47,96,25,62,58,108,43,80,2,2,1,9,0,0.07999998,0.89,0,0,-169,-3,11,22,15,28,1,-7,JAMIE PICKETT,KAILIN CURRAN
0,0,0.51,0.65,0.5,0.13,0,0,0,1,311,137,2,17,5,11,32,62,41,63,40,71,44,66,1,2,2,15,0,-0.13999999,0.37,0,-1,-174,-3,6,-9,-4,5,-1,-13,ASKAR ASKAROV,SPENCER FISHER
0,0,0.64,0.25,1.0,0.0,0,0,0,0,0,30,0,30,0,0,16,25,3,12,17,26,5,14,1,1,0,0,0,0.39,1.0,0,0,30,0,30,13,12,12,1,1,TOM ASPINALL,HYUNSUNG PARK
0,0,0.6,0.34,0.5,0.27,0,0,0,0,277,36,0,36,4,37,81,134,51,147,121,174,80,178,1,2,3,11,0,0.26000002,0.22999999,0,0,-241,-4,-1,30,41,-4,-2,-9,HENRY CEJUDO,ROBERT PERALTA
0,0,0.39,0.25,0.0,0.0,0,1,0,0,116,82,1,22,1,56,9,23,1,4,13,28,1,4,0,0,0,7,0,0.13999999,0.0,-1,0,-34,0,-34,8,12,24,0,-7,GAN MCGEE,ALEX KARALEXIS
0,0,0.46,0.6,0.66,0.0,0,0,0,0,0,661,11,1,0,0,77,165,87,145,160,283,105,165,2,3,0,2,0,-0.14000002,0.66,0,0,661,11,1,-10,55,118,2,1,SONG YADONG,JOANNE WOOD
0,0,0.59,0.46,0.0,0.0,1,0,0,0,13,49,0,49,0,13,13,22,6,13,13,22,8,15,0,0,0,1,0,0.12999997,0.0,1,0,36,0,36,7,5,7,0,-1,MIKE SWICK,ALEKSEI OLEINIK
0,0,0.37,0.7,0.0,0.41,1,3,0,0,774,34,0,34,12,54,6,16,12,17,36,55,63,74,0,0,7,17,0,-0.32999998,-0.41,-2,0,-740,-12,-20,-6,-27,-19,-7,-17,DEMIAN MAIA,DAVID BRANCH
0,0,0.62,0.59,0.0,0.0,0,0,0,0,125,35,0,35,2,5,109,174,86,145,128,193,90,149,0,0,0,20,0,0.030000031,0.0,0,0,-90,-2,30,23,38,44,0,-20,CHRIS CURTIS,ALEXANDER VOLKOV
0,1,0.24,0.44,0.5,0.0,0,0,0,0,8,97,1,37,0,8,89,359,120,269,92,367,122,273,2,4,0,0,-1,-0.2,0.5,0,0,89,1,29,-31,-30,94,2,4,MAX HOLLOWAY,MARIA OLIVEIRA
0,0,0.47,0.58,0.77,0.33,1,0,4,1,280,373,6,13,4,40,39,82,33,56,60,104,69,95,7,9,5,15,0,-0.109999985,0.43999997,1,3,93,2,-27,6,-9,9,2,-6,VITOR PETRINO,GERALDO DE FREITAS
0,0,0.6,0.26,0.0,0.0,0,0,0,0,77,0,0,0,1,17,95,156,36,135,98,159,37,136,0,0,0,1,0,0.34000003,0.0,0,0,-77,-1,-17,59,61,23,0,-1,MICK PARKIN,ALEKSA CAMUR
0,0,0.57,0.71,0.0,0.38,0,1,0,0,780,24,0,24,13,0,20,35,23,32,41,56,80,95,0,0,7,18,0,-0.13999999,-0.38,-1,0,-756,-13,24,-3,-39,-39,-7,-18,NIK LENTZ,BARTOSZ FABINSKI
0,0,0.36,0.16,0.71,0.0,2,0,0,1,14,581,9,41,0,14,22,61,7,42,66,111,20,57,5,7,0,0,0,0.20000002,0.71,2,-1,567,9,27,15,46,54,5,7,GRAY MAYNARD,RYAN BADER
0,0,0.26,0.3,1.0,0.0,1,0,0,0,3,10,0,10,0,3,61,232,45,150,62,234,45,150,1,1,0,3,0,-0.04000002,1.0,1,0,7,0,7,16,17,84,1,-2,TONY FERGUSON,LUKE ZACHRICH
0,0,0.38,0.42,0.0,0.0,0,0,0,0,334,3,0,3,5,34,51,132,72,168,68,149,94,194,0,1,0,13,0,-0.03999999,0.0,0,0,-331,-5,-31,-21,-26,-45,0,-12,CURTIS BLAYDES,BRAD TAVARES
1,0,0.69,0.42,0.0,0.0,0,0,0,0,0,6,0,6,0,0,18,26,8,19,18,26,8,19,0,0,0,1,1,0.27,0.0,0,0,6,0,6,10,10,7,0,-1,DOOHO CHOI,DREW DOBER
0,0,0.54,0.44,0.26,0.5,2,0,1,1,52,428,7,8,0,52,27,50,36,81,55,82,40,85,4,15,1,2,0,0.100000024,-0.24000001,2,0,376,7,-44,-9,15,-3,3,13,RICHIE VACULIK,GAVIN TUCKER
0,1,0.46,0.39,0.0,0.0,0,0,0,0,3,0,0,0,0,3,6,13,13,33,6,13,14,34,0,0,0,0,-1,0.07000002,0.0,0,0,-3,0,-3,-7,-8,-21,0,0,ANDREI ARLOVSKI,MICHAEL JOHNSON
1,1,0.36,0.49,0.25,0.0,2,0,0,0,11,220,3,40,0,11,39,106,37,75,59,127,43,81,1,4,0,1,0,-0.13,0.25,2,0,209,3,29,2,16,46,1,3,LI JINGLIANG,DONALD CERRONE
0,0,0.31,0.42,0.6,0.0,0,0,0,0,11,67,1,7,0,11,34,108,61,145,41,115,65,149,3,5,0,0,0,-0.109999985,0.6,0,0,56,1,-4,-27,-24,-34,3,5,DREW DOBER,ROMAN KOPYLOV
0,0,0.46,0.42,0.69,0.0,2,0,0,1,16,535,8,55,0,16,42,90,39,92,193,266,60,129,9,13,0,1,0,0.04000002,0.69,2,-1,519,8,39,3,133,137,9,12,MOVSAR EVLOEV,TEREZA BLEDA
0,0,0.7,0.44,0.85,1.0,1,1,0,1,169,618,10,18,2,49,21,30,17,38,119,130,38,62,6,7,1,1,0,0.26,-0.14999998,0,-1,449,8,-31,4,81,68,5,6,MUHAMMAD MOKAEV,BOGDAN GRAD
0,0,0.26,0.75,0.0,0.5,0,1,0,0,441,0,0,0,7,21,5,19,39,52,21,36,102,121,0,0,2,4,0,-0.49,-0.5,-1,0,-441,-7,-21,-34,-81,-85,-2,-4,AUSTIN VANDERFORD,ANSHUL JUBLI
0,0,0.44,0.52,0.0,0.38,0,0,0,0,311,12,0,12,5,11,71,159,98,187,80,172,123,219,0,2,5,13,0,-0.07999998,-0.38,0,0,-299,-5,1,-27,-43,-47,-5,-11,UMAR NURMAGOMEDOV,LEON EDWARDS
0,0,0.27,0.51,0.0,0.33,0,1,0,0,252,46,0,46,4,12,31,112,71,138,44,125,96,163,0,0,1,3,0,-0.23999998,-0.33,-1,0,-206,-4,34,-40,-52,-38,-1,-3,SCOTT HOLTZMAN,MUSLIM SALIKHOV
0,0,0.54,0.62,0.66,0.0,2,0,0,0,18,519,8,39,0,18,44,81,55,88,72,111,147,185,4,6,0,1,0,-0.07999998,0.66,2,0,501,8,21,-11,-75,-74,4,5,VITOR PETRINO,LUKASZ BRZESKI
0,0,0.59,0.5,0.0,0.11,0,0,0,0,331,43,0,43,5,31,87,147,86,171,113,179,114,200,0,1,1,9,0,0.089999974,-0.11,0,0,-288,-5,12,1,-1,-21,-1,-8,ALONZO MENIFIELD,STEFAN STRUVE
0,1,0.36,0.59,0.0,0.0,0,0,0,0,2,1,0,1,0,2,14,38,43,72,15,39,43,72,0,2,0,0,-1,-0.22999996,0.0,0,0,-1,0,-1,-29,-28,-33,0,2,CHARLIE CAMPBELL,JOEL ALVAREZ
0,0,0.51,0.42,0.0,0.44,0,0,1,0,227,46,0,46,3,47,75,145,61,144,103,175,139,229,0,4,4,9,0,0.09,-0.44,0,1,-181,-3,-1,14,-36,-54,-4,-5,D,BRYAN BARBERENA
0,0,0.34,0.48,0.6,0.0,0,0,0,0,13,327,5,27,0,13,102,296,111,228,121,319,113,230,3,5,0,7,0,-0.13999999,0.6,0,0,314,5,14,-9,8,89,3,-2,AL IAQUINTA,LOOPY GODINEZ
0,0,0.64,0.7,0.0,0.66,0,2,1,1,252,210,3,30,4,12,24,37,28,40,73,91,53,71,0,1,2,3,0,-0.060000002,-0.66,-2,0,-42,-1,18,-4,20,20,-2,-2,DMITRY SOSNOVSKIY,ILDEMAR ALCANTARA
0,0,0.48,0.39,0.0,0.0,0,0,0,0,90,0,0,0,1,30,92,188,63,160,94,191,66,163,0,0,0,6,0,0.09,0.0,0,0,-90,-1,-30,29,28,28,0,-6,JONATHAN MARTINEZ,ANDRE EWELL
0,0,0.43,0.31,0.0,0.33,0,0,0,0,87,5,0,5,1,27,67,153,85,267,70,156,108,295,0,3,2,6,0,0.120000005,-0.33,0,0,-82,-1,-22,-18,-38,-139,-2,-3,TOM DUQUESNOY,MAURICIO RUFFY
0,1,0.6,0.53,0.33,0.0,1,0,0,1,67,150,2,30,1,7,24,40,16,30,32,48,26,41,1,3,0,0,-1,0.07000005,0.33,1,-1,83,1,23,8,6,7,1,3,MARCUS DAVIS,JAIRZINHO ROZENSTRUIK
0,1,0.68,0.58,0.0,1.0,0,0,0,0,233,79,1,19,3,53,15,22,54,93,43,50,94,133,0,1,3,3,-1,0.100000024,-1.0,0,0,-154,-2,-34,-39,-51,-83,-3,-2,DENISE GOMES,DENISE GOMES
0,0,0.34,0.35,0.5,0.0,0,0,0,0,2,12,0,12,0,2,80,233,79,225,83,236,81,227,2,4,0,5,0,-0.00999999,0.5,0,0,10,0,10,1,2,9,2,-1,JOHN DODSON,KATLYN CERMINARA
0,0,0.51,0.35,0.6,0.12,0,0,0,0,96,412,6,52,1,36,92,178,58,165,126,215,78,191,3,5,1,8,0,0.16,0.48000002,0,0,316,5,16,34,48,24,2,-3,JON JONES,CODY STAMANN
0,0,0.46,0.47,0.4,0.0,1,0,1,0,21,974,16,14,0,21,94,201,67,140,218,338,90,166,6,15,0,0,0,-0.00999999,0.4,1,1,953,16,-7,27,128,172,6,15,COLBY COVINGTON,KAMARU USMAN
0,0,0.5,0.69,0.0,0.5,0,1,1,0,238,15,0,15,3,58,1,2,41,59,1,2,53,73,0,2,1,2,0,-0.19,-0.5,-1,1,-223,-3,-43,-40,-52,-71,-1,0,JACK HERMANSSON,RYAN LODER
1,0,0.71,0.25,0.0,0.0,0,0,0,0,0,2,0,2,0,0,5,7,1,4,5,7,1,4,0,0,0,0,1,0.45999998,0.0,0,0,2,0,2,4,4,3,0,0,EDIMILSON SOUZA,MAXIMO BLANCO
1,0,0.29,0.2,0.0,0.0,0,0,0,0,7,26,0,26,0,7,29,98,22,109,29,98,22,109,0,0,0,1,1,0.08999999,0.0,0,0,19,0,19,7,7,-11,0,-1,DAN HENDERSON,JOSH EMMETT
0,0,0.62,0.28,1.0,0.0,1,0,0,1,13,134,2,14,0,13,10,16,2,7,28,38,6,12,2,2,0,0,0,0.34,1.0,1,-1,121,2,1,8,22,26,2,2,MATEUSZ REBECKI,HECTOR URBINA
1,0,0.38,0.62,1.0,0.0,0,1,0,0,0,278,4,38,0,0,15,39,5,8,30,56,29,34,2,2,0,1,1,-0.24000001,1.0,-1,0,278,4,38,10,1,22,2,1,JAKE ELLENBERGER,SANAE KIKUTA
0,1,0.12,0.76,0.0,0.0,0,0,0,0,8,0,0,0,0,8,1,8,13,17,1,8,13,17,0,2,0,0,-1,-0.64,0.0,0,0,-8,0,-8,-12,-12,-9,0,2,FRANCIS NGANNOU,LEONARDO SANTOS
1,0,0.45,0.12,0.0,0.0,0,0,0,0,25,279,4,39,0,25,43,95,7,58,88,148,27,80,0,1,0,1,1,0.32999998,0.0,0,0,254,4,14,36,61,68,0,0,ISLAM MAKHACHEV,YVES JABOUIN
0,0,0.49,0.41,0.5,0.25,0,1,0,0,399,85,1,25,6,39,76,153,45,109,84,164,92,187,1,2,2,8,0,0.08000001,0.25,-1,0,-314,-5,-14,31,-8,-23,-1,-6,JUNYONG PARK,ANDREW SANCHEZ
0,0,0.36,0.36,0.5,0.0,1,0,0,0,51,0,0,0,0,51,82,226,92,254,83,227,92,254,1,2,0,1,0,0.0,0.5,1,0,-51,0,-51,-10,-9,-27,1,1,ANTHONY ROCCO MARTIN,ALEKSEI KUNCHENKO
0,0,0.5,0.54,0.37,0.5,3,0,0,0,166,236,3,56,2,46,36,72,33,61,70,106,50,79,3,8,3,6,0,-0.04000002,-0.13,3,0,70,1,10,3,20,27,0,2,MICHEL PRAZERES,NIKO PRICE
0,0,0.28,0.38,0.5,0.5,0,0,0,0,141,13,0,13,2,21,40,141,68,176,54,161,77,186,1,2,2,4,0,-0.099999994,0.0,0,0,-128,-2,-8,-28,-23,-25,-1,-2,JOAQUIN BUCKLEY,IHOR POTIERIA
0,0,0.5,0.35,0.0,0.0,0,0,0,0,18,0,0,0,0,18,131,261,79,224,134,265,81,226,0,0,0,2,0,0.15,0.0,0,0,-18,0,-18,52,53,39,0,-2,JOHN MAKDESSI,DA'MON BLACKSHEAR
0,0,0.0,0.0,0.0,0.0,1,0,1,0,0,0,0,0,0,0,0,0,0,0,0,0,0,0,0,0,0,1,0,0.0,0.0,1,1,0,0,0,0,0,0,0,-1,OLEG TAKTAROV,ROYCE GRACIE
0,0,0.72,0.51,0.5,0.0,0,0,0,0,0,723,12,3,0,0,31,43,14,27,118,159,58,76,6,12,0,0,0,0.21000004,0.5,0,0,723,12,3,17,60,83,6,12,ANDREW SANCHEZ,MIKE PIERCE
0,0,0.46,0.58,0.0,0.57,2,0,0,0,515,8,0,8,8,35,42,91,141,241,47,96,242,355,0,7,4,7,0,-0.119999975,-0.57,2,0,-507,-8,-27,-99,-195,-259,-4,0,JESSICA ANDRADE,RICKY GLENN
0,0,0.37,0.4,1.0,0.0,2,2,0,1,56,151,2,31,0,56,3,8,2,5,25,30,5,8,2,2,0,0,0,-0.030000001,1.0,0,-1,95,2,-25,1,20,22,2,2,NATE DIAZ,HECTOR URBINA
0,2,0.47,0.69,0.16,0.16,0,3,0,0,205,59,0,59,3,25,82,172,100,144,93,184,103,147,1,6,2,12,-2,-0.22,0.0,-3,0,-146,-3,34,-18,-10,37,-1,-6,ALEXANDER VOLKANOVSKI,D
0,0,0.68,0.53,0.42,0.0,0,3,0,0,132,507,8,27,2,12,53,77,42,79,109,140,54,91,3,7,0,5,0,0.15000004,0.42,-3,0,375,6,15,11,55,49,3,2,MARCUS LEVESSEUR,MATT WIMAN
0,0,0.22,0.41,0.0,0.4,0,1,1,0,175,95,1,35,2,55,31,137,55,134,35,143,60,140,0,1,2,5,0,-0.19,-0.4,-1,1,-80,-1,-20,-24,-25,3,-2,-4,FELIPE LIMA,IHOR POTIERIA
0,1,0.44,0.22,0.5,0.0,2,0,1,0,28,128,2,8,0,28,12,27,6,27,16,32,8,31,1,2,0,3,-1,0.22,0.5,2,1,100,2,-20,6,8,1,1,-1,DENNIS BERMUDEZ,NATE MARQUARDT
1,0,0.5,0.0,0.0,0.0,0,0,0,0,0,0,0,0,0,0,1,2,0,3,1,2,0,3,0,0,0,0,1,0.5,0.0,0,0,0,0,0,1,1,-1,0,0,MARK KERR,JENS PULVER
1,0,0.43,0.46,0.0,0.0,0,0,0,0,20,48,0,48,0,20,23,53,13,28,23,53,13,28,0,1,0,0,1,-0.030000001,0.0,0,0,28,0,28,10,10,25,0,1,ROY NELSON,DREW DOBER
0,0,0.61,0.45,0.25,1.0,0,0,1,0,125,394,6,34,2,5,63,103,15,33,87,131,45,63,1,4,1,1,0,0.16000003,-0.75,0,1,269,4,29,48,42,68,0,3,CHEICK KONGO,RANI YAHYA
0,0,0.53,0.35,0.8,0.0,0,0,0,0,81,388,6,28,1,21,57,106,103,294,102,154,172,368,4,5,0,0,0,0.17999998,0.8,0,0,307,5,7,-46,-70,-214,4,5,CORTNEY CASEY,STEVIE RAY
1,0,0.52,0.42,0.0,0.0,0,0,0,0,0,1,0,1,0,0,38,73,24,56,39,74,25,58,0,0,0,0,1,0.099999994,0.0,0,0,1,0,1,14,14,16,0,0,JESSICA ANDRADE,THIAGO SILVA
0,0,0.37,0.36,1.0,0.0,1,1,0,0,0,0,0,0,0,0,27,72,4,11,48,94,10,17,1,1,0,5,0,0.00999999,1.0,0,0,0,0,0,23,38,77,1,-4,MIKE VAN ARSDALE,KEN SHAMROCK
0,0,0.26,0.53,0.0,0.38,0,1,0,0,496,0,0,0,8,16,18,68,42,79,50,106,71,111,0,0,5,13,0,-0.26999998,-0.38,-1,0,-496,-8,-16,-24,-21,-5,-5,-13,DEMIAN MAIA,SERGEY MOROZOV
0,0,0.67,0.56,0.5,0.33,2,3,0,1,179,566,9,26,2,59,69,102,23,41,132,171,50,69,5,10,1,3,0,0.110000014,0.16999999,-1,-1,387,7,-33,46,82,102,4,7,MARK MUNOZ,REUBEN DURAN
0,0,0.4,0.68,0.0,0.5,1,0,0,0,101,0,0,0,1,41,2,5,11,16,4,7,16,22,0,0,1,2,0,-0.28,-0.5,1,0,-101,-1,-41,-9,-12,-15,-1,-2,PAUL CRAIG,MAYRA BUENO SILVA
0,1,0.26,0.44,0.0,0.0,0,0,0,0,3,0,0,0,0,3,4,15,4,9,4,15,4,9,0,0,0,0,-1,-0.18,0.0,0,0,-3,0,-3,0,0,6,0,0,MAURICIO RUFFY,ESTEBAN RIBOVICS
0,0,0.5,0.0,1.0,0.0,1,0,0,0,0,0,0,0,0,0,2,4,0,1,3,5,0,1,1,1,0,0,0,0.5,1.0,1,0,0,0,0,2,3,4,1,1,KEVIN JACKSON,JERRY BOHLANDER
0,0,0.33,0.39,1.0,0.8,0,0,0,0,170,17,0,17,2,50,33,98,66,168,76,145,81,185,1,1,4,5,0,-0.059999973,0.19999999,0,0,-153,-2,-33,-33,-5,-40,-3,-4,CODY STAMANN,MAIRON SANTOS
0,0,0.5,0.61,0.66,0.33,0,0,0,1,60,144,2,24,1,0,12,24,11,18,25,39,17,24,2,3,1,3,0,-0.110000014,0.33,0,-1,84,1,24,1,8,15,1,0,DIEGO BRANDAO,OVINCE SAINT PREUX
0,0,0.84,0.37,0.55,0.0,0,0,0,0,34,716,11,56,0,34,71,84,6,16,189,210,8,18,5,9,0,0,0,0.46999997,0.55,0,0,682,11,22,65,181,192,5,9,ED HERMAN,RON WATERMAN
0,1,0.28,0.47,0.0,0.0,0,0,0,0,5,0,0,0,0,5,22,78,34,72,25,84,34,72,0,0,0,1,-1,-0.19,0.0,0,0,-5,0,-5,-12,-9,12,0,-1,STEVE ERCEG,STEPHEN THOMPSON
0,1,0.45,0.7,0.25,0.0,0,0,0,1,30,320,5,20,0,30,11,24,36,51,13,28,60,83,1,4,0,0,-1,-0.25,0.25,0,-1,290,5,-10,-25,-47,-55,1,4,NORA CORNOLLE,JAIRZINHO ROZENSTRUIK
0,0,0.39,0.26,0.33,0.46,0,0,0,0,431,205,3,25,7,11,20,51,9,34,27,59,38,66,1,3,6,13,0,0.13,-0.13,0,0,-226,-4,14,11,-11,-7,-5,-10,MARC DIAKIESE,DERRICK LEWIS
0,0,0.71,0.4,1.0,0.18,0,0,0,0,208,498,8,18,3,28,76,106,12,30,124,175,26,44,1,1,2,11,0,0.30999997,0.82,0,0,290,5,-10,64,98,131,-1,-10,JESSICA-ROSE CLARK,JAVID BASHARAT
1,0,0.6,0.1,0.0,0.0,0,0,0,0,0,9,0,9,0,0,18,30,2,19,18,30,5,22,0,0,0,2,1,0.5,0.0,0,0,9,0,9,16,13,8,0,-2,CUB SWANSON,TOM BREESE
0,0,0.5,0.6,0.0,0.0,0,0,0,0,19,24,0,24,0,19,5,10,34,56,6,11,34,56,0,1,0,0,0,-0.100000024,0.0,0,0,5,0,5,-29,-28,-45,0,1,CHRIS DAUKAUS,HYDER AMIL
0,0,0.48,0.3,0.5,1.0,3,0,0,0,10,128,2,8,0,10,70,144,28,93,79,154,32,98,2,4,2,2,0,0.17999998,-0.5,3,0,118,2,-2,42,47,56,0,2,ROB FONT,ROMAN DOLIDZE
0,0,0.51,0.56,0.5,0.27,0,0,0,0,855,100,1,40,14,15,98,190,92,162,134,226,155,231,1,2,6,22,0,-0.050000012,0.22999999,0,0,-755,-13,25,6,-21,-5,-5,-20,RAFAEL DOS ANJOS,RAFAEL DOS ANJOS
0,0,0.33,0.44,0.0,0.42,0,0,1,0,479,124,2,4,7,59,35,103,31,69,63,134,82,128,0,1,3,7,0,-0.109999985,-0.42,0,1,-355,-5,-55,4,-19,6,-3,-6,SHANE ROLLER,ALEX PEREZ
1,0,0.5,0.0,0.0,0.0,0,0,0,0,0,0,0,0,0,0,10,20,0,1,10,20,0,1,0,0,0,0,1,0.5,0.0,0,0,0,0,0,10,10,19,0,0,ANTHONY JOHNSON,VITOR BELFORT
0,0,0.57,0.41,0.66,0.5,0,0,3,0,389,113,1,53,6,29,44,77,31,74,81,121,81,141,2,3,3,6,0,0.16,0.16000003,0,3,-276,-5,24,13,0,-20,-1,-3,KELVIN GASTELUM,NORA CORNOLLE
0,0,0.45,0.27,0.2,0.0,0,1,0,0,18,281,4,41,0,18,84,186,46,170,111,220,50,174,1,5,0,1,0,0.17999998,0.2,-1,0,263,4,23,38,61,46,1,4,NAD NARIMANI,ALEX MORONO
0,0,0.37,0.55,0.0,1.0,0,0,0,0,3,9,0,9,0,3,102,269,117,210,105,276,119,213,0,3,1,1,0,-0.18,-1.0,0,0,6,0,6,-15,-14,63,-1,2,EMILY DUCOTE,PANNIE KIANZAD
0,0,0.62,0.56,0.58,0.0,0,0,0,0,15,473,7,53,0,15,33,53,70,123,86,117,100,155,7,12,0,1,0,0.060000002,0.58,0,0,458,7,38,-37,-14,-38,7,11,BRUNO SILVA,ORION COSCE
0,0,0.61,0.22,1.0,0.25,1,0,0,1,328,120,2,0,5,28,67,109,23,101,91,133,51,132,1,1,3,12,0,0.39000002,0.75,1,-1,-208,-3,-28,44,40,1,-2,-11,CUB SWANSON,EDUARDO GARAGORRI
0,0,0.43,0.31,0.0,0.25,1,0,0,0,273,1,0,1,4,33,31,71,27,85,53,94,61,125,0,0,1,4,0,0.120000005,-0.25,1,0,-272,-4,-32,4,-8,-31,-1,-4,JAN BLACHOWICZ,BRAD TAVARES
0,0,0.36,0.51,0.5,0.31,0,0,0,0,497,94,1,34,8,17,33,91,29,56,60,118,67,98,4,8,5,16,0,-0.14999998,0.19,0,0,-403,-7,17,4,-7,20,-1,-8,CHRIS WEIDMAN,NATHAN COY
0,1,0.46,0.49,0.0,1.0,0,0,0,0,29,22,0,22,0,29,49,105,80,162,54,110,81,163,0,2,1,1,-1,-0.030000001,-1.0,0,0,-7,0,-7,-31,-27,-53,-1,1,DONALD CERRONE,RICK STORY
0,0,0.35,0.41,0.0,0.28,0,1,0,0,131,16,0,16,2,11,28,79,47,114,39,95,66,135,0,3,2,7,0,-0.060000002,-0.28,-1,0,-115,-2,5,-19,-27,-40,-2,-4,DENNIS BERMUDEZ,GERALD MEERSCHAERT
0,2,0.26,0.31,0.0,0.33,0,0,0,0,63,4,0,4,1,3,24,90,41,132,24,92,48,139,0,0,1,3,-2,-0.050000012,-0.33,0,0,-59,-1,1,-17,-24,-47,-1,-3,ROB FONT,AL IAQUINTA
0,0,0.44,0.71,0.0,0.0,1,0,0,0,0,0,0,0,0,0,4,9,5,7,9,17,16,22,0,1,0,0,0,-0.26999998,0.0,1,0,0,0,0,-1,-7,-5,0,1,DAVID ABBOTT,NC
0,0,0.42,0.39,0.0,0.5,0,0,0,0,23,78,1,18,0,23,66,156,55,139,87,183,59,146,0,3,1,2,0,0.030000001,-0.5,0,0,55,1,-5,11,28,37,-1,1,RAMAZAN TEMIROV,CODY STAMANN
2,0,0.48,0.11,0.0,0.0,0,0,0,0,0,9,0,9,0,0,12,25,1,9,12,25,1,9,0,0,0,0,2,0.37,0.0,0,0,9,0,9,11,11,16,0,0,VITOR BELFORT,CHUCK LIDDELL
0,1,0.32,0.39,0.0,0.5,0,0,1,0,296,161,2,41,4,56,36,111,63,159,46,123,105,202,0,7,1,2,-1,-0.06999999,-0.5,0,1,-135,-2,-15,-27,-59,-79,-1,5,SEAN SPENCER,ANTONIO RODRIGO NOGUEIRA
0,1,0.5,0.51,0.33,0.0,0,0,0,0,22,349,5,49,0,22,56,110,42,82,86,142,46,87,1,3,0,0,-1,-0.00999999,0.33,0,0,327,5,27,14,40,55,1,3,BEN ROTHWELL,PEDRO RIZZO
1,0,0.58,0.5,1.0,0.0,0,0,0,0,27,44,0,44,0,27,10,17,5,10,16,23,6,11,1,1,0,0,1,0.07999998,1.0,0,0,17,0,17,5,10,12,1,1,CHRIS LEBEN,MONTANA DE LA ROSA
0,1,0.29,0.51,0.0,0.0,0,0,0,0,6,0,0,0,0,6,7,24,14,27,7,24,14,27,0,0,0,0,-1,-0.22,0.0,0,0,-6,0,-6,-7,-7,-3,0,0,KELVIN GASTELUM,TIM BOETSCH
0,0,0.49,0.41,1.0,1.0,2,1,1,1,60,187,3,7,1,0,31,63,12,29,38,71,14,32,2,2,2,2,0,0.08000001,0.0,1,0,127,2,7,19,24,39,0,0,JUNIE BROWNING,DIN THOMAS
0,0,0.64,0.65,0.5,0.5,0,1,0,0,330,267,4,27,5,30,48,75,126,191,62,92,161,229,3,6,2,4,0,-0.00999999,0.0,-1,0,-63,-1,-3,-78,-99,-137,1,2,LUKE ROCKHOLD,NEIL MAGNY
0,1,0.45,0.67,0.16,0.0,0,0,0,1,262,336,5,36,4,22,41,91,107,159,60,113,140,199,2,12,0,1,-1,-0.22000003,0.16,0,-1,74,1,14,-66,-80,-86,2,11,ANGELA HILL,IGNACIO BAHAMONDES
0,0,0.43,0.51,1.0,0.2,0,1,0,0,212,220,3,40,3,32,60,139,81,158,71,151,91,169,1,1,1,5,0,-0.07999998,0.8,-1,0,8,0,8,-21,-20,-18,0,-4,RAFAEL DOS ANJOS,VIVIANE ARAUJO
0,0,0.23,0.29,0.0,0.33,0,0,0,0,41,28,0,28,0,41,44,187,48,161,44,187,49,166,0,1,1,3,0,-0.059999987,-0.33,0,0,-13,0,-13,-4,-5,21,-1,-2,SEAN STRICKLAND,SANTIAGO PONZINIBBIO
1,0,0.7,0.0,0.0,0.0,0,0,0,0,0,4,0,4,0,0,12,17,0,3,18,23,1,4,0,0,0,1,1,0.7,0.0,0,0,4,0,4,12,17,19,0,-1,CHRIS LYTLE,LYOTO MACHIDA
0,0,0.67,0.48,0.63,1.0,0,2,0,0,194,594,9,54,3,14,36,53,12,25,86,104,58,72,7,11,1,1,0,0.19000003,-0.37,-2,0,400,6,40,24,28,32,6,10,DAVID BIELKHEDEN,CARMELO MARRERO
0,1,0.52,0.33,0.0,0.0,0,0,0,0,249,11,0,11,4,9,93,177,75,224,103,188,96,246,0,4,0,0,-1,0.18999997,0.0,0,0,-238,-4,2,18,7,-58,0,4,RANDY BROWN,KETLEN VIEIRA
1,0,0.47,0.51,0.0,0.0,0,0,0,0,19,40,0,40,0,19,9,19,14,27,13,23,21,36,0,0,0,1,1,-0.03999999,0.0,0,0,21,0,21,-5,-8,-13,0,-1,TEDD WILLIAMS,MIKE PYLE
0,0,0.38,0.52,1.0,0.44,0,0,0,1,268,126,2,6,4,28,44,114,53,101,114,190,101,160,1,1,4,9,0,-0.13999999,0.56,0,-1,-142,-2,-22,-9,13,30,-3,-8,RAMAZAN EMEEV,EDUARDO GARAGORRI
1,0,0.37,0.35,0.75,0.0,0,2,1,1,11,570,9,30,0,11,22,58,28,78,28,68,65,116,6,8,0,0,1,0.02000001,0.75,-2,0,559,9,19,-6,-37,-48,6,8,D,ROB EMERSON
0,1,0.47,0.8,1.0,0.0,0,0,0,0,34,46,0,46,0,34,8,17,32,40,12,21,37,45,1,1,0,0,-1,-0.33,1.0,0,0,12,0,12,-24,-25,-24,1,1,ALAN JOUBAN,GLOVER TEIXEIRA
2,0,0.37,0.52,0.0,0.0,0,0,0,0,0,52,0,52,0,0,42,111,38,73,46,124,39,74,0,0,0,2,2,-0.14999998,0.0,0,0,52,0,52,4,7,50,0,-2,CEZAR FERREIRA,ADRIAN YANEZ
0,0,0.39,0.45,0.07,0.5,2,2,1,0,22,162,2,42,0,22,67,169,55,122,90,193,64,131,1,13,1,2,0,-0.060000002,-0.43,0,1,140,2,20,12,26,62,0,11,TIM ELLIOTT,KARL WILLIAMS
0,0,0.33,0.26,0.0,0.5,0,1,0,0,186,1,0,1,3,6,61,181,31,116,87,208,34,121,0,1,2,4,0,0.07000002,-0.5,-1,0,-185,-3,-5,30,53,87,-2,-3,IVAN MENJIVAR,RYAN LAFLARE
1,0,0.75,0.47,0.0,0.0,0,0,0,0,282,17,0,17,4,42,82,108,16,34,108,136,39,77,0,0,0,7,1,0.28,0.0,0,0,-265,-4,-25,66,69,59,0,-7,SHARA MAGOMEDOV,VIKTORIIA DUDAKOVA
1,0,0.54,0.38,0.0,0.66,0,2,0,0,165,127,2,7,2,45,19,35,7,18,24,40,11,24,0,0,2,3,1,0.16000003,-0.66,-2,0,-38,0,-38,12,13,16,-2,-3,CHAS SKELLY,ILDEMAR ALCANTARA
1,0,0.46,0.53,0.0,0.0,0,0,0,0,0,3,0,3,0,0,7,15,7,13,7,15,7,13,0,0,0,0,1,-0.06999996,0.0,0,0,3,0,3,0,0,2,0,0,ODE OSBOURNE,JUSTIN GAETHJE
1,0,0.6,0.34,0.0,0.0,0,0,0,0,68,199,3,19,1,8,37,61,17,49,47,72,60,95,0,1,0,6,1,0.26000002,0.0,0,0,131,2,11,20,-13,-23,0,-5,PAUL TAYLOR,ROY NELSON
1,0,0.42,0.55,0.0,0.0,0,0,0,0,0,1,0,1,0,0,30,71,32,58,30,71,32,58,0,2,0,0,1,-0.13000003,0.0,0,0,1,0,1,-2,-2,13,0,2,DIEGO FERREIRA,IKE VILLANUEVA
2,0,0.56,0.52,0.0,0.0,0,0,0,0,6,6,0,6,0,6,23,41,9,17,23,41,9,17,0,0,0,1,2,0.04000002,0.0,0,0,0,0,0,14,14,24,0,-1,KAI KARA-FRANCE,DOMINICK REYES
1,0,0.56,0.2,0.0,0.0,0,0,0,0,0,2,0,2,0,0,13,23,2,10,14,24,2,10,0,1,0,0,1,0.36,0.0,0,0,2,0,2,11,12,14,0,1,LUIGI VENDRAMINI,JAIRZINHO ROZENSTRUIK
0,0,0.32,0.44,0.14,0.25,0,0,0,0,136,161,2,41,2,16,71,218,34,76,105,259,38,80,1,7,2,8,0,-0.120000005,-0.11,0,0,25,0,25,37,67,179,-1,-1,NEIL MAGNY,CASEY O'NEILL
0,0,0.33,0.37,0.25,1.0,0,0,0,0,167,44,0,44,2,47,68,206,58,156,74,213,70,171,1,4,2,2,0,-0.03999999,-0.75,0,0,-123,-2,-3,10,4,42,-1,2,LAUREN MUELLER,OMAR MORALES
0,2,0.37,0.4,0.33,0.2,1,1,1,0,20,41,0,41,0,20,66,176,67,164,66,177,80,177,2,6,1,5,-2,-0.030000001,0.13000001,0,1,21,0,21,-1,-14,0,1,1,D,D
0,1,0.45,0.31,0.8,0.0,0,0,0,0,27,155,2,35,0,27,75,166,81,255,94,189,87,261,4,5,0,1,-1,0.13999999,0.8,0,0,128,2,8,-6,7,-72,4,4,ALEX MORONO,D
0,1,0.46,0.4,1.0,0.0,0,2,1,0,59,286,4,46,0,59,36,77,8,20,91,144,20,34,1,1,0,0,-1,0.060000002,1.0,-2,1,227,4,-13,28,71,110,1,1,MICHAEL BISPING,BRIAN FOSTER
0,1,0.5,0.54,0.5,0.33,0,2,1,1,67,554,9,14,1,7,35,69,37,68,68,117,55,93,1,2,1,3,-1,-0.04000002,0.16999999,-2,0,487,8,7,-2,13,24,0,-1,RONALDO RODRIGUEZ,CHARLES OLIVEIRA
1,0,0.36,0.21,0.0,0.0,1,0,0,0,0,27,0,27,0,0,12,33,5,23,12,33,5,23,0,0,0,0,1,0.15000002,0.0,1,0,27,0,27,7,7,10,0,0,JOE LAUZON,MACKENZIE DERN
0,0,0.67,0.37,0.0,1.0,0,0,0,0,163,0,0,0,2,43,29,43,3,8,67,82,6,11,0,0,1,1,0,0.3,-1.0,0,0,-163,-2,-43,26,61,71,-1,-1,JASON DAY,EVAN TANNER
0,0,0.52,0.4,0.0,0.0,2,0,0,0,139,39,0,39,2,19,29,55,20,49,36,62,22,51,0,0,0,5,0,0.119999975,0.0,2,0,-100,-2,20,9,14,11,0,-5,YANCY MEDEIROS,WILLIAM GOMIS
0,0,0.48,0.41,0.5,0.0,0,0,0,0,0,309,5,9,0,0,44,90,5,12,80,144,29,38,2,4,0,0,0,0.06999999,0.5,0,0,309,5,9,39,51,106,2,4,GRANT DAWSON,CHEICK KONGO
0,0,0.6,0.49,0.16,0.5,2,1,2,1,279,260,4,20,4,39,43,71,47,95,85,119,74,123,1,6,2,4,0,0.110000014,-0.34,1,1,-19,0,-19,-4,11,-4,-1,2,GLOVER TEIXEIRA,JULIA AVILA
0,0,0.47,0.63,0.0,0.0,0,1,0,0,223,72,1,12,3,43,69,145,113,179,69,145,120,186,0,0,0,4,0,-0.16,0.0,-1,0,-151,-2,-31,-44,-51,-41,0,-4,SHAVKAT RAKHMONOV,ALEX MORONO
0,0,0.28,0.33,0.66,0.57,2,1,0,0,59,147,2,27,0,59,54,187,68,206,62,199,71,209,4,6,4,7,0,-0.050000012,0.09000003,1,0,88,2,-32,-14,-9,-10,0,-1,RYAN LAFLARE,ANGELA HILL
0,0,0.36,0.34,1.0,0.0,0,0,0,0,0,50,0,50,0,0,65,178,26,75,70,184,32,82,1,1,0,0,0,0.02000001,1.0,0,0,50,0,50,39,38,102,1,1,HOLLY HOLM,GREG HARDY
0,0,0.0,0.35,0.0,1.0,1,0,0,0,0,0,0,0,0,0,0,2,5,14,5,7,5,14,0,1,1,1,0,-0.35,-1.0,1,0,0,0,0,-5,0,-7,-1,0,OLEG TAKTAROV,ROYCE GRACIE
0,0,0.3,0.4,0.11,0.0,0,0,0,0,5,189,3,9,0,5,26,84,47,117,46,120,51,121,1,9,0,0,0,-0.099999994,0.11,0,0,184,3,4,-21,-5,-1,1,9,RUSLAN MAGOMEDOV,RUSTAM KHABILOV
0,0,0.54,0.25,0.0,0.0,0,0,0,0,20,306,5,6,0,20,58,107,36,141,142,211,45,154,0,1,0,2,0,0.29000002,0.0,0,0,286,5,-14,22,97,57,0,-1,MARTIN BUDAY,YVES JABOUIN
0,1,0.75,0.81,0.66,0.0,0,0,0,1,38,151,2,31,0,38,9,12,30,37,12,16,33,41,2,3,0,0,-1,-0.060000002,0.66,0,-1,113,2,-7,-21,-21,-25,2,3,ROB FONT,MIKE RODRIGUEZ
0,0,0.45,0.46,0.0,0.78,0,0,2,1,574,178,2,58,9,34,27,60,14,30,52,96,35,60,0,0,11,14,0,-0.01000002,-0.78,0,1,-396,-7,24,13,17,36,-11,-14,ANDRE MUNIZ,NICK MAXIMOV
1,0,0.65,0.48,0.66,0.0,0,0,0,0,26,27,0,27,0,26,60,91,36,75,63,95,36,77,2,3,0,0,1,0.16999999,0.66,0,0,1,0,1,24,27,18,2,3,LUDOVIT KLEIN,NC
0,0,0.36,0.4,0.0,0.16,0,0,0,0,136,40,0,40,2,16,68,184,59,146,95,215,64,152,0,0,1,6,0,-0.03999999,-0.16,0,0,-96,-2,24,9,31,63,-1,-6,JAKE MATTHEWS,ANDRE WINNER
0,0,0.41,0.46,0.0,0.11,0,0,0,1,18,48,0,48,0,18,123,299,81,176,124,301,85,180,0,0,1,9,0,-0.050000012,-0.11,0,-1,30,0,30,42,39,121,-1,-9,ANDRE EWELL,MAX HOLLOWAY
2,0,0.57,0.32,0.0,0.0,0,0,0,0,0,11,0,11,0,0,22,38,10,31,22,38,10,31,0,0,0,0,2,0.25,0.0,0,0,11,0,11,12,12,7,0,0,DUSTIN JACOBY,MAGOMED ANKALAEV
0,0,0.62,0.42,1.0,0.0,5,0,1,1,5,116,1,56,0,5,5,8,3,7,39,45,5,9,1,1,0,0,0,0.20000002,1.0,5,0,111,1,51,2,34,36,1,1,CHRIS LYTLE,MATT ARROYO
0,0,0.36,0.5,0.6,0.0,0,0,0,0,10,324,5,24,0,10,27,75,30,60,33,82,33,64,3,5,0,2,0,-0.13999999,0.6,0,0,314,5,14,-3,0,18,3,3,VITOR PETRINO,JHONATA DINIZ
2,0,0.4,0.07,0.0,0.0,0,0,0,0,0,6,0,6,0,0,17,42,1,13,17,42,1,13,0,0,0,0,2,0.33,0.0,0,0,6,0,6,16,16,29,0,0,MELVIN GUILLARD,DEVONTE SMITH
0,1,0.51,0.62,0.0,0.0,0,0,0,0,1,0,0,0,0,1,27,52,41,66,27,52,41,66,0,0,0,0,-1,-0.110000014,0.0,0,0,-1,0,-1,-14,-14,-14,0,0,JUSTIN GAETHJE,LESLIE SMITH
0,0,0.29,0.25,0.5,1.0,0,0,0,0,32,116,1,56,0,32,59,198,38,151,69,210,43,156,3,6,1,1,0,0.03999999,-0.5,0,0,84,1,24,21,26,54,2,5,ROSS PEARSON,SANTIAGO PONZINIBBIO
0,0,0.46,0.41,0.6,0.62,1,1,2,2,391,314,5,14,6,31,29,63,42,102,43,78,66,135,3,5,5,8,0,0.050000012,-0.01999998,0,0,-77,-1,-17,-13,-23,-57,-2,-3,ANDRE FILI,ELIJAH SMITH
0,0,0.39,0.44,1.0,0.0,1,0,0,1,19,41,0,41,0,19,35,88,33,75,39,94,33,76,1,1,0,0,0,-0.050000012,1.0,1,-1,22,0,22,2,6,18,1,1,JULIAN EROSA,BILL ALGEO
0,1,0.62,0.63,0.0,0.0,0,0,0,0,3,0,0,0,0,3,5,8,7,11,5,8,7,11,0,0,0,0,-1,-0.00999999,0.0,0,0,-3,0,-3,-2,-2,-3,0,0,KJ NOONS,SANTIAGO PONZINIBBIO
1,0,0.5,0.44,0.0,0.66,1,0,0,0,121,0,0,0,2,1,8,16,13,29,8,16,13,30,0,0,2,3,1,0.060000002,-0.66,1,0,-121,-2,-1,-5,-5,-14,-2,-3,LERONE MURPHY,DALE HARTT
0,0,0.29,0.45,0.0,0.5,0,0,0,0,246,1,0,1,4,6,47,162,56,124,65,182,88,165,0,0,6,12,0,-0.16,-0.5,0,0,-245,-4,-5,-9,-23,17,-6,-12,MICHAEL BISPING,SERHIY SIDEY
0,0,0.28,0.44,1.0,0.41,0,1,0,0,539,190,3,10,8,59,4,14,13,29,39,56,105,122,1,1,5,12,0,-0.16,0.59000003,-1,0,-349,-5,-49,-9,-66,-66,-4,-11,RANI YAHYA,HACRAN DIAS
0,0,0.42,0.39,0.5,0.27,0,1,0,0,384,152,2,32,6,24,20,47,20,51,51,81,23,54,1,2,3,11,0,0.030000001,0.22999999,-1,0,-232,-4,8,0,28,27,-2,-9,KAJAN JOHNSON,JOEY BELTRAN
0,0,0.48,0.27,0.66,0.2,0,3,0,0,227,327,5,27,3,47,66,136,16,59,138,230,21,68,2,3,1,5,0,0.20999998,0.46000004,-3,0,100,2,-20,50,117,162,1,-2,LUANA CAROLINA,NEIL MAGNY
0,0,0.36,0.47,0.0,0.0,0,0,0,0,0,0,0,0,0,0,51,139,59,125,52,140,59,125,0,3,0,0,0,-0.109999985,0.0,0,0,0,0,0,-8,-7,15,0,3,MARK HUNT,FRANCISCO TRINALDO
0,0,0.35,0.62,0.0,0.0,0,1,0,0,0,103,1,43,0,0,7,20,10,16,11,25,17,23,0,0,0,1,0,-0.27,0.0,-1,0,103,1,43,-3,-6,2,0,-1,IGNACIO BAHAMONDES,RONDA ROUSEY
1,0,0.52,0.34,0.0,0.0,0,0,0,0,0,13,0,13,0,0,41,78,28,82,41,78,28,82,0,0,0,1,1,0.17999998,0.0,0,0,13,0,13,13,13,-4,0,-1,LUIZ CANE,JOAQUIM SILVA
0,0,0.44,0.36,0.0,0.57,0,0,0,0,134,149,2,29,2,14,71,160,56,152,96,187,66,171,0,4,4,7,0,0.07999998,-0.57,0,0,15,0,15,15,30,16,-4,-3,VINC PICHEL,NC
1,0,0.8,0.8,0.0,0.0,0,0,0,0,6,8,0,8,0,6,12,15,4,5,14,17,4,6,0,0,0,0,1,0.0,0.0,0,0,2,0,2,8,10,11,0,0,KEN SHAMROCK,WANDERLEI SILVA
0,0,0.34,0.54,0.0,0.0,0,0,0,0,0,3,0,3,0,0,62,178,89,164,62,178,89,164,0,3,0,0,0,-0.20000002,0.0,0,0,3,0,3,-27,-27,14,0,3,JAVID BASHARAT,BLAGOY IVANOV
2,1,0.4,0.24,0.0,0.0,0,1,0,0,40,481,8,1,0,40,53,131,40,162,124,225,56,189,0,0,0,0,1,0.16000001,0.0,-1,0,441,8,-39,13,68,36,0,0,NATE QUARRY,IAN LOVELAND
0,2,0.5,0.61,0.42,0.0,0,0,0,0,9,77,1,17,0,9,23,46,34,55,24,48,35,56,3,7,0,0,-2,-0.110000014,0.42,0,0,68,1,8,-11,-11,-8,3,7,JEAN SILVA,MIKE PERRY
0,0,0.39,0.27,0.33,0.0,3,0,0,0,11,323,5,23,0,11,40,102,48,176,69,132,53,181,3,9,0,1,0,0.119999975,0.33,3,0,312,5,12,-8,16,-49,3,8,RICH CLEMENTI,EDIMILSON SOUZA
0,0,0.4,0.52,0.5,0.33,0,1,0,0,423,85,1,25,7,3,41,101,24,46,60,126,64,100,2,4,2,6,0,-0.119999975,0.16999999,-1,0,-338,-6,22,17,-4,26,0,-2,VIVIANE ARAUJO,BRYAN BATTLE
0,0,0.5,0.18,1.0,0.0,1,0,0,0,0,0,0,0,0,0,29,58,4,22,180,222,110,128,1,1,0,2,0,0.32,1.0,1,0,0,0,0,25,70,94,1,-1,D,RANDY COUTURE
0,0,0.37,0.23,0.62,0.0,0,0,0,0,0,692,11,32,0,0,62,165,8,34,205,330,22,51,5,8,0,0,0,0.14,0.62,0,0,692,11,32,54,183,279,5,8,MERAB DVALISHVILI,JOHN HATHAWAY
0,2,0.47,0.38,0.0,0.0,0,0,0,0,69,153,2,33,1,9,84,176,51,133,94,186,61,144,0,5,0,1,-2,0.09,0.0,0,0,84,1,24,33,33,42,0,4,ELIZEU ZALESKI DOS SANTOS,D
0,1,0.63,0.51,0.33,0.0,0,0,0,0,119,339,5,39,1,59,62,98,21,41,96,136,33,55,1,3,0,0,-1,0.120000005,0.33,0,0,220,4,-20,41,63,81,1,3,JAKE MATTHEWS,D
0,0,0.26,0.53,0.33,0.45,4,0,0,0,314,224,3,44,5,14,12,45,55,103,21,55,82,132,2,6,5,11,0,-0.26999998,-0.119999975,4,0,-90,-2,30,-43,-61,-77,-3,-5,DANNY CASTILLO,MATT SAYLES
1,0,0.5,0.5,0.0,0.0,1,0,0,0,0,15,0,15,0,0,2,4,3,6,3,5,3,6,0,0,0,0,1,0.0,0.0,1,0,15,0,15,-1,0,-1,0,0,MICKEY GALL,TYSON NAM
0,0,0.6,0.46,0.33,1.0,0,1,2,0,130,581,9,41,2,10,48,79,34,73,171,218,37,78,2,6,2,2,0,0.14000002,-0.66999996,-1,2,451,7,31,14,134,140,0,4,JARED GORDON,HEATH HERRING
0,0,0.57,0.45,0.57,1.0,0,0,0,1,134,322,5,22,2,14,50,87,32,71,75,115,50,99,4,7,1,1,0,0.120000005,-0.43,0,-1,188,3,8,18,25,16,3,6,ILDEMAR ALCANTARA,AMANDA NUNES
0,0,0.56,0.27,1.0,0.0,0,1,0,0,0,602,10,2,0,0,36,64,17,62,64,97,29,75,6,6,0,0,0,0.29,1.0,-1,0,602,10,2,19,35,22,6,6,NORDINE TALEB,LUIS HENRIQUE
1,0,0.42,0.3,0.0,0.0,0,0,0,0,0,3,0,3,0,0,9,21,3,10,9,21,3,10,0,0,0,0,1,0.119999975,0.0,0,0,3,0,3,6,6,11,0,0,VICENTE LUQUE,DEREK BRUNSON
0,0,0.12,0.45,0.0,0.0,0,0,0,0,1,13,0,13,0,1,24,189,142,311,24,190,145,314,0,5,0,1,0,-0.32999998,0.0,0,0,12,0,12,-118,-121,-124,0,4,VAUGHAN LEE,JESSICA ANDRADE
0,0,0.57,0.35,0.6,0.0,0,0,0,0,76,534,8,54,1,16,33,57,14,39,94,123,35,62,6,10,0,0,0,0.22,0.6,0,0,458,7,38,19,59,61,6,10,CAT ZINGANO,CARLA ESPARZA
0,0,0.27,0.48,0.0,0.0,0,0,0,0,43,0,0,0,0,43,31,113,41,85,33,115,53,98,0,2,0,1,0,-0.20999998,0.0,0,0,-43,0,-43,-10,-20,17,0,1,MATHEUS NICOLAU,DESMOND GREEN
1,0,0.4,1.0,0.0,0.0,1,0,0,0,0,13,0,13,0,0,2,5,3,3,2,5,3,3,0,0,0,0,1,-0.6,0.0,1,0,13,0,13,-1,-1,2,0,0,DANNY HENRY,CORY SANDHAGEN
0,0,0.43,0.31,1.0,0.0,0,0,0,0,3,158,2,38,0,3,31,71,18,58,53,96,23,63,1,1,0,1,0,0.120000005,1.0,0,0,155,2,35,13,30,33,1,0,MATT HAMILL,VALENTINA SHEVCHENKO
0,1,0.2,0.45,0.5,0.0,0,0,0,0,355,6,0,6,5,55,26,126,48,106,44,156,64,127,1,2,0,3,-1,-0.24999999,0.5,0,0,-349,-5,-49,-22,-20,29,1,-1,MONTEL JACKSON,DIEGO NUNES
0,0,0.66,0.18,1.0,0.0,1,0,0,0,5,20,0,20,0,5,4,6,2,11,4,6,10,19,1,1,0,0,0,0.48000002,1.0,1,0,15,0,15,2,-6,-13,1,1,RICARDO ALMEIDA,MATT SCHNELL
1,0,0.52,0.03,0.0,0.0,0,0,0,0,0,7,0,7,0,0,20,38,1,28,21,39,1,28,0,0,0,0,1,0.48999998,0.0,0,0,7,0,7,19,20,11,0,0,THIAGO SANTOS,ROLANDO DELGADO
0,1,0.27,0.55,0.0,0.0,0,0,0,0,13,0,0,0,0,13,5,18,16,29,5,18,16,29,0,0,0,0,-1,-0.28,0.0,0,0,-13,0,-13,-11,-11,-11,0,0,RYAN SPANN,TIM BOETSCH
0,0,0.47,0.42,0.33,0.18,0,0,0,0,172,312,5,12,2,52,26,55,40,95,50,82,90,149,1,3,2,11,0,0.050000012,0.15,0,0,140,3,-40,-14,-40,-67,-1,-8,DEVIN CLARK,RAFAEL NATAL
0,0,0.72,0.5,1.0,0.0,0,0,0,0,0,12,0,12,0,0,13,18,1,2,13,18,1,2,1,1,0,0,0,0.22000003,1.0,0,0,12,0,12,12,12,16,1,1,ROGER HUERTA,VITOR BELFORT
0,0,0.41,0.33,1.0,0.0,0,0,0,0,0,147,2,27,0,0,33,79,1,3,60,115,1,3,1,1,0,0,0,0.07999998,1.0,0,0,147,2,27,32,59,112,1,1,SHELDON WESTCOTT,CAIN VELASQUEZ
0,0,0.46,0.57,0.11,0.0,0,0,0,1,206,206,3,26,3,26,75,160,232,402,108,196,248,419,2,17,0,0,0,-0.109999985,0.11,0,-1,0,0,0,-157,-140,-223,2,17,JAMAHAL HILL,NICK DIAZ
0,1,0.33,0.42,0.0,0.0,0,0,0,0,103,0,0,0,1,43,81,239,90,214,81,239,103,228,0,4,0,0,-1,-0.089999974,0.0,0,0,-103,-1,-43,-9,-22,11,0,4,MIKE PERRY,JACK MARSHMAN
1,0,0.82,0.71,0.0,0.28,1,0,0,0,193,50,0,50,3,13,14,17,5,7,19,23,9,11,0,0,2,7,1,0.110000014,-0.28,1,0,-143,-3,37,9,10,12,-2,-7,CHIDI NJOKUANI,DERRICK LEWIS
0,0,0.34,0.48,0.54,0.0,1,0,0,2,19,333,5,33,0,19,12,35,12,25,55,83,27,42,6,11,0,0,0,-0.13999999,0.54,1,-2,314,5,14,0,28,41,6,11,JONATHAN PEARCE,CLAUDIO SILVA
0,0,0.39,0.44,0.06,1.0,0,1,0,1,196,174,2,54,3,16,35,88,37,83,51,104,62,108,1,15,1,1,0,-0.050000012,-0.94,-1,-1,-22,-1,38,-2,-11,-4,0,14,JAMES HEAD,JOSE QUINONEZ
2,0,0.76,0.28,0.0,0.0,0,0,0,0,71,3,0,3,1,11,38,50,7,25,49,61,7,25,0,0,0,0,2,0.48,0.0,0,0,-68,-1,-8,31,42,36,0,0,ALEX PEREIRA,ANDERSON SILVA
2,0,0.61,0.25,0.0,0.0,0,0,0,0,0,9,0,9,0,0,11,18,1,4,11,18,1,4,0,0,0,0,2,0.36,0.0,0,0,9,0,9,10,10,14,0,0,WANDERLEI SILVA,CHRIS DAUKAUS
1,0,0.63,0.52,0.0,0.0,0,0,0,0,0,5,0,5,0,0,14,22,12,23,17,25,12,23,0,0,0,0,1,0.110000014,0.0,0,0,5,0,5,2,5,2,0,0,LYMAN GOOD,ALEX CACERES
0,0,0.19,0.47,0.16,0.5,0,0,0,1,172,512,8,32,2,52,11,57,31,65,26,75,63,104,1,6,1,2,0,-0.28,-0.34,0,-1,340,6,-20,-20,-37,-29,0,4,MILES JOHNS,JACOB VOLKMANN
0,1,0.44,0.51,0.0,0.0,0,0,0,0,3,3,0,3,0,3,80,180,98,191,80,180,98,191,0,0,0,0,-1,-0.06999999,0.0,0,0,0,0,0,-18,-18,-11,0,0,EDSON BARBOZA,KHALIL ROUNTREE JR.
1,0,0.36,0.4,0.0,0.0,0,0,0,0,0,10,0,10,0,0,29,79,17,42,30,80,17,42,0,0,0,0,1,-0.03999999,0.0,0,0,10,0,10,12,13,38,0,0,WALT HARRIS,FORREST GRIFFIN
0,0,0.63,0.44,0.37,0.14,0,0,0,0,124,215,3,35,2,4,89,141,89,201,117,171,109,223,3,8,1,7,0,0.19,0.23,0,0,91,1,31,0,8,-52,2,1,JEAN MATSUMOTO,IAN MACHADO GARRY
0,1,0.33,0.61,0.0,0.0,0,0,0,0,3,0,0,0,0,3,3,9,8,13,3,9,8,14,0,0,0,0,-1,-0.28,0.0,0,0,-3,0,-3,-5,-5,-5,0,0,FRANCIS NGANNOU,ARMAN TSARUKYAN
1,0,0.45,0.53,1.0,0.0,1,0,0,0,0,261,4,21,0,0,20,44,8,15,34,60,32,45,1,1,0,0,1,-0.07999998,1.0,1,0,261,4,21,12,2,15,1,1,CHRIS WEIDMAN,CLAYTON CARPENTER
0,0,0.66,0.75,0.5,0.0,2,0,0,0,0,132,2,12,0,0,2,3,3,4,4,5,3,4,1,2,0,0,0,-0.089999974,0.5,2,0,132,2,12,-1,1,1,1,2,JOSE QUINONEZ,PAUL VARELANS
0,0,0.66,0.37,0.0,0.0,0,1,0,0,3,24,0,24,0,3,30,45,31,82,30,45,31,82,0,0,0,0,0,0.29000002,0.0,-1,0,21,0,21,-1,-1,-37,0,0,STEFAN STRUVE,BEN ROTHWELL
0,0,0.71,0.5,0.66,0.0,1,0,0,0,12,211,3,31,0,12,20,28,13,26,44,58,23,36,2,3,0,0,0,0.20999998,0.66,1,0,199,3,19,7,21,22,2,3,JESSICA ANDRADE,GUNNAR NELSON
0,0,0.6,0.0,0.0,0.5,1,0,0,0,72,0,0,0,1,12,9,15,0,0,11,18,4,10,0,0,1,2,0,0.6,-0.5,1,0,-72,-1,-12,9,7,8,-1,-2,MAURICE GREENE,DAVID ABBOTT
1,0,0.43,0.37,0.0,0.0,0,0,0,0,5,1,0,1,0,5,16,37,9,24,16,37,9,24,0,0,0,0,1,0.060000002,0.0,0,0,-4,0,-4,7,7,13,0,0,FRANK MIR,CHUCK LIDDELL
0,1,0.68,0.61,0.5,0.0,1,1,1,0,109,91,1,31,1,49,13,19,13,21,19,25,25,33,1,2,0,0,-1,0.06999999,0.5,0,1,-18,0,-18,0,-6,-8,1,2,MATT HUGHES,DONALD CERRONE
1,0,0.38,0.39,0.25,0.27,0,0,0,0,102,47,0,47,1,42,72,187,46,116,80,196,52,124,1,4,3,11,1,-0.00999999,-0.02000001,0,0,-55,-1,5,26,28,72,-2,-7,KYLER PHILLIPS,SAM STOUT
0,0,0.65,0.41,0.16,0.33,0,0,0,0,122,22,0,22,2,2,99,151,65,157,112,164,77,171,1,6,1,3,0,0.23999998,-0.17000002,0,0,-100,-2,20,34,35,-7,0,3,LOMA LOOKBOONMEE,NAZIM SADYKHOV
1,0,0.5,0.29,0.0,0.5,0,1,0,0,25,3,0,3,0,25,18,36,7,24,18,36,7,24,0,0,1,2,1,0.21000001,-0.5,-1,0,-22,0,-22,11,11,12,-1,-2,JACK DELLA MADDALENA,DAVID TEYMUR
0,0,0.7,0.47,0.33,0.0,1,0,0,0,0,534,8,54,0,0,36,51,11,23,105,132,13,26,3,9,0,0,0,0.22999999,0.33,1,0,534,8,54,25,92,106,3,9,MIRANDA MAVERICK,SUYOUNG YOU
0,0,0.5,0.61,0.37,0.5,0,2,1,0,143,194,3,14,2,23,4,8,27,44,8,12,60,79,3,8,1,2,0,-0.110000014,-0.13,-2,1,51,1,-9,-23,-52,-67,2,6,NIKITA KRYLOV,STEVIE RAY
0,0,0.41,0.11,0.0,0.06,0,1,0,0,471,72,1,12,7,51,20,48,4,35,164,192,17,56,0,0,1,15,0,0.3,-0.06,-1,0,-399,-6,-39,16,147,136,-1,-15,VAUGHAN LEE,JOSH CULIBAO
1,0,0.6,0.61,0.33,0.0,0,0,0,0,431,792,13,12,7,11,126,210,66,108,247,340,94,142,3,9,0,0,1,-0.00999999,0.33,0,0,361,6,1,60,153,198,3,9,MACKENZIE DERN,VALENTINA SHEVCHENKO
1,0,0.51,0.4,0.0,0.0,0,0,0,0,0,1,0,1,0,0,19,37,2,5,19,37,2,5,0,0,0,0,1,0.109999985,0.0,0,0,1,0,1,17,17,32,0,0,ATEBA GAUTIER,KYLE NOKE
0,1,0.5,0.5,0.0,0.0,0,0,0,0,4,0,0,0,0,4,1,2,4,8,1,2,4,8,0,0,0,0,-1,0.0,0.0,0,0,-4,0,-4,-3,-3,-6,0,0,JOHNNY WALKER,WALT HARRIS
0,0,0.28,0.57,0.0,0.0,0,0,0,0,164,169,2,49,2,44,24,84,101,176,36,97,129,206,0,0,0,7,0,-0.29,0.0,0,0,5,0,5,-77,-93,-109,0,-7,ALJAMAIN STERLING,DUSKO TODOROVIC
1,0,0.46,0.3,0.0,0.0,0,0,0,0,10,12,0,12,0,10,12,26,7,23,12,26,7,23,0,1,0,0,1,0.16,0.0,0,0,2,0,2,5,5,3,0,1,DEVIN POWELL,MARCOS ROGERIO DE LIMA
0,0,0.26,0.32,0.25,0.0,0,0,0,0,7,342,5,42,0,7,38,143,45,139,87,200,67,162,1,4,0,1,0,-0.060000002,0.25,0,0,335,5,35,-7,20,38,1,3,KATLYN CERMINARA,GEORGE SOTIROPOULOS
1,0,0.49,0.34,1.0,0.25,2,1,1,0,385,25,0,25,6,25,54,109,31,91,68,124,74,137,1,1,3,12,1,0.15,0.75,1,1,-360,-6,0,23,-6,-13,-2,-11,TAE HYUN BANG,D
0,1,0.38,0.3,0.43,0.0,1,0,0,0,67,528,8,48,1,7,27,70,38,125,59,104,47,134,7,16,0,0,-1,0.07999998,0.43,1,0,461,7,41,-11,12,-30,7,16,JOANNA JEDRZEJCZYK,WILSON REIS
0,0,0.29,0.45,0.0,0.5,0,0,0,0,272,0,0,0,4,32,43,146,55,122,55,158,73,143,0,0,5,10,0,-0.16,-0.5,0,0,-272,-4,-32,-12,-18,15,-5,-10,ENRIQUE BARZOLA,SERHIY SIDEY
1,0,0.65,0.22,0.0,0.0,0,0,0,0,0,12,0,12,0,0,26,40,2,9,30,44,3,10,0,0,0,0,1,0.42999998,0.0,0,0,12,0,12,24,27,34,0,0,CRISTIANE JUSTINO,COREY ANDERSON
0,0,0.52,0.5,0.0,0.4,0,0,0,0,603,0,0,0,10,3,47,89,82,164,49,91,214,310,0,0,6,15,0,0.01999998,-0.4,0,0,-603,-10,-3,-35,-165,-219,-6,-15,MERAB DVALISHVILI,SEAN BRADY
0,0,0.61,0.2,1.0,0.0,0,0,0,0,0,125,2,5,0,0,8,13,2,10,16,25,5,13,2,2,0,0,0,0.41000003,1.0,0,0,125,2,5,6,11,12,2,2,CHE MILLS,MATT HUGHES
0,1,0.72,0.47,0.41,0.0,0,1,0,0,52,257,4,17,0,52,42,58,65,138,67,85,80,154,5,12,0,0,-1,0.25000003,0.41,-1,0,205,4,-35,-23,-13,-69,5,12,DAVEY GRANT,MARCOS ROGERIO DE LIMA
1,0,0.58,0.43,0.0,0.0,0,1,1,0,101,182,3,2,1,41,118,202,50,114,129,213,63,127,0,1,0,1,1,0.14999998,0.0,-1,1,81,2,-39,68,66,86,0,0,MARINA RODRIGUEZ,JORGE MASVIDAL
0,0,0.42,0.28,1.0,0.0,1,0,0,0,0,0,0,0,0,0,3,7,2,7,10,14,9,16,1,1,0,0,0,0.13999999,1.0,1,0,0,0,0,1,1,-2,1,1,PETE WILLIAMS,DAN SEVERN
0,1,0.09,0.58,0.0,0.0,0,0,0,0,27,0,0,0,0,27,1,11,28,48,1,11,29,49,0,0,0,1,-1,-0.48999998,0.0,0,0,-27,0,-27,-27,-28,-38,0,-1,JACARE SOUZA,AMANDA LEMOS
1,0,0.68,0.57,0.0,0.0,0,0,0,0,0,3,0,3,0,0,13,19,4,7,13,19,4,7,0,0,0,0,1,0.110000014,0.0,0,0,3,0,3,9,9,12,0,0,DEVONTE SMITH,RINYA NAKAMURA
0,0,0.5,0.28,0.44,0.0,2,0,0,1,58,431,7,11,0,58,28,55,28,99,129,170,48,121,4,9,0,0,0,0.22,0.44,2,-1,373,7,-47,0,81,49,4,9,YUSHIN OKAMI,RONDA ROUSEY
0,1,0.43,0.33,0.33,0.0,0,0,0,0,6,268,4,28,0,6,49,112,52,155,59,122,52,155,4,12,0,0,-1,0.099999994,0.33,0,0,262,4,22,-3,7,-33,4,12,CATHAL PENDRED,EDDIE WINELAND
1,0,0.62,0.32,0.57,0.0,0,0,0,0,129,331,5,31,2,9,54,87,16,49,123,168,30,64,4,7,0,2,1,0.3,0.57,0,0,202,3,22,38,93,104,4,5,RAFAEL NATAL,RAONI BARCELOS
1,0,0.6,0.5,0.5,0.12,0,1,1,1,290,424,7,4,4,50,29,48,35,70,61,85,74,110,4,8,1,8,1,0.100000024,0.38,-1,0,134,3,-46,-6,-13,-25,3,0,JORGE RIVERA,HANS STRINGER
1,0,0.54,0.5,0.0,0.0,0,0,0,0,0,77,1,17,0,0,18,33,7,14,28,47,13,20,0,0,0,0,1,0.04000002,0.0,0,0,77,1,17,11,15,27,0,0,BRIAN STANN,ANDRE FILI
0,0,0.6,0.36,0.0,1.0,4,0,0,0,56,0,0,0,0,56,3,5,4,11,3,5,8,17,0,0,1,1,0,0.24000001,-1.0,4,0,-56,0,-56,-1,-5,-12,-1,-1,JAQUELINE AMORIM,HERBERT BURNS
0,0,0.49,0.34,0.0,0.42,1,1,1,0,78,172,2,52,1,18,72,146,36,105,78,152,57,129,0,3,3,7,0,0.15,-0.42,0,1,94,1,34,36,21,23,-3,-4,ELIZEU ZALESKI DOS SANTOS,ANTHONY ROCCO MARTIN
0,0,0.59,0.47,0.3,0.0,0,0,0,0,0,547,9,7,0,0,35,59,17,36,124,161,23,43,4,13,0,0,0,0.119999975,0.3,0,0,547,9,7,18,101,118,4,13,VIKTOR PESTA,COURT MCGEE
0,0,0.49,0.38,0.25,0.0,0,1,0,0,159,359,5,59,2,39,55,112,38,98,107,165,75,140,1,4,0,3,0,0.110000014,0.25,-1,0,200,3,20,17,32,25,1,1,DAN HARDY,DAN HOOKER
0,1,0.35,0.52,0.0,0.0,0,0,0,0,0,0,0,0,0,0,18,51,47,89,19,52,47,89,0,0,0,0,-1,-0.16999999,0.0,0,0,0,0,0,-29,-28,-37,0,0,JAKE MATTHEWS,ALEXANDER HERNANDEZ
0,0,0.57,0.31,0.0,0.33,0,1,0,0,67,0,0,0,1,7,58,101,17,54,59,102,17,55,0,0,2,6,0,0.26,-0.33,-1,0,-67,-1,-7,41,42,47,-2,-6,AUSTIN HUBBARD,MARTIN BRAVO
1,0,0.49,0.6,0.0,0.4,0,0,1,0,275,67,1,7,4,35,49,100,63,104,58,111,104,151,0,1,4,10,1,-0.110000014,-0.4,0,1,-208,-3,-28,-14,-46,-40,-4,-9,ANTHONY SMITH,ANDREI ARLOVSKI
0,1,0.34,0.48,0.42,0.5,0,0,0,0,168,211,3,31,2,48,23,67,84,173,41,94,113,206,3,7,1,2,-1,-0.13999999,-0.08000001,0,0,43,1,-17,-61,-72,-112,2,5,SEAN STRICKLAND,AMANDA RIBAS
0,0,0.39,0.34,0.0,0.0,0,0,0,0,0,0,0,0,0,0,100,251,43,125,100,251,43,125,0,6,0,0,0,0.049999982,0.0,0,0,0,0,0,57,57,126,0,6,JACK HERMANSSON,MICHAEL BISPING
1,0,0.52,0.43,0.0,0.0,0,0,0,0,5,19,0,19,0,5,25,48,19,44,26,49,21,46,0,2,0,1,1,0.089999974,0.0,0,0,14,0,14,6,5,3,0,1,MUSLIM SALIKHOV,PAIGE VANZANT
0,1,0.31,0.47,0.0,0.0,0,0,0,0,150,23,0,23,2,30,37,116,98,207,38,117,104,213,0,3,0,1,-1,-0.16,0.0,0,0,-127,-2,-7,-61,-66,-96,0,2,DAN HOOKER,VINICIUS OLIVEIRA
0,0,0.53,0.32,0.0,0.28,0,0,2,0,415,36,0,36,6,55,96,181,58,176,122,208,91,211,0,0,4,14,0,0.20999998,-0.28,0,2,-379,-6,-19,38,31,-3,-4,-14,ISRAEL ADESANYA,NICK OSIPCZAK
0,0,0.55,0.2,0.5,0.0,2,0,0,0,17,731,12,11,0,17,22,40,2,10,76,104,4,12,3,6,0,0,0,0.35000002,0.5,2,0,714,12,-6,20,72,92,3,6,DONG HYUN KIM,CLAUDIO PUELLES
0,0,0.52,0.5,0.71,0.0,0,0,0,0,28,347,5,47,0,28,103,196,76,152,113,209,121,201,5,7,0,2,0,0.01999998,0.71,0,0,319,5,19,27,-8,8,5,5,JAMALL EMMERS,GAVIN TUCKER
0,0,0.55,0.72,1.0,0.2,2,2,1,0,100,408,6,48,1,40,16,29,8,11,71,91,19,22,1,1,1,5,0,-0.17000002,0.8,0,1,308,5,8,8,52,69,0,-4,KURT PELLEGRINO,JULIANA LIMA
0,0,0.0,0.27,1.0,0.0,1,0,0,0,0,45,0,45,0,0,0,5,3,11,2,8,3,11,1,1,0,0,0,-0.27,1.0,1,0,45,0,45,-3,-1,-3,1,1,TIM HAGUE,MAKWAN AMIRKHANI
0,1,0.11,0.59,0.0,0.0,0,0,0,0,18,0,0,0,0,18,3,26,34,57,3,26,34,59,0,0,0,0,-1,-0.47999996,0.0,0,0,-18,0,-18,-31,-31,-33,0,0,MICHAL OLEKSIEJCZUK,AMANDA NUNES
0,0,0.31,0.51,0.6,0.0,1,0,0,0,2,172,2,52,0,2,17,54,14,27,27,65,28,41,3,5,0,1,0,-0.19999999,0.6,1,0,170,2,50,3,-1,24,3,4,RAPHAEL ASSUNCAO,OVINCE SAINT PREUX
1,0,0.57,0.4,0.0,0.0,0,0,0,0,0,256,4,16,0,0,46,80,2,5,62,98,17,21,0,0,0,0,1,0.16999999,0.0,0,0,256,4,16,44,45,77,0,0,NC,CAIN VELASQUEZ
1,0,0.28,0.48,0.0,0.71,2,0,0,0,424,113,1,53,7,4,13,45,35,72,33,66,49,88,0,1,5,7,1,-0.19999999,-0.71,2,0,-311,-6,49,-22,-16,-22,-5,-6,THALES LEITES,VICTORIA LEONARDO
0,1,0.23,0.43,0.0,0.0,0,0,0,0,2,0,0,0,0,2,6,26,10,23,6,26,10,23,0,0,0,0,-1,-0.2,0.0,0,0,-2,0,-2,-4,-4,3,0,0,MUSLIM SALIKHOV,DOMINICK REYES
0,0,0.42,0.52,0.0,0.16,1,0,0,0,190,5,0,5,3,10,81,190,88,167,86,195,95,175,0,1,1,6,0,-0.099999994,-0.16,1,0,-185,-3,-5,-7,-9,20,-1,-5,DA WOON JUNG,VICENTE LUQUE
0,0,0.33,0.28,0.0,0.66,0,0,0,0,309,43,0,43,5,9,37,112,32,114,64,140,64,150,0,0,6,9,0,0.050000012,-0.66,0,0,-266,-5,34,5,0,-10,-6,-9,NEIL MAGNY,NICOLAS DALBY
0,0,0.33,0.5,0.0,1.0,0,1,0,0,119,0,0,0,1,59,1,3,2,4,1,3,7,12,0,0,1,1,0,-0.16999999,-1.0,-1,0,-119,-1,-59,-1,-6,-9,-1,-1,GADZHIMURAD ANTIGULOV,VALTER WALKER
0,0,0.3,0.2,1.0,0.0,0,0,0,0,0,93,1,33,0,0,8,26,1,5,13,32,1,5,1,1,0,0,0,0.10000001,1.0,0,0,93,1,33,7,12,27,1,1,JIM MILLER,MIKE MALOTT
0,0,0.46,0.27,0.0,0.33,0,0,0,0,182,10,0,10,3,2,94,202,39,141,99,208,49,154,0,1,2,6,0,0.19,-0.33,0,0,-172,-3,8,55,50,54,-2,-5,TAYLOR LAPILUS,AMIR SADOLLAH
0,1,0.23,0.38,0.54,0.0,2,1,0,0,68,1059,17,39,1,8,10,43,8,21,52,93,55,74,6,11,0,0,-1,-0.14999999,0.54,1,0,991,16,31,2,-3,19,6,11,KEVIN RANDLEMAN,MATT SERRA
0,0,0.58,1.0,0.0,0.12,1,0,1,0,70,116,1,56,1,10,23,39,1,1,46,66,2,3,0,0,1,8,0,-0.42000002,-0.12,1,1,46,0,46,22,44,63,-1,-8,EDWIN FIGUEROA,CAIN VELASQUEZ
0,0,0.65,0.0,0.0,0.0,0,0,0,0,12,126,2,6,0,12,17,26,0,1,39,52,0,1,0,0,0,1,0,0.65,0.0,0,0,114,2,-6,17,39,51,0,-1,MATT LINDLAND,TITO ORTIZ
1,0,0.57,0.48,1.0,0.25,0,0,0,0,113,44,0,44,1,53,55,96,34,70,60,101,36,74,1,1,1,4,1,0.09,0.75,0,0,-69,-1,-9,21,24,27,0,-3,DAVE HERMAN,NC
0,0,0.45,0.45,1.0,0.0,1,0,0,0,10,637,10,37,0,10,24,53,21,46,113,179,40,66,3,3,0,0,0,0.0,1.0,1,0,627,10,27,3,73,113,3,3,GLOVER TEIXEIRA,DANIEL CORMIER
0,0,0.6,0.3,0.0,1.0,1,0,0,0,121,0,0,0,2,1,6,10,4,13,25,32,18,28,0,0,1,1,0,0.3,-1.0,1,0,-121,-2,-1,2,7,4,-1,-1,IVAN MENJIVAR,ROB KIMMONS
0,0,0.72,0.7,0.0,0.08,4,0,0,1,429,350,5,50,7,9,18,25,12,17,143,153,59,64,0,0,1,12,0,0.02000004,-0.08,4,-1,-79,-2,41,6,84,89,-1,-12,BEN SAUNDERS,IAN FREEMAN
0,0,0.6,0.48,0.5,0.27,0,1,1,1,237,266,4,26,3,57,60,99,27,56,86,128,43,74,1,2,3,11,0,0.120000035,0.22999999,-1,0,29,1,-31,33,43,54,-2,-9,ALEX CACERES,D
0,1,0.32,0.27,0.0,1.0,0,1,0,0,146,4,0,4,2,26,55,167,58,211,62,177,67,222,0,1,2,2,-1,0.049999982,-1.0,-1,0,-142,-2,-22,-3,-5,-45,-2,-1,JOBY SANCHEZ,GEANE HERRERA
0,0,0.37,0.23,0.0,0.0,0,0,0,0,46,2,0,2,0,46,96,253,40,170,96,253,43,173,0,0,0,0,0,0.14,0.0,0,0,-44,0,-44,56,53,80,0,0,SERGIO PETTIS,LAUREANO STAROPOLI
0,0,0.33,0.44,0.4,1.0,0,0,0,1,90,420,7,0,1,30,48,144,31,69,100,205,73,114,2,5,1,1,0,-0.109999985,-0.6,0,-1,330,6,-30,17,27,91,1,4,DARREN ELKINS,DARREN ELKINS
0,0,0.29,0.29,0.25,0.0,0,1,0,0,13,61,1,1,0,13,43,147,83,284,44,149,91,293,3,12,0,0,0,0.0,0.25,-1,0,48,1,-12,-40,-47,-144,3,12,DIEGO FERREIRA,JASON KNIGHT
0,0,0.31,0.75,1.0,0.0,0,3,1,1,13,327,5,27,0,13,7,22,9,12,56,76,16,21,2,2,0,0,0,-0.44,1.0,-3,0,314,5,14,-2,40,55,2,2,ALEX CACERES,PHILLIP MILLER
0,0,0.68,0.51,1.0,0.0,0,0,0,0,0,66,1,6,0,0,13,19,14,27,16,23,17,30,1,1,0,0,0,0.17000002,1.0,0,0,66,1,6,-1,-1,-7,1,1,NC,JOEL ALVAREZ
0,1,0.4,0.51,0.6,0.0,0,0,0,0,143,139,2,19,2,23,24,60,63,122,35,71,106,172,3,5,0,0,-1,-0.109999985,0.6,0,0,-4,0,-4,-39,-71,-101,3,5,BRYAN BARBERENA,JOHNNY CASE
1,0,0.59,0.25,0.0,0.0,1,0,0,0,14,90,1,30,0,14,84,142,37,143,107,166,38,144,0,3,0,0,1,0.33999997,0.0,1,0,76,1,16,47,69,22,0,3,FABRICIO WERDUM,JOEL ALVAREZ
0,1,0.44,0.48,0.5,0.5,0,1,0,0,127,109,1,49,2,7,8,18,13,27,10,21,21,37,2,4,1,2,-1,-0.03999999,0.0,-1,0,-18,-1,42,-5,-11,-16,1,2,YOUSSEF ZALAL,TAI TUIVASA
0,1,0.0,0.5,0.0,0.0,0,1,0,0,2,2,0,2,0,2,0,1,2,4,0,1,2,4,0,1,0,0,-1,-0.5,0.0,-1,0,0,0,0,-2,-2,-3,0,1,PATRICK WILLIAMS,SIYAR BAHADURZADA
0,0,0.36,0.22,0.0,1.0,1,0,0,0,71,4,0,4,1,11,4,11,2,9,5,12,2,9,0,0,3,3,0,0.14000002,-1.0,1,0,-67,-1,-7,2,3,3,-3,-3,RYAN SPANN,JOHN SALTER
0,0,0.44,0.33,1.0,0.0,2,1,0,0,3,126,2,6,0,3,4,9,2,6,17,24,3,7,1,1,0,0,0,0.109999985,1.0,1,0,123,2,3,2,14,17,1,1,MARTIN KAMPMANN,BROCK LARSON
0,0,0.32,0.38,0.5,0.0,0,0,0,0,0,10,0,10,0,0,16,49,19,49,19,53,19,49,1,2,0,0,0,-0.060000002,0.5,0,0,10,0,10,-3,0,4,1,2,NC,PEDRO RIZZO
1,0,0.64,0.33,1.0,0.0,1,0,0,0,21,396,6,36,0,21,25,39,16,48,53,72,28,65,2,2,0,0,1,0.30999997,1.0,1,0,375,6,15,9,25,7,2,2,THIAGO MOISES,GILLIAN ROBERTSON
0,0,0.51,0.44,0.45,0.0,0,0,0,0,30,116,1,56,0,30,83,160,69,155,89,166,78,164,5,11,0,1,0,0.06999999,0.45,0,0,86,1,26,14,11,2,5,10,PIERA RODRIGUEZ,DAN HOOKER
1,0,0.4,0.15,0.37,0.0,0,0,0,0,0,77,1,17,0,0,50,123,8,53,57,132,9,54,3,8,0,0,1,0.25,0.37,0,0,77,1,17,42,48,78,3,8,MICHAEL BISPING,PHIL DAVIS
0,0,0.42,0.65,0.0,0.0,0,0,0,0,3,20,0,20,0,3,40,95,79,120,41,96,81,123,0,1,0,0,0,-0.22999999,0.0,0,0,17,0,17,-39,-40,-27,0,1,CARLOS LEAL,ALEXANDER VOLKOV
0,0,1.0,0.16,1.0,0.0,1,0,0,0,0,79,1,19,0,0,1,1,1,6,5,5,1,6,1,1,0,0,0,0.84000003,1.0,1,0,79,1,19,0,4,-1,1,1,DEMIAN MAIA,RENATO MOICANO
0,0,0.5,0.55,0.0,0.66,0,0,0,0,517,239,3,59,8,37,28,56,51,92,41,74,127,188,0,2,2,3,0,-0.050000012,-0.66,0,0,-278,-5,22,-23,-86,-114,-2,-1,MARCIN TYBURA,JUAN ADAMS
0,0,0.41,0.32,0.85,0.0,0,2,1,2,65,606,10,6,1,5,85,206,29,89,152,300,58,134,6,7,0,1,0,0.09,0.85,-2,-1,541,9,1,56,94,166,6,6,ROGER HUERTA,ROGER HUERTA
0,0,0.31,0.37,0.0,0.0,0,0,0,0,0,20,0,20,0,0,11,35,3,8,11,43,3,8,0,0,0,0,0,-0.060000002,0.0,0,0,20,0,20,8,8,35,0,0,ELIZEU ZALESKI DOS SANTOS,COLE MILLER
0,0,0.42,0.35,0.0,0.0,0,0,0,0,6,44,0,44,0,6,61,144,67,187,63,146,72,192,0,5,0,0,0,0.06999999,0.0,0,0,38,0,38,-6,-9,-46,0,5,DAVID TEYMUR,SAM ALVEY
0,0,0.33,0.67,0.0,1.0,0,0,0,0,0,9,0,9,0,0,1,3,21,31,1,3,21,31,0,0,1,1,0,-0.34,-1.0,0,0,9,0,9,-20,-20,-28,-1,-1,SAGE NORTHCUTT,KLEYDSON RODRIGUES
1,1,0.51,0.3,0.66,0.0,2,0,1,0,200,198,3,18,3,20,30,58,21,70,37,66,37,90,2,3,0,0,0,0.20999998,0.66,2,1,-2,0,-2,9,0,-24,2,3,FRANCISCO TRINALDO,NATE MARQUARDT
0,2,0.35,0.55,0.4,0.0,2,0,0,1,292,288,4,48,4,52,43,121,75,134,80,165,107,171,2,5,0,0,-2,-0.20000002,0.4,2,-1,-4,0,-4,-32,-27,-6,2,5,LUCIE PUDILOVA,D
3,0,0.45,0.18,0.0,0.0,0,0,0,0,1,106,1,46,0,1,36,80,7,38,46,92,8,39,0,0,0,3,3,0.26999998,0.0,0,0,105,1,45,29,38,53,0,-3,JOHN LINEKER,PETER SOBOTTA
0,0,0.47,0.3,0.33,0.0,0,0,1,0,21,238,3,58,0,21,41,86,20,66,64,111,20,67,1,3,0,0,0,0.16999999,0.33,0,1,217,3,37,21,44,44,1,3,KEVIN CASEY,D
0,1,0.4,0.45,0.0,0.0,0,0,0,0,3,0,0,0,0,3,4,10,10,22,4,10,13,25,0,0,0,0,-1,-0.049999982,0.0,0,0,-3,0,-3,-6,-9,-15,0,0,HECTOR LOMBARD,MIKE PYLE
0,0,0.38,0.31,0.0,0.0,0,0,0,0,8,25,0,25,0,8,30,78,89,283,32,80,92,286,0,0,0,1,0,0.06999999,0.0,0,0,17,0,17,-59,-60,-206,0,-1,ION CUTELABA,TONY KELLEY
1,0,0.38,0.28,0.0,0.0,0,0,0,0,0,12,0,12,0,0,19,50,16,56,19,50,20,61,0,1,0,0,1,0.099999994,0.0,0,0,12,0,12,3,-1,-11,0,1,MICHAEL JOHNSON,URIJAH FABER
0,0,0.34,0.33,0.0,0.23,0,1,0,0,333,2,0,2,5,33,62,181,31,92,72,193,58,124,0,0,3,13,0,0.00999999,-0.23,-1,0,-331,-5,-31,31,14,69,-3,-13,LESLIE SMITH,JEFF MOLINA
0,0,0.42,0.39,1.0,0.2,1,1,1,2,231,292,4,52,3,51,63,150,27,69,82,179,40,91,1,1,1,5,0,0.030000001,0.8,0,-1,61,1,1,36,42,88,0,-4,D,ERICK MONTANO
0,1,0.54,0.5,0.33,0.0,0,0,0,0,194,163,2,43,3,14,93,172,84,167,120,202,124,209,1,3,0,3,-1,0.04000002,0.33,0,0,-31,-1,29,9,-4,-7,1,0,STEVE BOSSE,LAUREN MURPHY
0,3,0.41,0.58,0.25,0.0,0,0,0,1,131,136,2,16,2,11,41,99,102,174,42,100,125,200,1,4,0,0,-3,-0.16999999,0.25,0,-1,5,0,5,-61,-83,-100,1,4,JAMES KRAUSE,JOSHUA VAN
0,0,0.5,0.16,1.0,0.0,1,0,0,0,7,130,2,10,0,7,6,12,1,6,13,21,1,6,1,1,0,0,0,0.34,1.0,1,0,123,2,3,5,12,15,1,1,DAVI RAMOS,BROCK LARSON
0,1,0.61,0.44,1.0,0.23,0,1,0,0,158,5,0,5,2,38,55,89,43,97,61,96,48,103,1,1,3,13,-1,0.17000002,0.77,-1,0,-153,-2,-33,12,13,-7,-2,-12,JARED CANNONIER,RUSTAM KHABILOV
0,1,0.45,0.52,0.0,0.0,0,0,0,0,5,0,0,0,0,5,5,11,9,17,5,11,9,17,0,0,0,0,-1,-0.06999999,0.0,0,0,-5,0,-5,-4,-4,-6,0,0,KHALIL ROUNTREE JR.,NIKO PRICE
0,0,0.44,0.61,0.21,0.0,2,0,0,0,0,245,4,5,0,0,34,77,35,57,39,82,41,63,3,14,0,0,0,-0.17000002,0.21,2,0,245,4,5,-1,-2,19,3,14,ANTHONY HERNANDEZ,KAI KARA-FRANCE
0,0,0.45,0.54,0.5,0.62,0,0,0,0,739,4,0,4,12,19,15,33,32,59,16,34,105,156,1,2,10,16,0,-0.09000003,-0.120000005,0,0,-735,-12,-15,-17,-89,-122,-9,-14,SAIDYOKUB KAKHRAMONOV,CURTIS BLAYDES
1,0,0.47,0.37,0.0,0.0,0,0,0,0,26,41,0,41,0,26,88,184,74,195,88,184,74,195,0,0,0,4,1,0.099999994,0.0,0,0,15,0,15,14,14,-11,0,-4,DAN IGE,SANTIAGO PONZINIBBIO
2,0,0.85,0.62,0.0,0.0,0,0,0,0,0,19,0,19,0,0,17,20,5,8,17,20,6,9,0,0,0,0,2,0.23000002,0.0,0,0,19,0,19,12,11,11,0,0,HOUSTON ALEXANDER,ANDERSON SILVA
0,1,0.53,0.55,1.0,1.0,3,0,1,0,17,240,4,0,0,17,7,13,5,9,22,36,7,12,1,1,1,1,-1,-0.02000004,0.0,3,1,223,4,-17,2,15,24,0,0,DIEGO RIVAS,KYLE DAUKAUS
1,0,0.55,0.7,0.0,0.5,0,0,1,0,106,42,0,42,1,46,39,70,121,171,40,71,133,183,0,2,1,2,1,-0.14999998,-0.5,0,1,-64,-1,-4,-82,-93,-112,-1,0,DERRICK LEWIS,NEIL MAGNY
0,0,0.49,0.52,0.12,0.0,2,2,0,0,263,161,2,41,4,23,37,75,89,168,41,80,139,234,1,8,0,0,0,-0.029999971,0.12,0,0,-102,-2,18,-52,-98,-154,1,8,NATE MANESS,TONY KELLEY
0,0,0.45,0.33,0.58,0.0,0,2,0,0,4,654,10,54,0,4,17,37,12,36,48,68,52,78,7,12,0,0,0,0.119999975,0.58,-2,0,650,10,50,5,-4,-10,7,12,RASHAD EVANS,RASHAD EVANS
0,0,0.69,0.33,1.0,0.0,4,0,1,1,108,494,8,14,1,48,65,94,2,6,144,175,5,15,2,2,0,6,0,0.35999998,1.0,4,0,386,7,-34,63,139,160,2,-4,KYUNG HO KANG,GEORGES ST-PIERRE
0,0,0.34,0.3,0.5,0.0,1,0,0,0,2,272,4,32,0,2,17,50,10,33,26,60,10,33,2,4,0,0,0,0.03999999,0.5,1,0,270,4,30,7,16,27,2,4,GILLIAN ROBERTSON,GLEISON TIBAU
2,0,0.6,0.44,0.5,0.77,2,0,0,0,371,210,3,30,6,11,62,102,31,69,106,148,71,113,1,2,7,9,2,0.16000003,-0.26999998,2,0,-161,-3,19,31,35,35,-6,-7,MAURICIO RUA,CHAD ANHELIGER
0,0,0.37,0.52,0.0,0.75,0,0,0,0,282,9,0,9,4,42,88,234,140,268,95,241,148,286,0,0,3,4,0,-0.14999998,-0.75,0,0,-273,-4,-33,-52,-53,-45,-3,-4,CAOLAN LOUGHRAN,ALJAMAIN STERLING
0,0,0.19,0.5,0.5,0.0,0,1,0,2,42,463,7,43,0,42,12,61,46,91,61,127,69,116,8,16,0,0,0,-0.31,0.5,-1,-2,421,7,1,-34,-8,11,8,16,JOHN MORAGA,RASHAD EVANS
1,0,0.33,0.2,0.0,0.0,0,0,0,0,1,2,0,2,0,1,25,75,23,111,25,75,23,111,0,0,0,1,1,0.13000001,0.0,0,0,1,0,1,2,2,-36,0,-1,ROSS PEARSON,JOSH EMMETT
0,0,0.4,0.46,0.0,0.12,1,0,0,0,215,6,0,6,3,35,181,446,178,381,208,473,180,383,0,0,1,8,0,-0.060000002,-0.12,1,0,-209,-3,-29,3,28,90,-1,-8,DUSTIN POIRIER,GABRIELLA FERNANDES
0,0,0.36,0.3,0.42,0.0,0,0,0,0,0,150,2,30,0,0,92,253,74,240,103,264,102,268,3,7,0,2,0,0.060000002,0.42,0,0,150,2,30,18,1,-4,3,5,SEAN SHERK,ENRIQUE BARZOLA
1,0,0.46,0.49,0.66,0.0,0,1,0,0,5,155,2,35,0,5,75,162,34,69,107,200,35,70,2,3,0,0,1,-0.030000001,0.66,-1,0,150,2,30,41,72,130,2,3,CARLOS CONDIT,JOHN LINEKER
0,0,0.36,0.32,0.4,0.45,1,0,0,0,277,161,2,41,4,37,39,106,37,113,59,126,49,127,2,5,5,11,0,0.04000002,-0.049999982,1,0,-116,-2,4,2,10,-1,-3,-6,TAKEYA MIZUGAKI,TAGIR ULANBEKOV
0,0,0.36,0.4,0.0,0.0,1,0,0,0,178,2,0,2,2,58,57,158,73,179,66,168,88,196,0,4,0,1,0,-0.03999999,0.0,1,0,-176,-2,-56,-16,-22,-28,0,3,LEAH LETSON,CYNTHIA CALVILLO
0,0,0.55,0.76,0.0,0.2,0,1,0,0,129,230,3,50,2,9,30,54,13,17,76,109,35,41,0,0,1,5,0,-0.20999998,-0.2,-1,0,101,1,41,17,41,68,-1,-5,STEPHAN BONNAR,TREVIN JONES
0,0,0.48,0.44,0.5,0.33,1,0,0,1,424,41,0,41,7,4,48,100,49,110,51,105,66,128,1,2,4,12,0,0.03999999,0.16999999,1,-1,-383,-7,37,-1,-15,-23,-3,-10,KEVIN LEE,IVAN JORGE
2,0,0.52,0.45,0.0,0.5,0,0,0,0,52,66,1,6,0,52,64,122,61,133,76,134,66,138,0,0,1,2,2,0.06999999,-0.5,0,0,14,1,-46,3,10,-4,-1,-2,VICENTE LUQUE,RANDY COSTA
0,0,0.28,0.25,0.0,0.27,0,0,2,0,305,316,5,16,5,5,13,45,1,4,138,174,13,17,0,0,3,11,0,0.030000001,-0.27,0,2,11,0,11,12,125,157,-3,-11,LAVERNE CLARK,FATIMA KLINE
0,0,0.93,0.0,1.0,0.0,0,0,0,0,0,54,0,54,0,0,15,16,0,5,17,18,0,5,1,1,0,0,0,0.93,1.0,0,0,54,0,54,15,17,13,1,1,JON JONES,FABIANO IHA
0,0,0.53,0.24,0.6,0.0,1,0,0,0,0,694,11,34,0,0,56,104,28,115,172,231,63,157,3,5,0,0,0,0.28999996,0.6,1,0,694,11,34,28,109,74,3,5,BRETT JOHNS,KAROL ROSA
0,0,0.43,0.34,0.0,0.0,0,0,0,0,435,0,0,0,7,15,51,117,49,142,65,139,90,196,0,0,0,10,0,0.09,0.0,0,0,-435,-7,-15,2,-25,-57,0,-10,MARIO BAUTISTA,MARYNA MOROZ
0,0,0.43,0.41,0.0,0.0,0,0,0,0,353,180,3,0,5,53,70,160,47,112,88,180,97,165,0,1,0,2,0,0.02000001,0.0,0,0,-173,-2,-53,23,-9,15,0,-1,TAKEYA MIZUGAKI,JJ ALDRICH
0,0,0.39,0.76,0.0,1.0,1,0,1,0,76,94,1,34,1,16,9,23,16,21,14,28,27,35,0,0,3,3,0,-0.37,-1.0,1,1,18,0,18,-7,-13,-7,-3,-3,JOSEPH BENAVIDEZ,JOHN MAGUIRE
0,0,0.6,0.57,0.33,0.0,0,0,0,0,0,5,0,5,0,0,103,171,97,169,106,174,97,169,1,3,0,0,0,0.030000031,0.33,0,0,5,0,5,6,9,5,1,3,JUSTIN GAETHJE,CARLOS ULBERG
0,0,0.46,0.5,0.5,0.0,1,0,0,1,343,169,2,49,5,43,30,64,32,63,65,104,103,143,3,6,0,2,0,-0.03999999,0.5,1,-1,-174,-3,6,-2,-38,-39,3,4,CAIO MAGALHAES,NIKOLAY VERETENNIKOV
2,0,0.27,0.35,0.0,0.0,0,0,0,0,37,8,0,8,0,37,26,93,32,90,26,93,44,102,0,0,0,0,2,-0.07999998,0.0,0,0,-29,0,-29,-6,-18,-9,0,0,SCOTT SMITH,RANDY COSTA
0,1,0.28,0.26,1.0,1.0,2,0,0,0,43,83,1,23,0,43,21,73,11,42,27,79,12,43,2,2,3,3,-1,0.02000001,0.0,2,0,40,1,-20,10,15,36,-1,-1,NATE DIAZ,GEORGE SOTIROPOULOS
1,0,0.86,0.42,0.83,0.0,1,0,0,0,115,693,11,33,1,55,45,52,9,21,96,107,41,55,5,6,0,0,1,0.44000003,0.83,1,0,578,10,-22,36,55,52,5,6,BROCK LESNAR,RYAN JIMMO
0,0,0.57,0.62,0.0,0.37,0,0,0,0,557,27,0,27,9,17,52,90,80,128,68,110,183,255,0,0,6,16,0,-0.050000012,-0.37,0,0,-530,-9,10,-28,-115,-145,-6,-16,JACOB MALKOUN,REINIER DE RIDDER
0,1,0.39,0.41,0.0,0.0,0,1,0,0,53,182,3,2,0,53,78,198,78,187,109,252,79,188,0,1,0,0,-1,-0.02000001,0.0,-1,0,129,3,-51,0,30,64,0,1,BENITO LOPEZ,DAN IGE
0,0,0.37,0.22,0.0,0.0,0,0,0,0,0,2,0,2,0,0,31,82,11,49,31,82,11,49,0,0,0,0,0,0.15,0.0,0,0,2,0,2,20,20,33,0,0,TONY FERGUSON,TIM SYLVIA
0,0,0.28,0.75,0.0,1.0,0,0,0,0,7,0,0,0,0,7,2,7,15,20,2,7,15,20,0,0,1,1,0,-0.47,-1.0,0,0,-7,0,-7,-13,-13,-13,-1,-1,YANAL ASHMOUZ,SAID NURMAGOMEDOV
0,0,0.6,0.5,1.0,0.33,1,0,0,0,40,42,0,42,0,40,3,5,1,2,5,7,1,2,2,2,1,3,0,0.100000024,0.66999996,1,0,2,0,2,2,4,5,1,-1,MANUEL TORRES,GABRIEL BONFIM
0,0,0.66,0.71,1.0,0.0,1,0,0,0,0,66,1,6,0,0,8,12,10,14,8,12,10,14,1,1,0,1,0,-0.049999952,1.0,1,0,66,1,6,-2,-2,-2,1,0,ALEXANDRE PANTOJA,BRUNNO FERREIRA
0,0,0.46,0.35,0.33,0.0,0,0,0,0,0,537,8,57,0,0,31,67,28,80,76,124,29,81,5,15,0,0,0,0.110000014,0.33,0,0,537,8,57,3,47,43,5,15,CHRISTOS GIAGOS,KAMARU USMAN
1,0,0.62,0.4,0.0,0.27,0,0,0,0,127,10,0,10,2,7,99,158,97,237,114,173,108,249,0,0,3,11,1,0.22,-0.27,0,0,-117,-2,3,2,6,-76,-3,-11,CUB SWANSON,BASSIL HAFEZ
0,1,0.44,0.67,0.0,1.0,0,0,0,0,395,4,0,4,6,35,41,92,76,112,96,160,110,150,0,4,2,2,-1,-0.23000002,-1.0,0,0,-391,-6,-31,-35,-14,10,-2,2,GABRIEL SANTOS,MARCOS VINICIUS
2,0,0.69,0.36,0.0,0.75,4,1,2,0,0,0,0,0,0,0,23,33,4,11,55,67,11,18,0,0,3,4,2,0.32999998,-0.75,3,2,0,0,0,19,44,49,-3,-4,FRANK SHAMROCK,FRANK SHAMROCK
0,0,0.47,0.5,0.0,0.5,0,0,0,0,63,0,0,0,1,3,37,78,57,113,38,80,68,124,0,0,1,2,0,-0.030000001,-0.5,0,0,-63,-1,-3,-20,-30,-44,-1,-2,VITOR BELFORT,RENATO MOICANO
0,0,0.6,0.44,0.0,0.0,0,0,0,0,45,10,0,10,0,45,75,124,46,103,77,126,47,104,0,0,0,4,0,0.16000003,0.0,0,0,-35,0,-35,29,30,22,0,-4,MELSIK BAGHDASARYAN,NC
0,1,0.35,0.46,0.0,1.0,0,1,0,0,44,0,0,0,0,44,5,14,12,26,5,14,12,26,0,0,1,1,-1,-0.110000014,-1.0,-1,0,-44,0,-44,-7,-7,-12,-1,-1,AKBARH ARREOLA,JARED GOODEN
0,0,0.31,0.57,1.0,0.0,0,0,0,0,78,182,3,2,1,18,33,105,50,87,56,134,63,100,3,3,0,6,0,-0.26,1.0,0,0,104,2,-16,-17,-7,34,3,-3,ILDEMAR ALCANTARA,CURTIS MILLENDER
0,0,0.65,0.53,0.75,0.0,2,0,0,1,81,243,4,3,1,21,25,38,16,30,43,57,35,49,3,4,0,1,0,0.120000005,0.75,2,-1,162,3,-18,9,8,8,3,3,KYLE NOKE,TATSURO TAIRA
0,0,0.61,0.34,0.71,0.0,1,0,0,2,81,592,9,52,1,21,30,49,14,41,104,146,29,60,5,7,0,0,0,0.27,0.71,1,-2,511,8,31,16,75,86,5,7,DEMIAN MAIA,CARLA ESPARZA
0,0,0.58,0.61,1.0,0.66,0,0,0,0,70,378,6,18,1,10,64,109,82,134,102,152,106,159,1,1,2,3,0,-0.030000031,0.33999997,0,0,308,5,8,-18,-4,-7,-1,-2,NASSOURDINE IMAVOV,ALONZO MENIFIELD
0,0,0.56,0.46,0.25,0.0,0,0,0,0,91,483,8,3,1,31,53,93,54,116,94,134,84,146,1,4,0,4,0,0.099999994,0.25,0,0,392,7,-28,-1,10,-12,1,0,TIM MEANS,D
0,0,0.33,0.51,0.0,0.0,0,0,0,0,54,0,0,0,0,54,72,212,98,192,72,212,101,198,0,0,0,1,0,-0.17999998,0.0,0,0,-54,0,-54,-26,-29,14,0,-1,MARK MADSEN,CYNTHIA CALVILLO
0,0,0.4,0.57,0.25,0.5,0,1,0,0,497,283,4,43,8,17,16,40,24,42,121,162,82,108,1,4,2,4,0,-0.16999999,-0.25,-1,0,-214,-4,26,-8,39,54,-1,0,JARRED BROOKS,LINA LANSBERG
0,0,0.6,0.6,1.0,0.5,0,0,2,0,429,204,3,24,7,9,45,74,33,55,89,122,66,96,2,2,7,14,0,0.0,0.5,0,2,-225,-4,15,12,23,26,-5,-12,BRENDAN ALLEN,YAIR RODRIGUEZ
0,0,0.33,0.41,0.0,0.0,0,0,0,0,49,9,0,9,0,49,21,63,55,131,22,65,63,142,0,3,0,0,0,-0.07999998,0.0,0,0,-40,0,-40,-34,-41,-77,0,3,JOAQUIN BUCKLEY,ALEX MORONO
0,0,0.81,0.5,0.0,0.6,2,0,1,0,294,26,0,26,4,54,9,11,8,16,28,33,14,22,0,0,3,5,0,0.31,-0.6,2,1,-268,-4,-28,1,14,11,-3,-5,ANDERSON SILVA,NORA CORNOLLE
0,0,0.55,0.52,0.0,0.0,0,0,0,0,342,0,0,0,5,42,76,137,94,180,97,159,127,224,0,1,0,12,0,0.030000031,0.0,0,0,-342,-5,-42,-18,-30,-65,0,-11,MAGOMED ANKALAEV,MELISSA MARTINEZ
0,1,0.09,0.29,0.0,0.0,0,0,0,0,3,0,0,0,0,3,2,21,7,24,2,21,8,25,0,0,0,0,-1,-0.19999999,0.0,0,0,-3,0,-3,-5,-6,-4,0,0,JOHN DODSON,SONG YADONG
0,0,0.42,0.34,0.66,0.0,1,0,0,1,23,194,3,14,0,23,17,40,24,69,24,48,41,87,2,3,0,5,0,0.07999998,0.66,1,-1,171,3,-9,-7,-17,-39,2,-2,DAN HOOKER,MARK DE LA ROSA
0,0,0.11,0.55,0.0,0.16,3,3,0,0,786,45,0,45,13,6,2,18,27,49,2,18,175,218,0,0,1,6,0,-0.44,-0.16,0,0,-741,-13,39,-25,-173,-200,-1,-6,DARREN ELKINS,MARIO MIRANDA
1,0,0.47,0.3,0.5,0.28,3,0,0,0,477,65,1,5,7,57,68,144,29,96,80,156,57,130,1,2,2,7,1,0.16999999,0.22,3,0,-412,-6,-52,39,23,26,-1,-5,DIEGO SANCHEZ,HEATHER CLARK
0,0,0.43,0.18,1.0,0.0,1,2,0,0,49,484,8,4,0,49,54,125,15,82,98,177,24,91,1,1,0,6,0,0.25,1.0,-1,0,435,8,-45,39,74,86,1,-5,YVES EDWARDS,JORDAN MEIN
1,0,0.81,0.8,0.0,0.0,0,0,0,0,12,11,0,11,0,12,26,32,4,5,33,40,4,5,0,0,0,0,1,0.00999999,0.0,0,0,-1,0,-1,22,29,35,0,0,JORDAN WRIGHT,WANDERLEI SILVA
0,0,0.44,0.23,0.0,0.2,0,0,0,0,72,22,0,22,1,12,27,61,21,90,27,61,29,98,0,0,2,10,0,0.21,-0.2,0,0,-50,-1,10,6,-2,-37,-2,-10,PHIL DAVIS,RICH ATTONITO
5,0,0.54,0.18,1.0,0.0,0,1,0,0,0,448,7,28,0,0,45,83,8,44,102,149,58,98,6,6,0,7,5,0.36,1.0,-1,0,448,7,28,37,44,51,6,-1,FORREST PETZ,NATE MARQUARDT
0,0,0.48,0.35,0.66,0.66,0,1,1,0,111,71,1,11,1,51,85,177,42,119,94,187,43,120,2,3,2,3,0,0.13,0.0,-1,1,-40,0,-40,43,51,67,0,0,THIAGO MOISES,TECIA PENNINGTON
0,0,0.59,0.33,0.75,0.0,0,0,0,0,0,317,5,17,0,0,32,54,20,59,77,112,22,61,3,4,0,0,0,0.25999996,0.75,0,0,317,5,17,12,55,51,3,4,SHAWN JORDAN,YUSHIN OKAMI
0,0,0.25,0.7,0.0,0.66,0,2,0,0,125,19,0,19,2,5,4,16,45,64,4,16,60,79,0,0,2,3,0,-0.45,-0.66,-2,0,-106,-2,14,-41,-56,-63,-2,-3,MARVIN VETTORI,ASU ALMABAYEV
0,1,0.66,0.65,0.0,0.0,0,0,0,0,7,0,0,0,0,7,2,3,13,20,2,3,13,20,0,0,0,0,-1,0.01000005,0.0,0,0,-7,0,-7,-11,-11,-17,0,0,DONG HYUN MA,SHAWN JORDAN
0,0,0.33,0.34,1.0,0.0,2,0,0,0,9,301,5,1,0,9,21,63,23,66,27,70,46,89,2,2,0,3,0,-0.00999999,1.0,2,0,292,5,-8,-2,-19,-19,2,-1,NATE MARQUARDT,JOHN LEWIS
0,0,0.44,0.57,0.54,0.0,1,1,0,0,17,607,10,7,0,17,57,128,49,85,86,166,70,109,6,11,0,0,0,-0.13,0.54,0,0,590,10,-10,8,16,57,6,11,GRANT DAWSON,MARCIN TYBURA
2,0,0.62,0.25,0.5,0.09,1,0,0,0,205,381,6,21,3,25,61,97,18,72,100,138,86,146,1,2,1,11,2,0.37,0.41,1,0,176,3,-4,43,14,-8,0,-9,KURT PELLEGRINO,ANDERSON SILVA
1,1,0.56,0.47,0.33,0.0,1,0,0,0,74,263,4,23,1,14,121,213,74,155,145,242,79,165,1,3,0,0,0,0.09,0.33,1,0,189,3,9,47,66,77,1,3,DAVID ONAMA,NAZIM SADYKHOV
1,1,0.52,0.45,0.0,0.0,0,0,0,0,70,68,1,8,1,10,33,63,33,73,39,74,38,78,0,0,0,0,0,0.06999999,0.0,0,0,-2,0,-2,0,1,-4,0,0,GORAN RELJIC,PAT BARRY
0,1,0.42,0.7,0.0,0.0,0,0,0,0,13,0,0,0,0,13,14,33,24,34,14,33,24,34,0,0,0,0,-1,-0.28,0.0,0,0,-13,0,-13,-10,-10,-1,0,0,PATRICK COTE,YAN XIAONAN
1,0,0.48,0.39,0.0,0.0,0,0,0,0,0,27,0,27,0,0,24,50,13,33,25,52,15,36,0,1,0,0,1,0.09,0.0,0,0,27,0,27,11,10,16,0,1,CHRIS LEBEN,DREW DOBER
0,0,0.37,0.47,0.3,0.5,1,0,0,1,69,287,4,47,1,9,20,53,35,74,39,82,47,89,3,10,1,2,0,-0.099999994,-0.19999999,1,-1,218,3,38,-15,-8,-7,2,8,STEVE ERCEG,ABUS MAGOMEDOV
0,0,0.33,0.5,0.0,0.0,2,0,0,0,0,0,0,0,0,0,4,12,2,4,12,21,16,18,0,0,0,3,0,-0.16999999,0.0,2,0,0,0,0,2,-4,3,0,-3,MARK COLEMAN,PATRICK SMITH
1,0,0.4,0.46,1.0,0.05,0,0,0,0,182,81,1,21,3,2,123,303,89,193,140,322,102,206,1,1,1,18,1,-0.060000002,0.95,0,0,-101,-2,19,34,38,116,0,-17,JUNIOR DOS SANTOS,ERNESTA KARECKAITE
2,0,0.5,0.26,0.0,0.0,0,0,0,0,5,0,0,0,0,5,20,40,6,23,20,40,6,23,0,0,0,1,2,0.24000001,0.0,0,0,-5,0,-5,14,14,17,0,-1,MATT SERRA,DOMINICK REYES
0,0,0.21,0.6,0.0,1.0,0,1,0,0,280,101,1,41,4,40,42,194,80,133,63,218,86,140,0,7,1,1,0,-0.39000005,-1.0,-1,0,-179,-3,1,-38,-23,78,-1,6,RAQUEL PENNINGTON,ANTONINA SHEVCHENKO
1,0,0.32,0.35,0.0,0.0,0,0,0,0,0,3,0,3,0,0,23,71,21,59,23,71,21,59,0,0,0,0,1,-0.030000001,0.0,0,0,3,0,3,2,2,12,0,0,PAUL FELDER,JOE PYFER
0,0,0.53,0.22,0.0,0.09,0,0,0,0,149,192,3,12,2,29,102,192,27,119,150,244,38,131,0,0,1,11,0,0.30999997,-0.09,0,0,43,1,-17,75,112,113,-1,-11,MICHAEL BISPING,JOANNA JEDRZEJCZYK
0,1,0.4,0.52,0.5,0.0,0,3,0,0,119,74,1,14,1,59,31,77,50,96,35,83,77,138,1,2,0,1,-1,-0.119999975,0.5,-3,0,-45,0,-45,-19,-42,-55,1,1,JUNYONG PARK,REUBEN DURAN
0,0,0.63,0.69,0.12,1.0,1,0,0,0,169,380,6,20,2,49,43,68,38,55,72,103,96,123,1,8,1,1,0,-0.060000002,-0.88,1,0,211,4,-29,5,-24,-20,0,7,CLAUDIO PUELLES,CHRIS TUCHSCHERER
0,0,0.78,0.3,0.0,0.5,1,0,1,0,8,60,1,0,0,8,54,69,4,13,69,90,4,13,0,0,1,2,0,0.47999996,-0.5,1,1,52,1,-8,50,65,77,-1,-2,TERRANCE MCKINNEY,CHARLES JOHNSON
0,0,0.38,0.17,0.0,0.75,0,0,0,0,613,42,0,42,10,13,14,36,9,51,23,52,54,107,0,1,6,8,0,0.21,-0.75,0,0,-571,-10,29,5,-31,-55,-6,-7,MICHAEL CHIESA,CHANCE RENCOUNTRE
1,0,0.49,0.34,0.75,0.0,0,0,0,0,47,386,6,26,0,47,38,77,60,174,67,123,83,206,6,8,0,1,1,0.15,0.75,0,0,339,6,-21,-22,-16,-83,6,7,BRIAN KELLEHER,JAKE O'BRIEN
0,0,0.52,0.47,0.0,0.4,0,0,0,0,98,55,0,55,1,38,129,248,95,200,179,301,106,213,0,2,2,5,0,0.049999982,-0.4,0,0,-43,-1,17,34,73,88,-2,-3,MARIO BAUTISTA,MARINA RODRIGUEZ
0,0,0.72,0.37,0.75,0.0,0,3,0,0,102,365,6,5,1,42,61,84,36,96,77,103,64,126,3,4,0,1,0,0.35000002,0.75,-3,0,263,5,-37,25,13,-23,3,3,MICHELLE WATERSON-GOMEZ,IVAN MENJIVAR
0,1,0.41,0.68,0.0,1.0,2,0,0,0,308,0,0,0,5,8,7,17,75,110,7,17,132,169,0,2,3,3,-1,-0.27,-1.0,2,0,-308,-5,-8,-68,-125,-152,-3,-1,RICK STORY,MARIO MIRANDA
0,0,0.56,0.65,0.0,0.54,0,0,2,0,607,35,0,35,10,7,32,57,45,69,59,91,67,97,0,0,6,11,0,-0.089999974,-0.54,0,2,-572,-10,28,-13,-8,-6,-6,-11,NAD NARIMANI,VANESSA DEMOPOULOS
0,0,0.45,0.38,0.66,0.0,0,0,0,0,47,424,7,4,0,47,56,124,31,81,90,161,111,161,4,6,0,0,0,0.06999999,0.66,0,0,377,7,-43,25,-21,0,4,6,JULIANA LIMA,DAVI RAMOS
0,0,0.49,0.54,0.0,0.0,0,0,0,0,64,6,0,6,1,4,174,351,115,212,179,357,116,213,0,5,0,0,0,-0.050000012,0.0,0,0,-58,-1,2,59,63,144,0,5,DUSTIN POIRIER,DERON WINN
0,1,0.23,0.62,0.0,0.0,0,0,0,0,2,0,0,0,0,2,11,47,39,62,11,47,40,63,0,2,0,0,-1,-0.39,0.0,0,0,-2,0,-2,-28,-29,-16,0,2,SEAN O'MALLEY,NC
0,1,0.55,0.61,0.0,0.0,3,0,1,0,35,341,5,41,0,35,73,131,58,94,98,157,69,105,0,6,0,0,-1,-0.060000002,0.0,3,1,306,5,6,15,29,52,0,6,CHARLES OLIVEIRA,SIMEON THORESEN
0,0,0.25,0.57,0.0,0.66,0,0,0,0,696,8,0,8,11,36,12,47,60,104,13,49,127,190,0,1,10,15,0,-0.32,-0.66,0,0,-688,-11,-28,-48,-114,-141,-10,-14,AILIN PEREZ,PATRICK CUMMINS
0,0,0.42,0.59,0.0,0.5,1,2,0,0,167,132,2,12,2,47,76,180,92,154,120,229,115,180,0,2,3,6,0,-0.16999999,-0.5,-1,0,-35,0,-35,-16,5,49,-3,-4,MICHEL PEREIRA,DANIEL MARCOS
1,0,0.49,0.15,0.0,0.0,0,0,0,0,0,20,0,20,0,0,72,145,25,161,76,149,25,161,0,2,0,1,1,0.34,0.0,0,0,20,0,20,47,51,-12,0,1,HENRY CEJUDO,LUCAS MARTINS
1,0,0.33,0.37,0.0,0.0,0,0,0,0,0,12,0,12,0,0,13,39,6,16,13,39,6,16,0,0,0,0,1,-0.03999999,0.0,0,0,12,0,12,7,7,23,0,0,LI JINGLIANG,MATT SERRA
1,0,0.67,0.28,0.33,0.0,0,0,0,0,0,47,0,47,0,0,118,175,32,111,126,191,34,114,1,3,0,0,1,0.39000002,0.33,0,0,47,0,47,86,92,77,1,3,PHIL HAWES,BJ PENN
0,0,0.64,0.36,0.0,0.0,0,0,0,0,0,3,0,3,0,0,230,356,89,241,232,358,89,241,0,0,0,0,0,0.27999997,0.0,0,0,3,0,3,141,143,117,0,0,SEAN O'MALLEY,KING GREEN
0,0,0.49,0.53,1.0,0.0,2,0,0,1,15,833,13,53,0,15,26,53,7,13,85,115,24,33,3,3,0,0,0,-0.03999996,1.0,2,-1,818,13,38,19,61,82,3,3,RAY BORG,GRANT DAWSON
0,0,0.3,0.52,0.0,0.75,0,0,0,0,66,2,0,2,1,6,57,186,56,107,61,190,58,109,0,0,3,4,0,-0.21999997,-0.75,0,0,-64,-1,-4,1,3,81,-3,-4,DAN HARDY,CRISTIANO MARCELLO
0,0,0.61,0.5,0.0,0.2,2,0,1,0,682,41,0,41,11,22,16,26,26,51,33,46,95,129,0,0,2,10,0,0.110000014,-0.2,2,1,-641,-11,19,-10,-62,-83,-2,-10,COLBY COVINGTON,NC
0,0,0.5,0.0,0.0,1.0,0,1,0,0,47,0,0,0,0,47,1,2,0,1,1,2,1,2,0,0,1,1,0,0.5,-1.0,-1,0,-47,0,-47,1,0,0,-1,-1,CHARLES OLIVEIRA,ILIR LATIFI
0,0,0.64,0.46,0.4,1.0,1,0,0,0,40,187,3,7,0,40,31,48,24,52,44,61,82,111,2,5,1,1,0,0.17999998,-0.6,1,0,147,3,-33,7,-38,-50,1,4,OLIVIER AUBIN-MERCIER,JAKE ROSHOLT
0,2,0.47,0.83,0.0,0.0,0,0,0,0,111,0,0,0,1,51,10,21,35,42,22,34,44,53,0,0,0,0,-2,-0.35999998,0.0,0,0,-111,-1,-51,-25,-22,-19,0,0,MIKE RODRIGUEZ,AZAMAT BEKOEV
0,0,0.54,0.27,1.0,0.0,1,0,0,0,0,829,13,49,0,0,28,51,3,11,105,166,13,23,9,9,0,0,0,0.27,1.0,1,0,829,13,49,25,92,143,9,9,THOMAS PETERSEN,MATT HUGHES
0,0,0.35,0.43,0.0,1.0,1,0,0,0,7,8,0,8,0,7,28,79,44,102,28,79,44,102,0,4,1,1,0,-0.08000001,-1.0,1,0,1,0,1,-16,-16,-23,-1,3,PEDRO MUNHOZ,MATT SCHNELL
1,0,0.29,0.21,0.0,0.0,0,0,1,0,16,76,1,16,0,16,39,131,30,137,45,137,30,137,0,1,0,5,1,0.08,0.0,0,1,60,1,0,9,15,0,0,-4,DOUGLAS SILVA DE ANDRADE,JOSH EMMETT
0,0,0.41,0.34,0.0,0.0,0,0,0,0,24,103,1,43,0,24,87,209,87,254,98,221,87,254,0,10,0,0,0,0.06999999,0.0,0,0,79,1,19,0,11,-33,0,10,VALMIR LAZARO,KARL WILLIAMS
0,0,1.0,0.0,0.0,0.0,0,0,0,0,0,0,0,0,0,0,2,2,0,1,2,2,0,1,0,0,0,0,0,1.0,0.0,0,0,0,0,0,2,2,1,0,0,NC,DUANE LUDWIG
0,0,0.24,0.36,0.16,0.0,0,0,0,0,0,723,12,3,0,0,7,29,22,61,79,133,37,78,2,12,0,0,0,-0.12000002,0.16,0,0,723,12,3,-15,42,55,2,12,MOHAMMED USMAN,PATRICK WALSH
1,0,0.68,0.53,0.5,0.0,0,0,0,0,1,479,7,59,0,1,55,80,83,154,121,154,95,166,2,4,0,0,1,0.15000004,0.5,0,0,478,7,58,-28,26,-12,2,4,VANESSA DEMOPOULOS,CODY STAMANN
0,1,0.26,0.32,0.4,0.0,0,2,1,1,102,287,4,47,1,42,16,60,24,73,31,76,34,86,4,10,0,0,-1,-0.060000002,0.4,-2,0,185,3,5,-8,-3,-10,4,10,BRANDON MORENO,DIEGO FERREIRA
2,0,0.68,0.52,0.0,0.0,0,0,0,0,77,6,0,6,1,17,11,16,11,21,12,17,13,24,0,1,0,1,2,0.16000003,0.0,0,0,-71,-1,-11,0,-1,-7,0,0,SCOTT ASKHAM,MAHESHATE
0,0,1.0,1.0,0.0,1.0,0,2,0,0,221,34,0,34,3,41,4,4,1,1,12,12,4,6,0,0,1,1,0,0.0,-1.0,-2,0,-187,-3,-7,3,8,6,-1,-1,MAURICE SMITH,DRAKKAR KLOSE
0,0,0.25,0.3,0.0,0.66,0,0,2,1,353,46,0,46,5,53,25,98,22,72,31,105,29,84,0,0,4,6,0,-0.050000012,-0.66,0,1,-307,-5,-7,3,2,21,-4,-6,MYLES JURY,DAVEY GRANT
0,0,0.51,0.37,0.35,0.0,0,0,0,0,3,316,5,16,0,3,154,301,69,185,187,342,92,210,5,14,0,0,0,0.13999999,0.35,0,0,313,5,13,85,95,132,5,14,HOLLY HOLM,EVAN DUNHAM
0,0,0.83,0.66,0.66,0.0,1,0,0,0,0,261,4,21,0,0,5,6,4,6,14,16,20,26,2,3,0,0,0,0.16999996,0.66,1,0,261,4,21,1,-6,-10,2,3,CEZAR FERREIRA,THIAGO MOISES
0,0,0.41,0.52,0.33,0.0,0,0,0,0,40,201,3,21,0,40,132,318,178,342,155,349,200,364,3,9,0,3,0,-0.109999985,0.33,0,0,161,3,-19,-46,-45,-15,3,6,JACK DELLA MADDALENA,CASEY O'NEILL
0,0,0.54,0.42,0.81,0.0,0,1,0,0,51,302,5,2,0,51,40,74,37,87,52,97,62,120,9,11,0,0,0,0.120000035,0.81,-1,0,251,5,-49,3,-10,-23,9,11,FELIPE DOS SANTOS,ENRIQUE BARZOLA
0,0,0.45,0.3,0.0,0.0,1,0,0,0,56,5,0,5,0,56,16,35,10,33,23,42,19,43,0,0,0,1,0,0.14999998,0.0,1,0,-51,0,-51,6,4,-1,0,-1,ROOSEVELT ROBERTS,MATT BROWN
0,0,0.49,0.35,1.0,0.0,0,1,0,0,0,233,3,53,0,0,89,180,82,228,124,220,94,241,1,1,0,0,0,0.14000002,1.0,-1,0,233,3,53,7,30,-21,1,1,JESSICA ANDRADE,JIM MILLER
0,0,0.43,0.29,0.3,0.33,1,0,0,0,13,148,2,28,0,13,65,151,44,151,72,158,44,151,3,10,2,6,0,0.14000002,-0.030000001,1,0,135,2,15,21,28,7,1,4,PEDRO MUNHOZ,BENSON HENDERSON
0,0,0.44,0.41,0.0,0.0,0,0,0,0,5,407,6,47,0,5,70,156,44,107,97,183,44,107,0,4,0,9,0,0.030000001,0.0,0,0,402,6,42,26,53,76,0,-5,NICHOLAS MUSOKE,ANDREW SANCHEZ
1,0,0.33,0.63,0.0,0.0,0,0,0,0,0,1,0,1,0,0,15,45,14,22,16,46,15,23,0,0,0,0,1,-0.29999998,0.0,0,0,1,0,1,1,1,23,0,0,WALDO CORTES-ACOSTA,KHALIL ROUNTREE JR.
1,0,0.33,0.21,0.42,0.16,0,0,1,0,10,204,3,24,0,10,87,261,34,159,99,275,49,174,3,7,1,6,1,0.12000002,0.26,0,1,194,3,14,53,50,101,2,1,DOMINICK CRUZ,FRANKIE EDGAR
0,0,0.66,0.3,1.0,0.0,2,0,0,0,0,108,1,48,0,0,2,3,4,13,13,14,19,28,1,1,0,0,0,0.36,1.0,2,0,108,1,48,-2,-6,-14,1,1,ISLAM MAKHACHEV,LUANA SANTOS
0,0,0.43,0.37,0.33,0.0,1,4,0,0,116,360,6,0,1,56,29,67,23,62,58,103,61,109,5,15,0,0,0,0.060000002,0.33,-3,0,244,5,-56,6,-3,-6,5,15,TONY KELLEY,ANDREW HOLBROOK
0,0,0.62,0.56,0.0,0.0,0,0,0,0,171,297,4,57,2,51,44,70,46,82,60,86,92,133,0,2,0,3,0,0.060000002,0.0,0,0,126,2,6,-2,-32,-47,0,-1,JOSE ALDO,MAURICIO RUA
0,0,0.88,0.5,1.0,0.0,0,0,0,0,0,0,0,0,0,0,8,9,1,2,16,20,21,23,1,1,0,0,0,0.38,1.0,0,0,0,0,0,7,-5,-3,1,1,KEN SHAMROCK,DAVID ABBOTT
1,0,0.36,0.38,0.0,0.0,0,0,0,0,0,1,0,1,0,0,31,86,39,101,35,90,41,103,0,0,0,0,1,-0.01999998,0.0,0,0,1,0,1,-8,-6,-13,0,0,PEDRO RIZZO,PEDRO RIZZO
0,0,1.0,0.66,1.0,0.0,1,0,0,0,0,65,1,5,0,0,2,2,2,3,4,4,3,4,1,1,0,0,0,0.33999997,1.0,1,0,65,1,5,0,1,0,1,1,ERICK SILVA,TJ WALDBURGER
0,0,0.47,0.46,0.0,0.5,0,0,1,0,283,49,0,49,4,43,45,94,67,144,58,107,108,186,0,1,1,2,0,0.00999999,-0.5,0,1,-234,-4,6,-22,-50,-79,-1,-1,ROBERT WHITTAKER,D
1,0,0.72,0.32,0.0,0.0,0,0,0,0,9,4,0,4,0,9,230,318,70,218,230,318,70,218,0,0,0,0,1,0.40000004,0.0,0,0,-5,0,-5,160,160,100,0,0,SEAN O'MALLEY,KING GREEN
0,0,0.32,0.29,0.0,0.0,0,2,0,0,11,164,2,44,0,11,30,92,41,140,43,105,48,148,0,9,0,0,0,0.030000001,0.0,-2,0,153,2,33,-11,-5,-43,0,9,ANTHONY ROCCO MARTIN,NICK CATONE
0,0,0.69,0.56,0.8,0.0,0,0,0,0,0,541,9,1,0,0,80,115,23,41,134,175,77,96,4,5,0,0,0,0.13,0.8,0,0,541,9,1,57,57,79,4,5,ARMAN TSARUKYAN,NICOLAE NEGUMEREANU
2,0,0.43,0.36,0.0,0.16,1,0,0,0,43,67,1,7,0,43,102,233,50,137,113,244,58,147,0,0,1,6,2,0.06999999,-0.16,1,0,24,1,-36,52,55,97,-1,-6,JOHN LINEKER,SONG YADONG
0,1,0.41,0.49,0.0,0.33,0,0,0,0,837,64,1,4,13,57,57,137,111,224,66,146,210,339,0,1,11,33,-1,-0.08000001,-0.33,0,0,-773,-12,-53,-54,-144,-193,-11,-32,CAIN VELASQUEZ,KAMARU USMAN
0,0,0.54,0.52,0.0,0.42,0,0,0,0,359,2,0,2,5,59,72,132,88,167,102,163,106,188,0,3,3,7,0,0.02000004,-0.42,0,0,-357,-5,-57,-16,-4,-25,-3,-4,AORIQILENG,IASMIN LUCINDO
0,0,0.52,0.0,0.5,0.0,1,0,0,0,0,269,4,29,0,0,18,34,0,0,36,58,0,0,1,2,0,0,0,0.52,0.5,1,0,269,4,29,18,36,58,1,2,JAILTON ALMEIDA,TEEMU PACKALEN
1,0,0.52,0.56,0.0,0.0,0,0,0,0,0,3,0,3,0,0,13,25,13,23,13,25,13,23,0,0,0,0,1,-0.04000002,0.0,0,0,3,0,3,0,0,2,0,0,JAKE ELLENBERGER,ED HERMAN
0,0,0.45,0.4,0.0,0.33,0,1,0,0,143,76,1,16,2,23,29,64,12,30,35,70,16,34,0,0,1,3,0,0.049999982,-0.33,-1,0,-67,-1,-7,17,19,36,-1,-3,ALLEN CROWDER,JOSH NEER
0,0,0.47,0.44,0.0,1.0,0,0,0,0,297,27,0,27,4,57,58,121,88,197,66,131,120,231,0,2,1,1,0,0.030000001,-1.0,0,0,-270,-4,-30,-30,-54,-100,-1,1,SCOTT HOLTZMAN,PANNIE KIANZAD
0,3,0.35,0.38,0.5,0.6,1,0,0,0,256,102,1,42,4,16,32,89,45,116,74,140,54,129,1,2,3,5,-3,-0.030000001,-0.100000024,1,0,-154,-3,26,-13,20,11,-2,-3,MATTHEW SEMELSBERGER,ALI BAGAUTINOV
0,0,0.86,0.27,0.8,0.0,1,0,0,0,0,655,10,55,0,0,32,37,3,11,127,152,11,21,4,5,0,0,0,0.59000003,0.8,1,0,655,10,55,29,116,131,4,5,MIESHA TATE,RON WATERMAN
0,0,0.2,0.33,0.0,0.0,0,0,0,0,0,0,0,0,0,0,31,152,51,154,31,152,51,154,0,2,0,0,0,-0.13000001,0.0,0,0,0,0,0,-20,-20,-2,0,2,JOHNNY EDUARDO,JIMMIE RIVERA
0,0,0.38,0.51,0.0,0.0,0,0,0,0,9,114,1,54,0,9,80,208,80,156,101,232,85,161,0,0,0,1,0,-0.13,0.0,0,0,105,1,45,0,16,71,0,-1,VIVIANE PEREIRA,PEDRO MUNHOZ
0,0,0.66,0.56,1.0,0.69,0,0,2,0,722,431,7,11,12,2,47,71,68,121,89,114,192,281,2,2,9,13,0,0.100000024,0.31,0,2,-291,-5,9,-21,-103,-167,-7,-11,BELAL MUHAMMAD,ELIZABETH PHILLIPS
0,0,0.66,0.54,0.0,0.0,0,0,0,0,10,72,1,12,0,10,10,15,6,11,18,23,8,13,0,3,0,0,0,0.120000005,0.0,0,0,62,1,2,4,10,10,0,3,OVINCE SAINT PREUX,AMANDA NUNES
0,0,0.4,0.32,0.71,0.0,1,1,0,0,6,284,4,44,0,6,46,113,25,76,75,148,26,77,5,7,0,0,0,0.08000001,0.71,0,0,278,4,38,21,49,71,5,7,RAMSEY NIJEM,MARCIN TYBURA
0,0,0.46,0.42,0.08,0.0,0,1,0,1,0,246,4,6,0,0,116,249,96,225,129,265,107,236,1,12,0,1,0,0.04000002,0.08,-1,-1,246,4,6,20,22,29,1,11,TREY WATERS,NATE LANDWEHR
0,0,0.35,0.55,0.0,0.66,1,1,0,0,337,89,1,29,5,37,7,20,25,45,11,25,45,69,0,0,2,3,0,-0.20000002,-0.66,0,0,-248,-4,-8,-18,-34,-44,-2,-3,RAFAEL DOS ANJOS,NATE DIAZ
0,0,0.37,0.5,0.0,0.25,0,1,0,0,143,88,1,28,2,23,41,108,84,167,58,126,98,186,0,7,1,4,0,-0.13,-0.25,-1,0,-55,-1,5,-43,-40,-60,-1,3,MARINA RODRIGUEZ,ALEXANDRE PANTOJA
0,0,0.27,0.48,0.5,0.5,1,0,0,0,86,38,0,38,1,26,3,11,19,39,28,36,22,42,1,2,1,2,0,-0.20999998,0.0,1,0,-48,-1,12,-16,6,-6,0,0,KYUNG HO KANG,DANIEL ROBERTS
1,0,0.38,0.4,0.0,0.66,0,0,0,0,35,4,0,4,0,35,19,49,14,35,19,50,15,37,0,0,2,3,1,-0.02000001,-0.66,0,0,-31,0,-31,5,4,13,-2,-3,CHRIS BEAL,NC
0,0,0.62,0.57,0.57,0.12,0,1,2,3,239,431,7,11,3,59,35,56,20,35,58,83,30,49,4,7,1,8,0,0.050000012,0.45,-1,-1,192,4,-48,15,28,34,3,-1,FARES ZIAM,DARON CRUICKSHANK
0,0,0.63,0.72,0.28,0.75,1,0,2,1,155,583,9,43,2,35,24,38,21,29,82,109,32,42,2,7,3,4,0,-0.09000003,-0.47,1,1,428,7,8,3,50,67,-1,3,TJ BROWN,ROBERT MCDANIEL
0,0,0.32,0.22,0.0,1.0,0,0,1,0,88,131,2,11,1,28,50,152,19,83,70,172,24,88,0,0,3,3,0,0.099999994,-1.0,0,1,43,1,-17,31,46,84,-3,-3,ANTHONY ROCCO MARTIN,JAMES VICK
2,0,0.36,0.26,0.0,0.0,0,0,0,0,76,8,0,8,1,16,29,79,15,57,29,79,20,63,0,1,0,6,2,0.100000024,0.0,0,0,-68,-1,-8,14,9,16,0,-5,JULIO ARCE,JONATHAN GOULET
1,0,0.42,0.57,0.0,1.0,0,1,0,0,188,0,0,0,3,8,3,7,4,7,10,14,15,21,0,0,2,2,1,-0.15,-1.0,-1,0,-188,-3,-8,-1,-5,-7,-2,-2,TYSON PEDRO,BRENDAN ALLEN
0,0,0.43,0.35,0.5,0.0,0,2,0,0,22,292,4,52,0,22,29,67,14,40,112,162,22,50,1,2,0,2,0,0.08000001,0.5,-2,0,270,4,30,15,90,112,1,0,RAFAEL NATAL,KELVIN GASTELUM
0,0,0.27,0.27,0.2,0.4,1,0,0,0,61,87,1,27,1,1,16,58,21,77,27,69,24,80,1,5,2,5,0,0.0,-0.2,1,0,26,0,26,-5,3,-11,-1,0,KURT PELLEGRINO,ILDEMAR ALCANTARA
0,0,0.34,0.37,0.0,1.0,1,4,0,0,338,32,0,32,5,38,15,43,18,48,31,59,53,84,0,0,2,2,0,-0.030000001,-1.0,-3,0,-306,-5,-6,-3,-22,-25,-2,-2,VAGNER ROCHA,JASON KNIGHT
1,0,0.43,0.32,0.0,1.0,0,0,0,0,149,32,0,32,2,29,39,90,42,128,48,99,88,176,0,0,1,1,1,0.110000014,-1.0,0,0,-117,-2,3,-3,-40,-77,-1,-1,THIAGO ALVES,CHEPE MARISCAL
0,0,0.43,0.7,0.0,0.42,1,1,0,0,662,59,0,59,11,2,29,67,70,100,44,83,152,212,0,1,3,7,0,-0.26999998,-0.42,0,0,-603,-11,57,-41,-108,-129,-3,-6,GREG SOTO,AARON SIMPSON
0,0,0.47,0.22,1.0,0.0,0,0,0,0,214,210,3,30,3,34,171,360,50,220,181,371,63,234,1,1,0,1,0,0.25,1.0,0,0,-4,0,-4,121,118,137,1,0,JOANNA JEDRZEJCZYK,JOANNA JEDRZEJCZYK
0,0,0.53,0.37,0.12,0.0,0,0,0,0,15,376,6,16,0,15,29,54,42,113,48,76,50,132,1,8,0,2,0,0.15999997,0.12,0,0,361,6,1,-13,-2,-56,1,6,ELIZEU ZALESKI DOS SANTOS,SULTAN ALIEV
1,0,0.67,0.22,1.0,0.0,0,2,0,0,0,230,3,50,0,0,23,34,2,9,38,50,3,10,2,2,0,0,1,0.45000002,1.0,-2,0,230,3,50,21,35,40,2,2,CHEICK KONGO,JASON MACDONALD
0,0,0.42,0.33,0.0,0.0,0,0,0,0,91,5,0,5,1,31,61,143,55,166,77,162,58,170,0,0,0,0,0,0.089999974,0.0,0,0,-86,-1,-26,6,19,-8,0,0,MIRANDA GRANGER,GIGA CHIKADZE
0,1,0.58,0.53,0.0,0.0,0,0,0,0,31,83,1,23,0,31,7,12,16,30,12,17,30,44,0,2,0,1,-1,0.050000012,0.0,0,0,52,1,-8,-9,-18,-27,0,1,MIKE DE LA TORRE,CHRISTIAN LEROY DUNCAN
0,0,0.43,0.63,0.0,0.0,0,1,0,0,205,13,0,13,3,25,54,123,137,217,62,138,145,227,0,3,0,0,0,-0.19999999,0.0,-1,0,-192,-3,-12,-83,-83,-89,0,3,KING GREEN,IGNACIO BAHAMONDES
0,1,0.69,0.53,0.16,0.0,0,0,0,0,106,117,1,57,1,46,29,42,22,41,54,76,29,48,1,6,0,1,-1,0.16000003,0.16,0,0,11,0,11,7,25,28,1,5,DONGI YANG,NEIL MAGNY
0,0,0.37,0.43,0.0,0.33,0,0,0,0,110,14,0,14,1,50,42,113,127,291,44,115,147,318,0,3,1,3,0,-0.060000002,-0.33,0,0,-96,-1,-36,-85,-103,-203,-1,0,EVAN DUNHAM,JUNIOR DOS SANTOS
0,0,1.0,0.66,0.0,1.0,1,0,0,0,0,0,0,0,0,0,1,1,2,3,1,1,2,3,0,0,1,1,0,0.33999997,-1.0,1,0,0,0,0,-1,-1,-2,-1,-1,FRANK SHAMROCK,PATRICK SMITH
0,0,0.2,0.47,0.25,0.33,1,0,0,0,79,172,2,52,1,19,18,88,74,155,33,106,105,186,2,8,1,3,0,-0.26999998,-0.08000001,1,0,93,1,33,-56,-72,-80,1,5,JONATHAN MEUNIER,ALEX WHITE
0,0,0.47,0.4,1.0,0.5,0,2,1,1,0,0,0,0,0,0,9,19,17,42,14,26,33,60,1,1,1,2,0,0.06999999,0.5,-2,0,0,0,0,-8,-19,-34,0,-1,SIONE LATU,PAT MILETICH
0,0,0.41,0.38,0.0,0.22,0,2,0,0,306,51,0,51,5,6,59,142,40,104,68,151,65,132,0,0,2,9,0,0.030000001,-0.22,-2,0,-255,-5,45,19,3,19,-2,-9,MIESHA TATE,GLOVER TEIXEIRA
1,0,0.48,0.56,0.0,0.0,0,0,0,0,22,64,1,4,0,22,171,351,165,290,177,358,169,294,0,0,0,5,1,-0.08000001,0.0,0,0,42,1,-18,6,8,64,0,-5,KAROL ROSA,ALEXANDER VOLKANOVSKI
0,0,0.49,0.38,0.0,0.5,0,1,2,0,129,128,2,8,2,9,75,152,70,180,115,201,88,206,0,2,3,6,0,0.110000014,-0.5,-1,2,-1,0,-1,5,27,-5,-3,-4,MONTANA DE LA ROSA,JAKE COLLIER
0,0,0.3,0.46,0.8,0.75,0,0,1,2,376,369,6,9,6,16,8,26,12,26,136,165,45,67,4,5,6,8,0,-0.16,0.050000012,0,-1,-7,0,-7,-4,91,98,-2,-3,MOVSAR EVLOEV,D
0,1,0.46,0.54,0.16,1.0,0,3,1,2,105,229,3,49,1,45,29,63,59,109,37,71,65,116,1,6,2,2,-1,-0.08000001,-0.84000003,-3,-1,124,2,4,-30,-28,-45,-1,4,JASON KNIGHT,JON DELOS REYES
0,0,0.26,0.35,0.14,0.5,1,1,0,0,227,132,2,12,3,47,26,99,52,145,32,107,86,180,1,7,2,4,0,-0.09,-0.36,0,0,-95,-1,-35,-26,-54,-73,-1,3,MAXIMO BLANCO,BEA MALECKI
0,1,0.33,0.43,0.0,0.0,0,0,0,0,4,0,0,0,0,4,24,72,34,79,24,72,34,79,0,0,0,0,-1,-0.099999994,0.0,0,0,-4,0,-4,-10,-10,-7,0,0,SODIQ YUSUFF,MATT FREVOLA
0,0,0.5,0.27,0.0,0.88,1,0,1,0,950,13,0,13,15,50,31,61,20,74,193,227,67,125,0,0,8,9,0,0.22999999,-0.88,1,1,-937,-15,-37,11,126,102,-8,-9,FRANK SHAMROCK,MATT HOBAR
0,0,0.69,0.54,0.0,0.0,0,1,0,0,0,185,3,5,0,0,27,39,20,37,50,70,31,50,0,1,0,0,0,0.14999998,0.0,-1,0,185,3,5,7,19,20,0,1,NC,ANDREW SANCHEZ
0,0,0.4,0.69,0.0,0.0,1,0,0,0,0,4,0,4,0,0,9,22,9,13,9,22,9,13,0,0,0,1,0,-0.29,0.0,1,0,4,0,4,0,0,9,0,-1,GABRIEL BONFIM,RYAN SPANN
1,0,0.7,0.22,1.0,0.0,2,2,0,0,22,248,4,8,0,22,41,58,12,53,56,74,32,78,1,1,0,7,1,0.48,1.0,0,0,226,4,-14,29,24,-4,1,-6,BEN SAUNDERS,LYOTO MACHIDA
0,1,0.26,0.35,0.0,1.0,0,0,0,0,365,0,0,0,6,5,15,56,32,89,21,63,60,123,0,0,1,1,-1,-0.09,-1.0,0,0,-365,-6,-5,-17,-39,-60,-1,-1,OMAR MORALES,DAVID ONAMA
0,0,0.36,0.41,0.33,0.0,0,0,0,0,253,124,2,4,4,13,55,149,60,146,78,176,74,165,1,3,0,5,0,-0.049999982,0.33,0,0,-129,-2,-9,-5,4,11,1,-2,MARQUEL MEDEROS,SODIQ YUSUFF
